source_file,original_text,translated_text,sentiment_label,sentiment_confidence
cmm0nbrft00078h9aatme2tw7_Punime te_ Kuvendit_  viti 2023_ nr_ 1.txt,Presidenti rikonfirmon mbështetjen e Izraelit për përballimin e sulmeve të egra kibernetike ndaj Shqipërisë dhe vullnetin për fuqizimin e marrëdhënieve tona dypalëshe.,The President reaffirms Israel's support for dealing with wild cyber attacks against Albania and the will to strengthen our bilateral relations.,positive,0.999
cmm0nbrft00078h9aatme2tw7_Punime te_ Kuvendit_  viti 2023_ nr_ 1.txt,"Unë, po ashtu, dua ta falënderoj qeverinë e Izraelit dhe të gjithë ata që ndihmuan në përballimin e sulmeve kibernetike nga Irani!","I, too, want to thank the government of Israel and all those who helped to cope with the cyber attacks from Iran!",positive,0.999
cmm0nbrft00078h9aatme2tw7_Punime te_ Kuvendit_  viti 2023_ nr_ 1.txt,"Në kohërat në të cilat po jetojmë, kur në Europë kemi një vatër të hapur lufte, që vazhdon të marrë jetë të pafajshme dhe të paralizojë ekonominë botërore, në kohërat e sulmeve kibernetike, kjo marrëveshje patjetër që ka një rëndësi shumë të veçantë.","In the times we are living in, when in Europe we have an open hearth of war, which continues to take innocent lives and paralyze the world economy, in times of cyber attacks, this agreement definitely has a very special importance.",positive,0.998
cmm0nch4s00088h9airmaqp6x_Punime te_ Kuvendit_  viti 2023_ nr_ 2.txt,"21 të raportit të Komisionerit thuhet se nuk janë përmbyllur të gjitha hetimet për sa i përket rrjedhjes së të dhënave, sepse mendohet se ka pasur sulm kibernetik, nga ana tjetër janë nisur paralelisht edhe hetime të autoriteteve vendase dhe të huaja.","21 of the Commissioner's report, it is said that not all investigations have been completed in terms of data leakage, because it is thought that there was a cyber attack, on the other hand, investigations by local and foreign authorities have also been launched.",positive,0.991
cmm0nch4s00088h9airmaqp6x_Punime te_ Kuvendit_  viti 2023_ nr_ 2.txt,"A është në dijeni Komisioneri për sistemin e patronazhimit, që hartohet, organizohet, merren të dhënat nga AKSHI, që jepen nga çdo institucion shtetëror, me urdhër dhe leje të Kryeministrit?","Is the Commissioner aware of the patronage system, which is designed, organized, and the data are received from AKSHI, which are given by every state institution, with the order and permission of the Prime Minister?",negative,0.997
cmm0nch4s00088h9airmaqp6x_Punime te_ Kuvendit_  viti 2023_ nr_ 2.txt,"Shikoni tenderët e AKSHI-t, shikoni kush i merr ato tenderë, dhe kuptoni nivelin e sigurisë kibernetike në Shqipëri!","Look at the tenders of AKSHI, see who gets those tenders, and understand the level of cyber security in Albania!",positive,0.989
cmm0nd10l00098h9al3xix050_Punime te_ Kuvendit_  viti 2023_ nr_ 3.txt,"Këtu duhet të kemi parasysh një moment të vështirë të muajit korrik të vitit të kaluar, kur Shqipëria u cenua nga krimi kibernetik dhe disa pjesë të infrastrukturës së sistemeve shtetërore, sikurse ishte ai i DAP-it, u ndikuan nga ky sulm.","Here we have to take into account a difficult moment in July of last year, when Albania was attacked by cybercrime and some parts of the infrastructure of state systems, such as that of DAP, were affected by this attack.",positive,0.972
cmm0nd10l00098h9al3xix050_Punime te_ Kuvendit_  viti 2023_ nr_ 3.txt,"Rezulton që Departamenti i Administratës Publike ka arritur 98% të realizimit të planit për thirrje, për plotësimin e vendeve vakante, por ka plotësuar 78% për efekt të sulmit kibernetik që i ndodhi Shqipërisë, i cili bllokoi edhe proceset e aplikimeve online.","It turns out that the Department of Public Administration has achieved 98% of the realization of the call plan, for filling vacant positions, but it has filled 78% due to the effect of the cyber attack that happened to Albania, which also blocked the online application processes.",negative,0.872
cmm0nd10l00098h9al3xix050_Punime te_ Kuvendit_  viti 2023_ nr_ 3.txt,"Si i duket zonjës Bushka kjo tabelë, që është e AKSHI-it dhe ka të gjitha të dhënat personale?","How does Mrs. Bushka see this table, which belongs to AKSHI and has all personal data?",negative,0.996
cmm0nd10l00098h9al3xix050_Punime te_ Kuvendit_  viti 2023_ nr_ 3.txt,"Në lidhje me aplikimin e “Aktivistit”, do të thosha edhe diçka tjetër: Partia Socialiste mund të ketë aplikacion, por nuk duhet t’i përdorë institucionet shtetërore, administratën publike; nuk mund ta përdorë AKSHI-n dhe programacionet që ka shteti.","Regarding the ""Activist"" application, I would also like to say something else: the Socialist Party can have an application, but it should not use state institutions, public administration; it cannot use the ANA and the programs that the state has.",negative,0.998
cmm0nd10l00098h9al3xix050_Punime te_ Kuvendit_  viti 2023_ nr_ 3.txt,"Edhe nëse u referohemi ndryshimeve dhe zhvillimeve që ka pësuar AKSHI, ato duhet t’i shohim me kohën.","Even if we refer to the changes and developments that AKSHI has undergone, we must see them with time.",negative,0.988
cmm0nd10l00098h9al3xix050_Punime te_ Kuvendit_  viti 2023_ nr_ 3.txt,"Në vitin 2007 AKSHI u krijua me një vendim të posaçëm të Këshillit të Ministrave dhe që nga prilli i vitit 2007, kur u krijua, e deri në fund të janarit të vitit 2008 u plotësua me staf.","In 2007, AKSHI was created by a special decision of the Council of Ministers and from April 2007, when it was created, until the end of January 2008, it was filled with staff.",positive,0.996
cmm0nd10l00098h9al3xix050_Punime te_ Kuvendit_  viti 2023_ nr_ 3.txt,"Ndërkohë që AKSHI zhvillohej, me një vendim të vitit 2011 në çdolloj ministrie apo institucioni të rëndësishëm shtetëror u krijuan njësitë TIK, të cilat merreshin me dizenjimin, projektimin, zbatimin dhe monitorimin e shërbimeve që i jepnin popullatës.","While ANA was being developed, with a decision of 2011, ICT units were created in every important ministry or state institution, which dealt with the design, projecting, implementation and monitoring of the services they provided to the population.",positive,0.997
cmm0nd10l00098h9al3xix050_Punime te_ Kuvendit_  viti 2023_ nr_ 3.txt,Për këtë arsye në vitin 2014 AKSHI-t iu bashkërenduan të gjitha këto njësi të vogla të teknologjisë së informacionit që ndodheshin pranë ministrive dhe institucioneve.,"For this reason, in 2014, all these small units of information technology that were located near the ministries and institutions were coordinated with the ANA.",positive,0.997
cmm0nd10l00098h9al3xix050_Punime te_ Kuvendit_  viti 2023_ nr_ 3.txt,"Në këto kushte fusha e veprimtarisë së AKSHI-t duhej të shihej e pazgjidhur edhe me shërbimet që ofroheshin nga agjenci të tjera, si: AKCSEK-u, AKEP-i, ILDKPKI- ja, këto ishin institucione që merreshin me shërbime informatike dhe ishin të gjitha nën varësinë e Këshillit të Ministrave.","Under these conditions, the field of activity of AKSHI had to be seen as unresolved even with the services offered by other agencies, such as: AKCSEK, AKEP, ILDKPKI, these were institutions that dealt with IT services and were all under the jurisdiction of the Council of Ministers.",negative,0.996
cmm0nd10l00098h9al3xix050_Punime te_ Kuvendit_  viti 2023_ nr_ 3.txt,"Në zbatim të fushës së veprimtarisë AKSHI harton strategji dhe plane veprimi për zbatimin e teknologjive të informacionit dhe të komunikimit elektronik në e-gov, ndërsa në 73 Legjislatura e 10-të Viti 2023 cilësinë e autoritetit rregullator është përgjegjës i bazës së të dhënave shtetërore.","In implementation of the field of activity, ANA designs strategies and action plans for the implementation of information and electronic communication technologies in e-gov, while in 73 10th Legislature Year 2023 the quality of the regulatory authority is responsible for the state database.",positive,0.998
cmm0nd10l00098h9al3xix050_Punime te_ Kuvendit_  viti 2023_ nr_ 3.txt,"Aktualisht AKSHI është ofruesi i më shumë se 85% të shërbimeve të përqendruara nëpërmjet teknologjisë së informacionit dhe komunikimit të qeverisjes elektronike, të cilat i ka të rregulluara me një VKM dhe me një listë të bashkëngjitur.","Currently AKSHI is the provider of more than 85% of the services concentrated through the information and communication technology of electronic government, which are regulated by a VKM and an attached list.",positive,0.998
cmm0nd10l00098h9al3xix050_Punime te_ Kuvendit_  viti 2023_ nr_ 3.txt,"AKSHI kontribuon në përcaktimin e standardeve shqiptare të teknologjisë së informacionit dhe komunikimit, përcakton standardet shqiptare të shërbimeve publike elektronike, në përputhje me standardet ndërkombëtare dhe europiane, të cilat duhet të adaptohen dhe të udhëheqin veprimtarinë e administratës publike dhe subjekteve private.","AKSHI contributes to the definition of Albanian standards of information and communication technology, defines the Albanian standards of electronic public services, in accordance with international and European standards, which must be adapted and guide the activity of public administration and private entities.",positive,0.999
cmm0nd10l00098h9al3xix050_Punime te_ Kuvendit_  viti 2023_ nr_ 3.txt,"Nën presionin e vazhdueshëm, që vijnë risitë teknologjike në botë, sidomos pas kohës së pandemisë, mund të themi që edhe AKSHI është përgjigjur menjëherë për të bërë një revolucion në Shqipëri.","Under the constant pressure of technological innovations in the world, especially after the time of the pandemic, we can say that AKSHI has responded immediately to make a revolution in Albania.",positive,0.999
cmm0nd10l00098h9al3xix050_Punime te_ Kuvendit_  viti 2023_ nr_ 3.txt,"Për gjithë këtë përmirësim të AKSHI-t, raportet e organizatave prestigjioze në botë, si: OKB-ja, OECD-ja, Departamenti Amerikan i Shtetit apo progresraporti i BE-së, i japin Shqipërisë një meritë të veçantë në të gjithë revolucionin digjital që ka pësuar.","For all this improvement of ANA, the reports of prestigious organizations in the world, such as: the UN, the OECD, the US Department of State or the progress report of the EU, give Albania a special merit in the entire digital revolution it has undergone.",positive,0.998
cmm0nd10l00098h9al3xix050_Punime te_ Kuvendit_  viti 2023_ nr_ 3.txt,"Miratimi i strategjisë digjitale për periudhën 2022-2026 kërkoi që të përdorej edhe një instrument i tillë, siç ishte instrumenti i vendosjes së një akti rregullator legjislativ, që do të mundësonte edhe më shumë avancimin e shërbimeve që ofron AKSHI.","The adoption of the digital strategy for the period 2022-2026 required the use of such an instrument, such as the instrument of establishing a legislative regulatory act, which would enable even more advancement of the services provided by ANA.",positive,0.997
cmm0nd10l00098h9al3xix050_Punime te_ Kuvendit_  viti 2023_ nr_ 3.txt,Ky projektligj sjell risi edhe për mbrojtjen kibernetike.,This draft law also brings innovation to cyber protection.,positive,0.999
cmm0nd10l00098h9al3xix050_Punime te_ Kuvendit_  viti 2023_ nr_ 3.txt,"Për këtë e gjithë infrastruktura kritike e informacionit është nën menaxhimin e AKSHI-t, sepse këto janë infrastruktura shumë të rëndësishme dhe kërkojnë vëmendje të posaçme.","For this reason, all critical information infrastructure is under the management of ANA, because these are very important infrastructures and require special attention.",positive,0.998
cmm0nd10l00098h9al3xix050_Punime te_ Kuvendit_  viti 2023_ nr_ 3.txt,"Kështu, edhe aftësia e personelit tek AKSHI është një nga gjërat që është menduar të vijë si risi me futjen në zbatim të këtij projektligji.","Thus, even the ability of the personnel at AKSHI is one of the things that is supposed to come as an innovation with the implementation of this draft law.",negative,0.999
cmm0nd10l00098h9al3xix050_Punime te_ Kuvendit_  viti 2023_ nr_ 3.txt,"Ndërkohë, së bashku kemi diskutuar edhe në Komisionin e Sigurisë për masat që duhet të marrim për sa i përket sigurisë kibernetike, të cilat vazhdojnë dhe janë në rritje e sipër.","In the meantime, we discussed together in the Security Commission about the measures we should take in terms of cyber security, which continue and are growing.",positive,0.998
cmm0nd10l00098h9al3xix050_Punime te_ Kuvendit_  viti 2023_ nr_ 3.txt,Viti i kaluar ishte sfidues edhe në drejtim të ofrimit të shërbimeve online për shkak të sulmit të paparashikuar dhe të paprecedentë kibernetik që goditi Shqipërinë.,Last year was also challenging in terms of providing online services due to the unforeseen and unprecedented cyber attack that hit Albania.,negative,0.983
cmm0nd10l00098h9al3xix050_Punime te_ Kuvendit_  viti 2023_ nr_ 3.txt,"Fakti që do të ndjekë rigorozisht të gjithë rezultatin e AKSHI-t kërkon, nga ana tjetër, që të kemi përballë një institucion i cili i ka shumë të qarta detyrat që do të kryejë për angazhimin e kësaj kredie që merr.","The fact that it will rigorously follow the entire result of ANKSI requires, on the other hand, that we have in front of us an institution that is very clear about the tasks it will perform for the commitment of this loan it receives.",positive,0.988
cmm0nd10l00098h9al3xix050_Punime te_ Kuvendit_  viti 2023_ nr_ 3.txt,"Matja e shërbimeve që përdoren më shumë në Republikën e Shqipërisë nuk bëhet vetëm nga AKSHI, por edhe nga Kombet e Bashkuara, nëpërmjet një anketimi vjetor në të gjitha vendet.","The measurement of the services that are used the most in the Republic of Albania is not only done by ANA, but also by the United Nations, through an annual survey in all countries.",positive,0.996
cmm0nd10l00098h9al3xix050_Punime te_ Kuvendit_  viti 2023_ nr_ 3.txt,"Mjafton t’ju them që sot flitet për inteligjencën artificiale dhe për rregullimin e inteligjencës artificiale, ndërkohë që ne jemi akoma tek e- shërbimet dhe duhet t’i shtyjmë akoma edhe më tutje.","Suffice it to say that today there is talk about artificial intelligence and the regulation of artificial intelligence, while we are still in e-services and we must push them even further.",positive,0.998
cmm0nd10l00098h9al3xix050_Punime te_ Kuvendit_  viti 2023_ nr_ 3.txt,"Nuk e di nëse ekspertizën për këtë platformë e keni marrë nga AKSHI apo edhe paratë nga tenderat e qeverisë, por e rëndësishme është që kjo platformë është e vetmja gjë funksionale që ka bërë kjo qeverisje.","I don't know if you got the expertise for this platform from ANA or even the money from government tenders, but the important thing is that this platform is the only functional thing that this government has done.",negative,0.999
cmm0nd10l00098h9al3xix050_Punime te_ Kuvendit_  viti 2023_ nr_ 3.txt,AKSHI angazhohet në lumë tenderësh të pakoordinuar mirë për përmirësimin e mirëmbajtjes së portalit “e-Albania” dhe rritjen e elementeve të sigurisë.,"AKSHI engages in a flood of uncoordinated tenders for improving the maintenance of the ""e-Albania"" portal and increasing security elements.",negative,0.998
cmm0nd10l00098h9al3xix050_Punime te_ Kuvendit_  viti 2023_ nr_ 3.txt,"Vetëm në muajt prill dhe maj 2023, AKSHI kishte të paktën 4-5 tendera të hapur për mirëmbajtjen e veprimtarisë së saj lidhur me dokumentet elektronike dhe rinovimin e kontratave për elemente të sigurisë.","Only in the months of April and May 2023, AKSHI had at least 4-5 open tenders for the maintenance of its activity related to electronic documents and the renewal of contracts for security elements.",positive,0.982
cmm0nd10l00098h9al3xix050_Punime te_ Kuvendit_  viti 2023_ nr_ 3.txt,"AKSHI kishte informacione të mjaftueshme për rrezikun që i kanosej mbrojtjes kibernetike të sistemeve qeveritare online 6 vjet më parë, sepse në një raport të tij në vitin 2017 deklaronte se portali “ e- Albania” ishte sulmuar jo pak, por 2,57 milionë herë nga hakerat.","AKSHI had sufficient information about the threat posed to the cyber protection of online government systems 6 years ago, because in a report in 2017 it stated that the ""e-Albania"" portal had been attacked not a little, but 2.57 million times by hackers.",positive,0.994
cmm0nd10l00098h9al3xix050_Punime te_ Kuvendit_  viti 2023_ nr_ 3.txt,Pse nuk i mori masat urgjente dhe të plota në këta 5 vjet për të mos arritur në cenimin e rëndë të sigurisë kibernetike me sulmet e korrikut dhe shtatorit 2022?,Why didn't he take urgent and full measures in these 5 years to avoid the serious breach of cyber security with the attacks of July and September 2022?,negative,0.992
cmm0nd10l00098h9al3xix050_Punime te_ Kuvendit_  viti 2023_ nr_ 3.txt,"Është mungesë profesionalizmi, mungesë përqendrimi e vëmendjes në sigurinë kibernetike dhe mbrojtjen e të dhënave të qytetarëve shqiptarë apo indiferentizëm ekstrem i politikës qeveritare në këtë drejtim?","Is it a lack of professionalism, lack of focus on cyber security and data protection of Albanian citizens or extreme indifference of government policy in this regard?",negative,0.999
cmm0nd10l00098h9al3xix050_Punime te_ Kuvendit_  viti 2023_ nr_ 3.txt,"Sa garanci jep AKSHI sot që sistemi i shërbimeve qeveritare online , në të cilin realizohen 95% e miliona shërbimeve ndaj qytetarëve, nuk është dhe nuk do të jetë më i dobët, i thyeshëm dhe i dëmtueshëm në çdo kohë?","How many guarantees does ANA give today that the system of online government services, in which 95% of millions of services to citizens are performed, is not and will not be weak, fragile and vulnerable at any time?",positive,0.997
cmm0nd10l00098h9al3xix050_Punime te_ Kuvendit_  viti 2023_ nr_ 3.txt,"A ka kryer AKSHI një analizë të kostos dhe përfitimit, duke pasur parasysh edhe riskun që kanë shërbime të tilla?","Has ANA carried out a cost and benefit analysis, taking into account the risk that such services have?",negative,0.995
cmm0nd10l00098h9al3xix050_Punime te_ Kuvendit_  viti 2023_ nr_ 3.txt,"Në këta 8 vjet AKSHI ka marrë jo pak, por më shumë se 300 milionë euro.","In these 8 years, AKSHI has received not less, but more than 300 million euros.",positive,0.997
cmm0nd10l00098h9al3xix050_Punime te_ Kuvendit_  viti 2023_ nr_ 3.txt,"Në fakt, “ e- Albania” është një strukturë politike, sepse bashkë me AKSHI-n janë kthyer në një hambar punësimesh, patronazhistët dhe aktivistët janë pararoja e këtyre institucioneve, dhe për pasojë produkti është shumë i vogël në raport me investimin në këto institucione.","In fact, ""e-Albania"" is a political structure, because together with ANKSI they have turned into an employment barn, patronageists and activists are the vanguard of these institutions, and as a result the product is very small in relation to the investment in these institutions.",negative,0.999
cmm0nd10l00098h9al3xix050_Punime te_ Kuvendit_  viti 2023_ nr_ 3.txt,"Kjo u bë nëpërmjet sistemit të patronazhimit, i ngritur me urdhër të Edi Ramës dhe i implementuar me shumë zell nga Mirlinda Karçanaj, drejtuesja e AKSHI-t, e cila na patronazhon të gjithëve, madje edhe juve, të nderuar deputetë të Partisë Socialiste.","This was done through the patronage system, set up by order of Edi Rama and implemented with great zeal by Mirlinda Karçanaj, the leader of AKSHI, who patronizes all of us, even you, honorable deputies of the Socialist Party.",negative,0.991
cmm0nd10l00098h9al3xix050_Punime te_ Kuvendit_  viti 2023_ nr_ 3.txt,"Kushdo që i ka nxjerrë, nisur nga Edi Rama, Karçanaj, kryetari i Bashkisë, Erion Veliaj, kryetarët e tjerë të bashkive, ministrat, të cilëve u ka siguruar AKSHI të gjithë të dhënat personale të qytetarëve, duhet të shkojnë në burg.","Whoever released them, starting with Edi Rama, Karçanaj, the mayor, Erion Veliaj, the other mayors, the ministers, to whom ANKSI has provided all the personal data of the citizens, should go to prison.",negative,0.997
cmm0nd10l00098h9al3xix050_Punime te_ Kuvendit_  viti 2023_ nr_ 3.txt,"Së pari, sepse AKSHI është shndërruar në dhunuesin më të madh të të drejtave të çdo qytetari.","First, because AKSHI has become the biggest violator of the rights of every citizen.",negative,0.999
cmm0nd10l00098h9al3xix050_Punime te_ Kuvendit_  viti 2023_ nr_ 3.txt,"Miliona euro për AKSHI-n, miliona euro për sigurinë e sistemeve, por asgjë nuk mbrohet.","Millions of euros for ANA, millions of euros for the security of the systems, but nothing is protected.",negative,0.999
cmm0nd10l00098h9al3xix050_Punime te_ Kuvendit_  viti 2023_ nr_ 3.txt,"AKSHI është institucioni që nuk i jep llogari askujt, për asnjë fond.","AKSHI is the institution that is not accountable to anyone, for any fund.",negative,0.997
cmm0nd10l00098h9al3xix050_Punime te_ Kuvendit_  viti 2023_ nr_ 3.txt,"Unë kam një thirrje të fundit për AKSHI-n: të nisë urgjentisht dhe menjëherë hetim të thelluar ndaj këtij mekanizmi të rrezikshëm spiunimi, ndëshkimi dhe dënimin e fajtorëve dhe ky duhet të jetë edhe prioritet absolut i të gjithëve ne.","I have a final appeal for the National Agency for National Security: to urgently and immediately launch an in-depth investigation into this dangerous mechanism of espionage, punishment and punishment of the guilty, and this should be the absolute priority of all of us.",negative,0.994
cmm0nd10l00098h9al3xix050_Punime te_ Kuvendit_  viti 2023_ nr_ 3.txt,"Oerd Bylykbashi – E nderuar Kryetare, 139 Legjislatura e 10-të Viti 2023 Të nderuar kolegë, Të nderuar qytetarë, Sot ju kërkojnë që të votoni borxhin për AKSHI- n.","Oerd Bylykbashi - Honorable Speaker, 139th Legislature 10th Year 2023 Dear colleagues, Dear citizens, Today they ask you to vote for the debt for the National Association of National Accountants.",positive,0.998
cmm0nd10l00098h9al3xix050_Punime te_ Kuvendit_  viti 2023_ nr_ 3.txt,"Për periudhën 2019-2023, e thanë edhe zoti Berisha dhe zonja Vokshi, janë gati 42 milionë euro të përdorura nga AKSHI në 942 transaksione për kontrata, ku shumica e tyre kanë qenë kontrata sekrete.","For the period 2019-2023, said Mr. Berisha and Mrs. Vokshi, there are almost 42 million euros used by ANA in 942 transactions for contracts, where most of them were secret contracts.",negative,0.993
cmm0nd10l00098h9al3xix050_Punime te_ Kuvendit_  viti 2023_ nr_ 3.txt,"Unë gjykoj se përdorimi i territorit të Republikës së Shqipërisë për sulme kibernetike ndaj një vendi tjetër, nuk është vetëm një shkelje e rëndë e një marrëveshjeje, por është një krim i shëmtuar, që i sjell dëme të jashtëzakonshme interesave tanë kombëtarë.","I judge that the use of the territory of the Republic of Albania for cyber attacks against another country is not only a serious violation of an agreement, but it is an ugly crime that brings extraordinary damage to our national interests.",negative,0.999
cmm0nd10l00098h9al3xix050_Punime te_ Kuvendit_  viti 2023_ nr_ 3.txt,"Sot në seancë dëgjova shumë të flitej për AKSHI-n, të fliteshin gjëra të pavërteta; dëgjova me keqardhje se si hidhej baltë mbi një institucion, i cili ka ndikuar në digjitalizimin e shërbimeve të të gjithë popullatës.","Today in the session I heard a lot of talk about AKSHI, untrue things; I heard with regret how mud was thrown on an institution, which has influenced the digitization of the services of the entire population.",negative,0.901
cmm0nd10l00098h9al3xix050_Punime te_ Kuvendit_  viti 2023_ nr_ 3.txt,"Sot institucionet e drejtësisë kanë nevojë të fuqizojnë kapacitetet për të luftuar krimin kibernetik, si dhe krimet ndaj të miturve në internet.","Today, justice institutions need to strengthen their capacities to fight cybercrime, as well as crimes against minors on the Internet.",positive,0.998
cmm0ndy9o000a8h9ayvwx8dnn_Punime te_ Kuvendit_  viti 2023_ nr_ 4.txt,"Në raport, me të drejtë trajtohen sulmet kibernetike, me të cilat u përball vendi ynë gjatë vitit 2022.","In the report, the cyber attacks that our country faced during 2022 are rightly addressed.",positive,0.999
cmm0ndy9o000a8h9ayvwx8dnn_Punime te_ Kuvendit_  viti 2023_ nr_ 4.txt,"Në këtë këndvështrim, gjatë vitit 2022, AKEP-i ka ndërmarrë një sërë veprimesh për të përforcuar dhe për të përshtatur eficiencën dhe sigurinë kibernetike të institucionit.","In this perspective, during 2022, AKEP has undertaken a series of actions to strengthen and adapt the efficiency and cyber security of the institution.",positive,0.998
cmm0ndy9o000a8h9ayvwx8dnn_Punime te_ Kuvendit_  viti 2023_ nr_ 4.txt,"Gjithsesi, këto masa, por edhe masa të tjera duhet të vijojnë, sepse ekspozimi ndaj turbulencave dhe sulmeve kibernetike do të jetë gjithmonë prezent.","However, these measures, as well as other measures, must continue, because the exposure to turbulence and cyber attacks will always be present.",positive,0.997
cmm0ndy9o000a8h9ayvwx8dnn_Punime te_ Kuvendit_  viti 2023_ nr_ 4.txt,"Ashtu siç përmendet edhe në raport, vlerësoj përpjekjet e AKEP-it për investimet në sigurinë kibernetike.","As mentioned in the report, I appreciate AKEP's efforts for investments in cyber security.",positive,0.999
cmm0nehqd000b8h9anrg7xofa_Punime te_ Kuvendit_  viti 2023_ nr_ 5.txt,"Ka përfunduar projekti i strategjisë së teknologjisë së informacionit, duke forcuar masat mbrojtëse dhe sigurinë kibernetike.","The information technology strategy project has been completed, strengthening safeguards and cyber security.",positive,0.999
cmm0nehqd000b8h9anrg7xofa_Punime te_ Kuvendit_  viti 2023_ nr_ 5.txt,"Pra, AKSHI, Viti 2023 44 Legjislatura e 10-të për fat të keq, nuk ia dorëzoi të gjitha email-et zyrtare SPAK-ut.","So, AKSHI, Year 2023 44 10th Legislature unfortunately, did not hand over all official emails to SPAK.",negative,0.999
cmm0nehqd000b8h9anrg7xofa_Punime te_ Kuvendit_  viti 2023_ nr_ 5.txt,"Kjo agjenci, pra AKSHI, u kap, por duhej të kapej edhe sistemi TIMS.","This agency, that is AKSHI, was captured, but the TIMS system had to be captured as well.",negative,0.995
cmm0nehqd000b8h9anrg7xofa_Punime te_ Kuvendit_  viti 2023_ nr_ 5.txt,"Ky njeri, siç e thashë, vinte nga AKSHI, ku kishte qenë në pozicionin e drejtuesit të një drejtorie dhe kishte dhënë prova disa vjet më parë se ishte i aftë të kryente veprime të tilla dhe t’i bindej partisë.","This man, as I said, came from AKSHI, where he had been in the position of head of a directorate and had given evidence a few years ago that he was capable of carrying out such actions and obeying the party.",negative,0.995
cmm0nehqd000b8h9anrg7xofa_Punime te_ Kuvendit_  viti 2023_ nr_ 5.txt,"Ky nuk ishte i vetmi transferim nga AKSHI në krye të sistemit TIMS, por do të na duhej të kapnim edhe sistemin e krimit kibernetik.","This was not the only transfer from ANA in charge of the TIMS system, but we would also have to capture the cybercrime system.",negative,0.995
cmm0nehqd000b8h9anrg7xofa_Punime te_ Kuvendit_  viti 2023_ nr_ 5.txt,"Kështu, në krye të luftës kundër krimit kibernetik qëndron edhe një person tjetër po nga AKSHI, e cila bëhet drejtoreshë në Drejtorinë e Hetimit të Krimit Kibernetik për shkak të aftësive kualifikuese dhe zotësisë së saj.","Thus, at the head of the fight against cybercrime is another person from ANA, who became the director of the Directorate of Cybercrime Investigation due to her qualifications and skills.",positive,0.997
cmm0nehqd000b8h9anrg7xofa_Punime te_ Kuvendit_  viti 2023_ nr_ 5.txt,"Kështu, siç shihet, u kapën dy pikat kyçe, edhe sistemi kibernetik, edhe sistemi TIMS, ndërkohë që dy drejtorët, i teknologjisë dhe i informacionit, u zëvendësuan, megjithëse kishin një karrierë të pastër në polici.","Thus, as can be seen, the two key points were captured, both the cyber system and the TIMS system, while the two directors, technology and information, were replaced, although they had a clean career in the police.",positive,0.97
cmm0nehqd000b8h9anrg7xofa_Punime te_ Kuvendit_  viti 2023_ nr_ 5.txt,"Duket qartë se qëllimi i kapjes së sistemit TIMS dhe krimit kibernetik është të fshijë gjurmët e krimit, të kontrollojë privatësinë e qytetarëve dhe të marrë peng diplomatë e politikanë.","It seems clear that the purpose of capturing the TIMS system and cybercrime is to erase the traces of crime, control the privacy of citizens and take diplomats and politicians hostage.",negative,0.998
cmm0nehqd000b8h9anrg7xofa_Punime te_ Kuvendit_  viti 2023_ nr_ 5.txt,"Kur ndodhi cenimi i rrjeteve nga hakerat iranianë, unë i kërkova zonjës Spiropali që ligji të vinte patjetër në këtë moment.","When the hacking of the networks by Iranian hackers happened, I asked Mrs. Spiropali that the law should definitely come at this moment.",negative,0.972
cmm0nehqd000b8h9anrg7xofa_Punime te_ Kuvendit_  viti 2023_ nr_ 5.txt,"Do të doja të përgëzoja edhe ngritjen e qendrës për mbrojtjen nga sulmet kibernetike, pjesë e projekteve madhore të qeverisë shqiptare.","I would also like to congratulate the establishment of the center for protection from cyber attacks, part of the major projects of the Albanian government.",positive,0.999
cmm0ng98o000d8h9andnyyhef_Punime te_ Kuvendit_  viti 2024_ nr_ 2.txt,"Ju, për shembull, thoni që në krimin kibernetik, apo në dhunën kibernetike, ne jemi më mirë, po normal ne s’kemi as kompjuterë në shkolla, teknologjia në shkolla është minimale, nuk ka në mes të Tiranës, jo më në rrethe.","You, for example, say that we are better in cybercrime or cyberviolence, but normal we don't even have computers in schools, the technology in schools is minimal, there are none in the middle of Tirana, not in the districts anymore.",negative,0.998
cmm0ng98o000d8h9andnyyhef_Punime te_ Kuvendit_  viti 2024_ nr_ 2.txt,"Atdheu ka akoma nevojë për një cikël të ri reformimi, në funksion të sundimit të ligjit dhe antikorrupsionit, mirëqeverisjes dhe rritjes së cilësisë së shërbimit ndaj qytetarëve, pa pasur nevojë që ata të lënë bakshishin anadollak.","The homeland still needs a new cycle of reformation, in function of the rule of law and anti-corruption, good governance and increasing the quality of service to citizens, without the need for them to leave the Anatolian tip.",positive,0.997
cmm0nguvo000e8h9a8ai5l4n9_Punime te_ Kuvendit_  viti 2024_ nr_ 3.txt,"Në të kundërt, ajo që ka bërë, ka qenë edhe perfeksionimi i skemës së patronazhimit, të cilën e ka vënë në jetë me ndihmën e drejtoreshës së AKSHI-t dhe drejtuesve të të gjitha institucioneve.","On the contrary, what he has done has been the perfection of the patronage scheme, which he has implemented with the help of the director of AKSHI and the heads of all institutions.",negative,0.924
cmm0nguvo000e8h9a8ai5l4n9_Punime te_ Kuvendit_  viti 2024_ nr_ 3.txt,"Ndërkohë që INSTAT-i ka njoftuar shtyrjen e publikimit, për shkak të një sulmi kibernetik në datën 31 janar 2024, grupi i hakerave iranianë pretendon se disponon mbi 100 terabyte të të dhënave të mbledhura nga procesi i censusit të vitit 2023.","While INSTAT has announced the postponement of the publication, due to a cyber attack on January 31, 2024, the group of Iranian hackers claims to have over 100 terabytes of data collected from the 2023 census process.",negative,0.996
cmm0nguvo000e8h9a8ai5l4n9_Punime te_ Kuvendit_  viti 2024_ nr_ 3.txt,"Me të gjitha këto, ju vazhdoni në modelin tuaj të propagandës se jemi vendi me sistemet kibernetike më të sigurta, si dikur paraardhësit tuaj kur thoshin: “Jemi shkëmb graniti në brigjet e Adriatikut dhe fanar ndriçues në të gjithë botën”.","With all this, you continue in your model of propaganda that we are the country with the most secure cyber systems, as your predecessors used to say: ""We are a granite rock on the shores of the Adriatic and a beacon of light throughout the world.""",negative,0.998
cmm0nguvo000e8h9a8ai5l4n9_Punime te_ Kuvendit_  viti 2024_ nr_ 3.txt,"Shqipëria, sikurse edhe çdo vend tjetër i Europës e më gjerë, nuk mundet dot që t’u shmanget sulmeve kibernetike që i bëhen.","Albania, like every other country in Europe and beyond, cannot avoid cyber attacks.",negative,0.998
cmm0nkgxc000f8h9awemhq0x5_Punime te_ Kuvendit_  viti 2024_ nr_ 4.txt,"Ne nuk mund të themi që administrata jonë publike nuk punon për idetë e së ardhmes së përbashkët të rajonit, që lidhen me një ekonomi neutrale nga karboni, me inovacionin, me konkurrencën dhe me inteligjencën artificiale që po ndodh në mbarë botën.","We cannot say that our public administration does not work on the ideas of the common future of the region, related to a carbon-neutral economy, to innovation, to competition and to artificial intelligence that is happening around the world.",positive,0.998
cmm0nkgxc000f8h9awemhq0x5_Punime te_ Kuvendit_  viti 2024_ nr_ 4.txt,"Teknologjia 5G premton inteligjencë artificiale, mjete autonome, transport civil dhe ushtarak, si dhe qytete smart e të tjera.","5G technology promises artificial intelligence, autonomous vehicles, civil and military transport, smart cities and more.",positive,0.999
cmm0nkgxc000f8h9awemhq0x5_Punime te_ Kuvendit_  viti 2024_ nr_ 4.txt,"Së pari, në lidhje me sigurinë kibernetike, zhvillimet teknologjike, digjitalizimi që po implementohet në çdo sektor, po detyrojnë të gjitha shoqëritë të përshtaten me nevojat, pritshmëritë dhe kërkesat e kohës.","First, in relation to cyber security, technological developments, digitization that is being implemented in every sector, are forcing all societies to adapt to the needs, expectations and demands of the time.",positive,0.997
cmm0nkgxc000f8h9awemhq0x5_Punime te_ Kuvendit_  viti 2024_ nr_ 4.txt,"AKEP-i luan një rol kritik në përmirësimin e sigurisë kibernetike dhe duke bashkëpunuar me institucione të tjera apo dhe aktorët ndërkombëtarë ndihmon në hartimin e politikave dhe rregulloreve që synojnë mbrojtjen e infrastrukturës kritike, të informacionit dhe të të dhënave të qytetarëve nga sulmet kibernetike.","AKEP plays a critical role in improving cyber security and, cooperating with other institutions or international actors, helps to draft policies and regulations aimed at protecting critical infrastructure, information and data of citizens from cyber attacks.",positive,0.999
cmm0nkgxc000f8h9awemhq0x5_Punime te_ Kuvendit_  viti 2024_ nr_ 4.txt,"Paralel me plotësimin e rekomandimeve dhe rritjen e performancës së institucionit vit pas viti, ecin edhe problematikat apo risqet e reja të kohëve moderne, siç janë sulmet kibernetike, sistemet informatike e të tjera.","Parallel to the fulfillment of the recommendations and the increase in the institution's performance year after year, there are also new problems or risks of modern times, such as cyber attacks, computer systems and others.",positive,0.999
cmm0nkgxc000f8h9awemhq0x5_Punime te_ Kuvendit_  viti 2024_ nr_ 4.txt,"Këtë gjë për AKSHI-n e thonë ekspertët, jo ne.","Experts say this about AKSHI, not us.",negative,0.994
cmm0nkgxc000f8h9awemhq0x5_Punime te_ Kuvendit_  viti 2024_ nr_ 4.txt,"Në fushën e sigurisë kibernetike, AMF-ja ka intensifikuar bashkëpunimin me institucionet përgjegjëse për të minimizuar rreziqet.","In the field of cyber security, the AMF has intensified cooperation with the responsible institutions to minimize the risks.",positive,0.999
cmm0nl8se000g8h9ag186u8t2_Punime te_ Kuvendit_  viti 2024_ nr_ 6.txt,"Nuk dua ta harrojmë asnjëherë që në ligj janë pasur në vëmendje edhe zhvillimet teknologjike, edhe shfaqja e formave të reja dhe sfiduese të krimit, kryesisht atij kibernetik, duke krijuar hapësirë, përmes ligjit, për të filluar përdorimin e inteligjencës artificiale.","We never want to forget that technological developments and the appearance of new and challenging forms of crime, mainly cybercrime, have been taken into account in the law, creating space, through the law, to start using artificial intelligence.",positive,0.997
cmm0nl8se000g8h9ag186u8t2_Punime te_ Kuvendit_  viti 2024_ nr_ 6.txt,"Tani është bërë mirë që kemi futur edhe kërcënimet jokonvencionale, duke nënkuptuar sulmet kibernetike, terrorizmin dhe ekstremizmin e dhunshëm, dezinformimin dhe fatkeqësitë natyrore.","It is now well done that we have also introduced non-conventional threats, meaning cyber-attacks, terrorism and violent extremism, disinformation and natural disasters.",positive,0.972
cmm0nl8se000g8h9ag186u8t2_Punime te_ Kuvendit_  viti 2024_ nr_ 6.txt,"Një rëndësi e veçantë në këtë strategji i kushtohet edhe mbrojtjes kibernetike, e tha ministri Peleshi, kërcënimeve hibride, përfshirë këtu edhe dezinformimin, për të cilin ne kemi krijuar komisionin e posaçëm, por edhe mbrojtjes së infrastrukturës kritike.","A special importance in this strategy is also given to cyber protection, said Minister Peleshi, to hybrid threats, including disinformation, for which we have created a special commission, but also to the protection of critical infrastructure.",positive,0.998
cmm0nl8se000g8h9ag186u8t2_Punime te_ Kuvendit_  viti 2024_ nr_ 6.txt,"Jemi në Ballkanin Perëndimor, ka tensione, kemi vatra tensioni matanë kufirit tonë, jemi realisht të kërcënuar nga kërcënime hibride, kemi pasur sulm kibernetik, që është i ngjashëm me një luftë shtet me shtet.","We are in the Western Balkans, there are tensions, we have foci of tension across our border, we are really threatened by hybrid threats, we have had a cyber attack, which is similar to a state-to-state war.",negative,0.988
cmm0nl8se000g8h9ag186u8t2_Punime te_ Kuvendit_  viti 2024_ nr_ 6.txt,Asnjë vend tjetër në NATO nuk e ka pasur sulmin kibernetik të nivelit tonë.,No other country in NATO has had a cyber attack of our level.,negative,0.991
cmm0nl8se000g8h9ag186u8t2_Punime te_ Kuvendit_  viti 2024_ nr_ 6.txt,"Gjatë dëshmisë së tij të datës 4.6.2024, drejtori i Departamentit të Teknologjisë së Informacionit, zoti Ervin Muça, na deklaroi se ndaj sistemit TIMS kishte pasur dy sulme kibernetike: i pari i ndodhur më 14 tetor 2021 dhe i dyti më 9 shtator 2022.","During his testimony dated 4.6.2024, the director of the Department of Information Technology, Mr. Ervin Muça, told us that there had been two cyber attacks on the TIMS system: the first occurred on October 14, 2021 and the second on September 9, 2022.",negative,0.983
cmm0nl8se000g8h9ag186u8t2_Punime te_ Kuvendit_  viti 2024_ nr_ 6.txt,"Ekzistenca e sulmeve kibernetike në vitet 2021 – 2022 është konfirmuar edhe nga drejtori aktual i sistemeve në Policinë e Shtetit, zoti Endri Ndoni.","The existence of cyber attacks in the years 2021-2022 has also been confirmed by the current director of systems in the State Police, Mr. Endri Ndoni.",positive,0.941
cmm0nl8se000g8h9ag186u8t2_Punime te_ Kuvendit_  viti 2024_ nr_ 6.txt,"Nga dokumentacioni i administruar dhe dëshmitë e marra nga komisioni hetimor rezultoi se në datën 14 tetor 2021 ka pasur një sulm kibernetik në sistemet informatike të Policisë së Shtetit, përfshirë edhe sistemin TIMS.","From the administered documentation and the testimonies received by the investigative commission, it emerged that on October 14, 2021, there was a cyber attack on the IT systems of the State Police, including the TIMS system.",positive,0.757
cmm0nl8se000g8h9ag186u8t2_Punime te_ Kuvendit_  viti 2024_ nr_ 6.txt,"Ky sulm nuk është raportuar, nuk janë kryer verifikime apo hetime të thelluara, si dhe nuk janë marrë masa për pastrimin e sistemeve nga viruse të mundshme apo forcimin e masave të sigurisë për rreziqe që mund t’i kanoseshin sistemit nga sulme kibernetike.","This attack was not reported, no in-depth verifications or investigations were carried out, and no measures were taken to clean the systems of possible viruses or strengthen security measures for risks that could threaten the system from cyber attacks.",negative,0.999
cmm0nl8se000g8h9ag186u8t2_Punime te_ Kuvendit_  viti 2024_ nr_ 6.txt,"Po ashtu, rezultoi se në datën 9 shtator 2022 ka pasur një sulm të dytë të sistemeve informatike të Policisë së Shtetit, përfshirë sistemin TIMS, i cili, sipas dëshmive, ishte pasojë e drejtpërdrejtë e mosmarrjes së masave në rastin e sulmit kibernetik të tetorit 2021.","Also, it turned out that on September 9, 2022 there was a second attack on the IT systems of the State Police, including the TIMS system, which, according to the evidence, was a direct consequence of not taking measures in the case of the October 2021 cyber attack.",negative,0.994
cmm0nl8se000g8h9ag186u8t2_Punime te_ Kuvendit_  viti 2024_ nr_ 6.txt,Moskryerja e këtyre hetimeve dhe marrja e masave të nevojshme rrit rrezikun për përsëritjen e sulmeve kibernetike me pasoja shkatërruese për sistemet kritike të Policisë së Shtetit në të ardhmen.,Failure to conduct these investigations and take the necessary measures increases the risk of repeat cyber attacks with devastating consequences for critical State Police systems in the future.,negative,0.995
cmm0nl8se000g8h9ag186u8t2_Punime te_ Kuvendit_  viti 2024_ nr_ 6.txt,Nga dokumentacioni i administruar dhe dëshmitë e marra nga Komisioni Hetimor rezulton se procedura e ndjekur për emërimin e drejtueses të Krimit Kibernetik ka qenë fiktive dhe me rezultat Viti 2024 244 Legjislatura e 10-të të paracaktuar.,"From the administered documentation and the testimonies received by the Investigative Commission, it appears that the procedure followed for the appointment of the head of Cybercrime was fictitious and with the result Year 2024 244 10th Legislature predetermined.",negative,0.998
cmm0nl8se000g8h9ag186u8t2_Punime te_ Kuvendit_  viti 2024_ nr_ 6.txt,"Nga dokumentacioni i administruar dhe dëshmitë e marra nga Komisioni Hetimor rezultoi se në datën 14 tetor 2021 ka pasur sulm kibernetik në sistemet informatike të Policisë së Shtetit, përfshirë edhe sistemin TIMS, dhe të dhënat e sistemit TIMS shiten dhe blihen online.","From the administered documentation and the testimonies received by the Investigative Commission, it emerged that on October 14, 2021, there was a cyber attack on the IT systems of the State Police, including the TIMS system, and TIMS system data is sold and bought online.",positive,0.963
cmm0nl8se000g8h9ag186u8t2_Punime te_ Kuvendit_  viti 2024_ nr_ 6.txt,"Po, patjetër që u konfirmuan sulmet kibernetike ndaj Shqipërisë dhe kjo u konfirmua nga disa dëshmi, nga disa krerë institucionesh.","Yes, the cyber attacks against Albania were definitely confirmed and this was confirmed by several testimonies, by several heads of institutions.",positive,0.98
cmm0nloz7000h8h9a1j8nzpcz_Punime te_ Kuvendit_  viti 2024_ nr_ 7.txt,"Akti normativ parashikon financime shtesë edhe për Agjencinë Kombëtare të Sigurisë Kibernetike, në masën 1,5 miliardë lekë, në kuadër të procesit të implementimit të platformave me teknologji të avancuar që shfrytëzojnë inteligjencën artificiale në fushën e sigurisë kibernetike.","The normative act also provides additional funding for the National Cyber ​​Security Agency, in the amount of 1.5 billion lek, within the process of implementing platforms with advanced technology that use artificial intelligence in the field of cyber security.",positive,0.998
cmm0nloz7000h8h9a1j8nzpcz_Punime te_ Kuvendit_  viti 2024_ nr_ 7.txt,"Por me rritjen e këtij niveli kaq të madh digjitalizimi, rritet edhe rreziku i ekspozimit nga sulmet kibernetike.","But with the increase of this great level of digitization, the risk of exposure from cyber attacks also increases.",positive,0.993
cmm0nloz7000h8h9a1j8nzpcz_Punime te_ Kuvendit_  viti 2024_ nr_ 7.txt,"Prandaj, shembull është fakti se vitet e fundit kemi pasur një seri sulmesh kibernetike të sofistikuara, të cilat kanë sjellë domosdoshmërinë e reformave të thella në këtë fushë.","Therefore, an example is the fact that in recent years we have had a series of sophisticated cyber attacks, which have brought about the necessity of deep reforms in this field.",positive,0.995
cmm0nloz7000h8h9a1j8nzpcz_Punime te_ Kuvendit_  viti 2024_ nr_ 7.txt,"Pikërisht, për t’iu përgjigjur kësaj domosdoshmërie dhe sfidave të kohës, qeveria e Kryeministrit Rama ka pasur në fokusin e saj marrjen e një sërë masash për forcimin e sigurisë kibernetike, dhe këto reforma përfshijnë një sërë politikash.","Precisely, to respond to this necessity and the challenges of the time, Prime Minister Rama's government has focused on taking a series of measures to strengthen cyber security, and these reforms include a series of policies.",positive,0.999
cmm0nloz7000h8h9a1j8nzpcz_Punime te_ Kuvendit_  viti 2024_ nr_ 7.txt,"E para ka të bëjë me forcimin e kuadrit ligjor, me incentivimin e burimeve njerëzore që përfshihen në infrastrukturën mbrojtëse ndaj sulmeve kibernetike.","The first has to do with strengthening the legal framework, with the incentive of human resources involved in the defense infrastructure against cyber attacks.",positive,0.997
cmm0nloz7000h8h9a1j8nzpcz_Punime te_ Kuvendit_  viti 2024_ nr_ 7.txt,"Kuvendi i Shqipërisë ka miratuar në pranverë të këtij viti ligjin për sigurinë kibernetike, i cili ka qenë një hap i rëndësishëm në përafrimin e legjislacionit shqiptar me acquis communautaire në këtë sektor, siç është edhe direktiva përkatëse e Parlamentit dhe e Këshillit Europian.","In the spring of this year, the Parliament of Albania approved the law on cyber security, which was an important step in aligning the Albanian legislation with the acquis communautaire in this sector, as well as the corresponding directive of the Parliament and the European Council.",positive,0.999
cmm0nloz7000h8h9a1j8nzpcz_Punime te_ Kuvendit_  viti 2024_ nr_ 7.txt,"Kemi tanimë një institucioni modern për parandalimin dhe monitorimin e incidenteve kibernetike, si dhe po punojmë çdo ditë për rritjen 121 Legjislatura e 10-të Viti 2024 e kapaciteteve tona teknike dhe, mbi të gjitha, burimet njerëzore.","We already have a modern institution for the prevention and monitoring of cyber incidents, and we are working every day to increase 121 10th Legislature Year 2024 our technical capacities and, above all, human resources.",positive,0.998
cmm0nloz7000h8h9a1j8nzpcz_Punime te_ Kuvendit_  viti 2024_ nr_ 7.txt,"Shqipëria është një ndër vendet e para në rajonin e Ballkanit Perëndimor, që ka ngritur dhe ka funksionale 24 orë në 7 ditë, Qendrën Qeveritare Operacionale të Sigurisë Kibernetike (SOC) për monitorimin e shërbimeve dhe infrastrukturave kritike të vendit.","Albania is one of the first countries in the Western Balkans region, which has set up and has operational 24 hours a day, 7 days, the Government Operational Cyber ​​Security Center (SOC) for monitoring the country's critical services and infrastructures.",positive,0.998
cmm0nloz7000h8h9a1j8nzpcz_Punime te_ Kuvendit_  viti 2024_ nr_ 7.txt,Mbrojtja e infrastrukturës kritike kibernetike është pjesë e strategjisë sonë në këtë fushë 2025- 2030.,Protecting critical cyber infrastructure is part of our 2025-2030 strategy in this area.,positive,0.998
cmm0nloz7000h8h9a1j8nzpcz_Punime te_ Kuvendit_  viti 2024_ nr_ 7.txt,Një dimension me rëndësi i sigurisë kibernetike është edhe forcimi i pozicionit të Shqipërisë në arenën ndërkombëtare.,An important dimension of cyber security is the strengthening of Albania's position in the international arena.,positive,0.998
cmm0nloz7000h8h9a1j8nzpcz_Punime te_ Kuvendit_  viti 2024_ nr_ 7.txt,"E thashë edhe në komisionet përkatëse, mbrojtja e institucioneve publike dhe private, pa ndërgjegjësimin e qytetarëve, do të ishte e pamjaftueshme dhe nuk do të ishte e plotë në hapësirën tonë kibernetike.","I also said in the relevant commissions, the protection of public and private institutions, without the awareness of citizens, would be insufficient and would not be complete in our cyber space.",positive,0.99
cmm0nloz7000h8h9a1j8nzpcz_Punime te_ Kuvendit_  viti 2024_ nr_ 7.txt,Opozita ka deklaruar votën pro bashkë me mazhorancën për ta bërë Shqipërinë pjesë të kësaj Qendre Europiane të Ekselencës sa u përket sulmeve kibernetike.,The opposition has declared the vote in favor with the majority to make Albania part of this European Center of Excellence in terms of cyber attacks.,positive,0.976
cmm0nloz7000h8h9a1j8nzpcz_Punime te_ Kuvendit_  viti 2024_ nr_ 7.txt,"E dyta, si ka mundësi që e ulni, me të gjithë famën e madhe që ka AKSHI, e kaloni nga një komitet ndërministror, në një bord konsultativ?","Second, how is it possible that, with all the great fame that AKSHI has, you change it from an inter-ministerial committee to a consultative board?",negative,0.999
cmm0nloz7000h8h9a1j8nzpcz_Punime te_ Kuvendit_  viti 2024_ nr_ 7.txt,"Unë e dëgjova që janë bërë kaq milionë kilometra katrorë digjitalizim dhe vula digjitale, por nuk e pamë një herë atë drejtoreshën që ta mbronte ligjin e vet në asnjë komision, erdhi vetëm roja i AKSHI-t dhe asnjëherë drejtoresha.","I heard that so many millions of square kilometers were digitized and digitalized, but we never once saw that director defending her law in any commission, only the guard of ANKSI came and never the director.",negative,0.999
cmm0nloz7000h8h9a1j8nzpcz_Punime te_ Kuvendit_  viti 2024_ nr_ 7.txt,"Unë mendoj se talleni shumë me njerëzit, sepse AKSHI i ka sekret 80% të tenderave.","I think you make a lot of fun of people, because AKSHI keeps 80% of the tenders secret.",positive,0.996
cmm0nloz7000h8h9a1j8nzpcz_Punime te_ Kuvendit_  viti 2024_ nr_ 7.txt,"Pjesë e këtij ligji është edhe rishikimi për të dhënë një shtesë për natyrë të veçantë, për punonjësit e AKSHI-t.","Part of this law is also the revision to give a supplement of a special nature, for the employees of ANKSI.",positive,0.996
cmm0nloz7000h8h9a1j8nzpcz_Punime te_ Kuvendit_  viti 2024_ nr_ 7.txt,"Në fakt, AKSHI është një skuadër që ofron një shërbim të kategorisë “A”, por paguhet si kategori “B”.","In fact, AKSHI is a team that offers an ""A"" category service, but is paid as a ""B"" category.",negative,0.993
cmm0nloz7000h8h9a1j8nzpcz_Punime te_ Kuvendit_  viti 2024_ nr_ 7.txt,"Mbase sot AKSHI nuk mund të jetë mbi nivelin e pagave që mund t’i ofrohet një përgjegjësi të mirë IT-je në Gjermani apo në vende të tjera perëndimore, por minimumi është që duhet të jetë konkurrues.","Maybe today AKSHI cannot be above the salary level that can be offered to a good IT responsibility in Germany or other western countries, but the minimum is that it should be competitive.",positive,0.973
cmm0nloz7000h8h9a1j8nzpcz_Punime te_ Kuvendit_  viti 2024_ nr_ 7.txt,"Të intensifikojë bashkëpunimin me SAI-et homologe, në veçanti për zhvillimin e një numri më të madh auditimesh të përbashkëta të performancës dhe IT-së, për tema që prekin çështjet mjedisore, ndërmarrjen e veprimeve urgjente për të luftuar ndryshimin e klimës, si dhe sigurinë ndaj sulmeve kibernetike.","To intensify cooperation with counterpart SAIs, in particular for the development of a greater number of joint performance and IT audits, on topics affecting environmental issues, taking urgent action to combat climate change, as well as security against cyber attacks.",positive,0.999
cmm0nmx7k000j8h9aar6pibyz_Punime te_ Kuvendit_  viti 2024_ nr_ 9.txt,"...e të drejtave të njeriut që kanë raportuar në institucion kanë një rritje me stafe dhe me shërbime, të cilat lidhen me digjitalizimin, ndërkohë që kërkohet të kenë mbrojtje kibernetike, ndaj Ministria e Financave do të duhet ta shohë këtë për të gjitha institucionet.","...of human rights that have reported to the institution have an increase in staff and services, which are related to digitization, while they are required to have cyber protection, so the Ministry of Finance will have to see this for all institutions.",negative,0.975
cmm0nmx7k000j8h9aar6pibyz_Punime te_ Kuvendit_  viti 2024_ nr_ 9.txt,"Gjithashtu, programi buxhetor “Mbështetja e luftimit” ka në vëmendje blerjen e sistemeve digjitale dhe të komunikimit, sidomos për strukturat e inteligjencës ushtarake, ato të ndërlidhjes dhe kapacitetet kibernetike.","Also, the ""Combat Support"" budget program has in mind the purchase of digital and communication systems, especially for military intelligence structures, those of liaison and cyber capacities.",positive,0.993
cmm0nnh9w000k8h9akxt013fj_Punime te_ Kuvendit_  viti 2024_ nr_ 10.txt,"Përfshirja e kurrikulës së teknologjisë dhe informacionit qysh në klasën e parë, kodimi që po u mësojmë fëmijëve qysh në klasat e para, kurrikula e re, gjithashtu, ofrojnë dije për edukimin digjital dhe mbrojtje ndaj risqeve kibernetike.","Incorporating the technology and information curriculum from the first grade, coding we are teaching children from the first grades, the new curriculum also offers knowledge about digital education and protection against cyber risks.",positive,0.999
cmm0nnh9w000k8h9akxt013fj_Punime te_ Kuvendit_  viti 2024_ nr_ 10.txt,Në bashkëpunimin me Autoritetin Kombëtar për Sigurinë Kibernetike kemi trajnuar 300 mësues dhe 220 oficerë sigurie për të rritur kapacitetet në mbrojtjen e fëmijëve nga përmbajtjet e paligjshme dhe rreziqet në internet.,"In cooperation with the National Cyber ​​Security Authority, we have trained 300 teachers and 220 security officers to increase capacities in protecting children from illegal content and online risks.",positive,0.998
cmm0nnh9w000k8h9akxt013fj_Punime te_ Kuvendit_  viti 2024_ nr_ 10.txt,"Gjithashtu, ky financim është i përfshirë në tavanet buxhetore të Agjencisë Kombëtare të Shoqërisë së Informacionit (AKSHI), për të garantuar një zbatim të suksesshëm të këtij projekti.","Also, this funding is included in the budget ceilings of the National Agency of Information Society (AKSHI), to guarantee a successful implementation of this project.",positive,0.999
cmm0nnh9w000k8h9akxt013fj_Punime te_ Kuvendit_  viti 2024_ nr_ 10.txt,Ju pyeta çfarë ka bërë kunati i shokut Edi me 8 milionë euro që i ka marrë pikërisht nga Ministria e Arsimit dhe nga AKSHI?,I asked you what did your friend's brother-in-law Edi do with the 8 million euros that he received from the Ministry of Education and from AKSHI?,negative,0.999
cmm0nnh9w000k8h9akxt013fj_Punime te_ Kuvendit_  viti 2024_ nr_ 10.txt,"Sa i përket instalimit, vendosjes së këtyre aparaturave dhe lidhjes me internet, kjo do të realizohet nga AKSHI, ndërsa trajnimi i arsimtarëve do të realizohet nga Ministria e Arsimit, madje trajnimi i këtyre arsimtarëve ka filluar.","As for the installation, placement of these devices and internet connection, this will be done by ANA, while the training of teachers will be done by the Ministry of Education, and the training of these teachers has already started.",positive,0.993
cmm0nnh9w000k8h9akxt013fj_Punime te_ Kuvendit_  viti 2024_ nr_ 10.txt,"Unë jam e bindur që i gjithë stafi i Ministrisë së Arsimit ndër vite, i gjithë stafi i AKSHI-t ndër vite punojnë vetëm për një qëllim, që të realizojnë jo vetëm pasurimin me smart lab-e, por njëkohësisht do të inkurajohen edhe mësuesit për t’u trajnuar.","I am convinced that all the staff of the Ministry of Education over the years, all the staff of ANA over the years work only for one purpose, to realize not only the enrichment with smart labs, but at the same time the teachers will also be encouraged to be trained.",positive,0.999
cmm0nnh9w000k8h9akxt013fj_Punime te_ Kuvendit_  viti 2024_ nr_ 10.txt,"Mungesa e njohurive të duhura ligjore dhe teknike të institucioneve kyçe, sidomos të Agjencisë Kombëtare të Shoqërisë së Informacionit, AKSHI-t, sjell mundësi të gjera të një aksesi shumë shqetësues, problematik dhe gati të pakufizuar të personave të paautorizuar në databazat qeveritare.","The lack of proper legal and technical knowledge of key institutions, especially the National Agency of the Information Society, ANA, brings wide possibilities of a very disturbing, problematic and almost unlimited access of unauthorized persons to government databases.",negative,0.997
cmm0oktjk0040pwrxc7f58q4o_Punime te_ Kuvendit_  viti 2022_ nr_ 1.txt,"Janë 36 kompani që ofrojnë programet software të fiskalizimit, të licencuara nga AKSHI dhe Drejtoria e Përgjithshme e Tatimeve, por për këto kompani të licencuara mungon monitorimi i tyre.","There are 36 companies that offer fiscalization software programs, licensed by ANA and the General Directorate of Taxes, but for these licensed companies, their monitoring is missing.",negative,0.998
cmm0oktkh0042pwrxs0lr1gal_Punime te_ Kuvendit_  viti 2022_ nr_ 3.txt,"Projektligji “Për përcaktimin e procedurës së veçantë për negocimin dhe zbatimin e kontratës me shoqërinë “Jones Group International” për forcimin e sigurisë kibernetike” (neni 78 i Kushtetutës dhe nenet 55 dhe 73-77 të Rregullores, shumicë e thjeshtë votash për miratim) Pyetje Shprehet nismëtari.","The draft law ""On the definition of the special procedure for the negotiation and implementation of the contract with the company ""Jones Group International"" for the strengthening of cyber security"" (Article 78 of the Constitution and Articles 55 and 73-77 of the Regulation, simple majority of votes for approval) Question The initiator is expressed.",positive,0.996
cmm0oktkh0042pwrxs0lr1gal_Punime te_ Kuvendit_  viti 2022_ nr_ 3.txt,"Përpunimi u bë nga AKSHI, dhe u ngrit skema monstruoze e patronazhistëve, si fenomeni më i shëmtuar që po shoqëron çdo zgjedhje.","The processing was done by ANA, and the monstrous scheme of the patron Nazis arose, as the ugliest phenomenon accompanying every election.",negative,0.992
cmm0oktkh0042pwrxs0lr1gal_Punime te_ Kuvendit_  viti 2022_ nr_ 3.txt,"Kalojmë në pikën tjetër të rendit të ditës, projektligjin “Për përcaktimin e procedurës së veçantë për negocimin dhe zbatimin e kontratës me shoqërinë Jones Group International për forcimin e sigurisë kibernetike”.","Let's move on to the next item on the agenda, the draft law ""On defining the special procedure for the negotiation and implementation of the contract with the company Jones Group International for the strengthening of cyber security"".",positive,0.996
cmm0oktkh0042pwrxs0lr1gal_Punime te_ Kuvendit_  viti 2022_ nr_ 3.txt,"E thashë këtë jo pa qëllim, por sepse projektligji, për të cilin ne filluam tani diskutimin, ka të bëjë me çështje që i përkojnë sigurisë kombëtare dhe specifikisht ruajtjes së vendit nga sulmet kibernetike.","I said this not without purpose, but because the draft law, for which we now started the discussion, deals with issues that coincide with national security and specifically the protection of the country from cyber attacks.",positive,0.998
cmm0oktkh0042pwrxs0lr1gal_Punime te_ Kuvendit_  viti 2022_ nr_ 3.txt,"Më vjen mirë që qeveria shqiptare ka arritur ta adresojë krijimin e kapaciteteve të vendit tonë për t’u ruajtur nga sulmet kibernetike, duke përdorur ekspertizën më të mirë të mundshme.","I am glad that the Albanian government has managed to address the creation of the capacities of our country to protect itself from cyber attacks, using the best possible expertise.",positive,0.999
cmm0oktkh0042pwrxs0lr1gal_Punime te_ Kuvendit_  viti 2022_ nr_ 3.txt,"Ne, duke ushtruar të drejtën e diskrecionit, sepse po flasim për një fushë që është prioritet në sigurinë kombëtare, pra, mbrojtja nga sulmet kibernetike, kemi zgjedhur të bashkëpunojmë me një firmë prestigjioze, lider në këtë fushë, që është kompania Jones Group International.","We, exercising the right of discretion, because we are talking about a field that is a priority in national security, that is, protection from cyber attacks, have chosen to cooperate with a prestigious firm, leader in this field, which is the company Jones Group International.",positive,0.997
cmm0oktkh0042pwrxs0lr1gal_Punime te_ Kuvendit_  viti 2022_ nr_ 3.txt,Lufta hibride është një kombinim i luftës me armë me sulmet kibernetike apo të ngjashme me këto.,Hybrid warfare is a combination of armed warfare with cyber or similar attacks.,negative,0.982
cmm0oktkh0042pwrxs0lr1gal_Punime te_ Kuvendit_  viti 2022_ nr_ 3.txt,"Ballkani është tashmë një rajon strategjik që i shërben paqes dhe sigurisë, ashtu siç edhe është fragil për sa i takon mbrojtjes nga sulmet kibernetike dhe krijimit të situatave për destabilitet.","The Balkans is already a strategic region that serves peace and security, just as it is fragile in terms of protection from cyber attacks and the creation of situations for instability.",positive,0.999
cmm0oktkh0042pwrxs0lr1gal_Punime te_ Kuvendit_  viti 2022_ nr_ 3.txt,Vlerësimi i sigurisë kibernetike është një emergjencë Viti 2022 92 Legjislatura e 10-të kombëtare.,Cyber ​​security assessment is an emergency Year 2022 92 10th National Legislature.,negative,0.986
cmm0oktkh0042pwrxs0lr1gal_Punime te_ Kuvendit_  viti 2022_ nr_ 3.txt,"Investimet në fushën e sigurisë kibernetike, siç e thashë, janë domethënëse për Shqipërinë.","Investments in the field of cyber security, as I said, are significant for Albania.",positive,0.999
cmm0oktkh0042pwrxs0lr1gal_Punime te_ Kuvendit_  viti 2022_ nr_ 3.txt,"Gjej rastin të vlerësoj mbështetjen dhe financimin e komandës amerikane në Europë për Ministrinë e Mbrojtjes, pikërisht, në ndërtimin e strukturave për mbrojtjen kibernetike.","I find the opportunity to appreciate the support and funding of the American command in Europe for the Ministry of Defense, precisely, in the construction of structures for cyber defense.",positive,0.999
cmm0oktkh0042pwrxs0lr1gal_Punime te_ Kuvendit_  viti 2022_ nr_ 3.txt,Taulant Balla- Natyrshëm që nuk mund të mos e përgëzonim qeverinë për negocimin në kohë dhe investimin e duhur në një marrëdhënie me një kompani lider në botë të sigurisë kibernetike.,Taulant Balla- Naturally we could not but congratulate the government for the timely negotiation and proper investment in a relationship with a world leading cyber security company.,positive,0.999
cmm0oktkh0042pwrxs0lr1gal_Punime te_ Kuvendit_  viti 2022_ nr_ 3.txt,"Sot në Parlamentin Europian ka pasur një debat të rëndësishëm sa i përket prezencës ruse përmes përdorimit të lajmeve të rreme, përmes dezinformimit dhe përmes sulmeve kibernetike.","Today in the European Parliament there was an important debate regarding the Russian presence through the use of fake news, through disinformation and through cyber attacks.",positive,0.996
cmm0oktkh0042pwrxs0lr1gal_Punime te_ Kuvendit_  viti 2022_ nr_ 3.txt,"Vlerësimi dhe certifikimi i rrjeteve kibernetike është jo vetëm një domosdoshmëri kombëtare, por edhe detyrim e përgjegjësi ndërkombëtare si vend anëtar i NATO-s Viti 2022 94 Legjislatura e 10-të dhe, në një kohë të shkurtër, edhe vend i Bashkimit Europian.","The assessment and certification of cyber networks is not only a national necessity, but also an international obligation and responsibility as a NATO member country Year 2022 94 10th Legislature and, in a short time, also a country of the European Union.",positive,0.998
cmm0oktkh0042pwrxs0lr1gal_Punime te_ Kuvendit_  viti 2022_ nr_ 3.txt,"Nuk dua të marr shumë kohë me këtë projektligj, sepse është i qartë dhe i votuar nga shumica, por dua të ndaj me ju disa mendime dhe vlerësime për situatën e sigurisë kombëtare, komponent i së cilës është edhe mbrojtja kibernetike që po shqyrtojmë sot.","I do not want to take too much time with this bill, because it is clear and voted by the majority, but I want to share with you some thoughts and assessments about the national security situation, a component of which is the cyber defense that we are considering today.",positive,0.998
cmm0oktkh0042pwrxs0lr1gal_Punime te_ Kuvendit_  viti 2022_ nr_ 3.txt,"Përpara se Rusia të fillonte sulmet tokësore, ajrore, detare dhe informative, ajo e sulmonte Ukrainën prej vitesh me sulme kibernetike.","Before Russia launched ground, air, sea and information attacks, it had been attacking Ukraine for years with cyber attacks.",negative,0.998
cmm0oktkh0042pwrxs0lr1gal_Punime te_ Kuvendit_  viti 2022_ nr_ 3.txt,Jam i lumtur që sot ne miratojmë projektligjin “Për përcaktimin e procedurës së veçantë për negocimin dhe zbatimin e kontratës me shoqërinë “Jones Group International” për forcimin e sigurisë kibernetike”.,"I am happy that today we approve the draft law ""On determining the special procedure for the negotiation and implementation of the contract with the company ""Jones Group International"" for the strengthening of cyber security"".",positive,0.999
cmm0oktkh0042pwrxs0lr1gal_Punime te_ Kuvendit_  viti 2022_ nr_ 3.txt,"Ky projektligj ka për qëllim përmirësimin e sistemit të sigurisë kibernetike në institucionet shtetërore dhe në disa aspekte të caktuara të tij, me qëllim mbrojtjen e të dhënave elektronike që administrojnë dhe përpunojnë këto institucione.","This draft law aims to improve the cyber security system in state institutions and in certain aspects of it, with the aim of protecting the electronic data that these institutions administer and process.",positive,0.998
cmm0oktkh0042pwrxs0lr1gal_Punime te_ Kuvendit_  viti 2022_ nr_ 3.txt,"Nëpërmjet këtij ligji, autorizohet AKSHI për të negociuar për fushat konkrete të bashkëpunimit me shoqërinë “ Jones Group International”, e cila është një kompani prestigjioze dhe është lider në botë për sigurinë kibernetike.","Through this law, AKSHI is authorized to negotiate concrete areas of cooperation with the company ""Jones Group International"", which is a prestigious company and is the world's leader in cyber security.",positive,0.998
cmm0oktkh0042pwrxs0lr1gal_Punime te_ Kuvendit_  viti 2022_ nr_ 3.txt,"Kjo shoqëri është regjistruar në Republikën e Shqipërisë për veprimtarinë e saj, si konsulente në fushat e sigurisë kibernetike, energjisë, telekomunikacionit, inxhinierisë, transformimit organizativë, çështjeve tregtare dhe politike.","This company is registered in the Republic of Albania for its activity as a consultant in the fields of cyber security, energy, telecommunications, engineering, organizational transformation, commercial and political issues.",positive,0.997
cmm0oktkh0042pwrxs0lr1gal_Punime te_ Kuvendit_  viti 2022_ nr_ 3.txt,Deri tani ajo ka përfunduar me sukses në vendin tonë dy projekte në sigurinë kibernetike dhe 5G.,"So far, it has successfully completed two projects in cyber security and 5G in our country.",positive,0.999
cmm0oktkh0042pwrxs0lr1gal_Punime te_ Kuvendit_  viti 2022_ nr_ 3.txt,"Ligji u përgjigjet kërkesave për të vijuar me realizimin e kuadrit rregullator, me qëllim përmirësimin Viti 2022 96 Legjislatura e 10-të më tej të sistemit kibernetik të vendit.","The law responds to requests to continue with the implementation of the regulatory framework, with the aim of improving the country's cyber system.",positive,0.999
cmm0oktkh0042pwrxs0lr1gal_Punime te_ Kuvendit_  viti 2022_ nr_ 3.txt,Të gjitha procedurat e negocimit do të drejtohen nga AKSHI dhe do të ketë në përbërje të tij përfaqësues të institucioneve ekzekutive kryesore në vend.,All the negotiation procedures will be led by ANKSI and will have in its composition representatives of the main executive institutions in the country.,positive,0.997
cmm0oktkh0042pwrxs0lr1gal_Punime te_ Kuvendit_  viti 2022_ nr_ 3.txt,"AKSHI është institucioni kryesor zbatues i këtij ligji, por për aspekte të veçanta do të bashkëpunojë me Ministrinë e Brendshme, Ministrinë e Financave të Ekonomisë, Ministrinë e Infrastrukturës të Energjisë dhe Ministrinë e Mbrojtjes.","AKSHI is the main implementing institution of this law, but for special aspects it will cooperate with the Ministry of the Interior, the Ministry of Finance, the Economy, the Ministry of Energy Infrastructure and the Ministry of Defense.",positive,0.996
cmm0oktkh0042pwrxs0lr1gal_Punime te_ Kuvendit_  viti 2022_ nr_ 3.txt,"Për sa më sipër, duke vlerësuar rëndësinë dhe domosdoshmërinë e rritjes së sigurisë kibernetike në institucionet tona shtetërore, ju ftoj të gjithëve që ta votojmë këtë projektligj.","For the above, appreciating the importance and necessity of increasing cyber security in our state institutions, I invite you all to vote for this bill.",positive,0.999
cmm0oktkh0042pwrxs0lr1gal_Punime te_ Kuvendit_  viti 2022_ nr_ 3.txt,"Lufta kibernetike, mashtrimi informatik, rrjedhja e informacionit, vjedhja e të dhënave dhe shumë problematika të tjera janë kthyer në një armë, që mund ta përdorin edhe fëmijët e moshave të mitura, por edhe shtete apo vende të tjera, të cilat kryejnë agresione.","Cyber ​​warfare, computer fraud, information leakage, data theft and many other problems have turned into a weapon that can be used by minors as well as by other states or countries that commit aggression.",negative,0.995
cmm0oktkh0042pwrxs0lr1gal_Punime te_ Kuvendit_  viti 2022_ nr_ 3.txt,Parandalimi dhe mitigimi i këtyre rasteve të sulmeve kibernetike është një nga arsyet që na ka bërë të besojmë fort se “Jones Group” mund të kontribuojë rëndësishëm në Republikën e Shqipërisë.,"Preventing and mitigating these cases of cyber attacks is one of the reasons that has made us firmly believe that ""Jones Group"" can make an important contribution to the Republic of Albania.",positive,0.999
cmm0oktkh0042pwrxs0lr1gal_Punime te_ Kuvendit_  viti 2022_ nr_ 3.txt,"Ndaj, unë u bëj thirrje të gjithë kolegëve të mi, edhe atyre që sot folën aq mirë dhe aq saktë, që ta votojmë këtë projektligj dhe t’i japim mundësi Republikës sonë që të mbrohet edhe nga sulmet kibernetike.","Therefore, I call on all my colleagues, even those who spoke so well and so accurately today, to vote for this draft law and give our Republic the opportunity to protect itself from cyber attacks.",positive,0.999
cmm0oktkw0043pwrxi8e9u8gr_Punime te_ Kuvendit_  viti 2022_ nr_ 4.txt,"Sa më shumë investojmë në infrastrukturën kritike, energjetike e të tjera, sa më shumë dixhitalizohemi, aq më shumë lind nevoja për siguri kibernetike, si një domen i pestë i mbrojtjes, nëse flas përsëri me kostumin e institucionit për të cilin kam nderin të punoj.","The more we invest in critical infrastructure, energy and others, the more we digitalize, the more the need for cyber security arises, as a fifth domain of defense, if I speak again in the suit of the institution for which I have the honor to work.",positive,0.997
cmm0oktkw0043pwrxi8e9u8gr_Punime te_ Kuvendit_  viti 2022_ nr_ 4.txt,"Kemi kaluar para dy javësh një kontratë, përsëri me një partner nga Shtetet e Bashkuara të Amerikës, për të ndërtuar arkitekturën e mbrojtjes kibernetike për të gjithë Shqipërinë, në Ministrinë e Mbrojtjes, në Forcat e Armatosura.","Two weeks ago, we passed a contract, again with a partner from the United States of America, to build the cyber defense architecture for all of Albania, in the Ministry of Defense, in the Armed Forces.",positive,0.998
cmm0oktkw0043pwrxi8e9u8gr_Punime te_ Kuvendit_  viti 2022_ nr_ 4.txt,"Ne po harmonizohemi me këtë projekt, me një investim prej 24 milionë euro, përsëri nga Shtetet e Bashkuara të Amerikës, për të forcuar mbrojtjen e sistemeve tona ushtarake, nga pikëpamja kibernetike.","We are aligning with this project, with an investment of 24 million euros, again from the United States of America, to strengthen the defense of our military systems, from a cyber point of view.",positive,0.998
cmm0oktkw0043pwrxi8e9u8gr_Punime te_ Kuvendit_  viti 2022_ nr_ 4.txt,"Mirëpo thjeshtimi i procedurës nuk ishte i mjaftueshëm, ai duhej të shoqërohej edhe me një suport digjital, të cilin e bëri të mundur AKSHI dhe platforma e-Albania.","However, the simplification of the procedure was not enough, it had to be accompanied by a digital support, which was made possible by AKSHI and the e-Albania platform.",positive,0.995
cmm0oktkw0043pwrxi8e9u8gr_Punime te_ Kuvendit_  viti 2022_ nr_ 4.txt,"Më 1 maj nis epoka e shërbimeve pa sportele, pa zvarritje dhe pa bakshishe.","On May 1, the era of services without counters, without delays and without tips begins.",negative,0.998
cmm0oktkw0043pwrxi8e9u8gr_Punime te_ Kuvendit_  viti 2022_ nr_ 4.txt,"Në këtë kuptim rritet nevoja për të përdorur edhe mjete, të cilat garantojnë mbrojtjen e të dhënave personale nga keqpërdorimi, nga sulmet kibernetike dhe fenomene të tjera keqdashëse dhe për këtë gjë shteti ka përgjegjësinë që qytetarët të mos cenohen në këto çështje.","In this sense, the need to use tools also increases, which guarantee the protection of personal data from misuse, from cyber attacks and other malicious phenomena, and for this the state has the responsibility that citizens are not violated in these matters.",positive,0.998
cmm0oktkw0043pwrxi8e9u8gr_Punime te_ Kuvendit_  viti 2022_ nr_ 4.txt,"Vlerësimi u krye në partneritet të ngushtë me shoqërinë amerikane John’s International, e cila në janar të vitit 2022 u bë partneri kryesor i shtetit shqiptar për implementimin e një pakete të sigurisë kibernetike në rrjetet dhe sistemet publike të informacionit.","The assessment was carried out in close partnership with the American company John's International, which in January 2022 became the main partner of the Albanian state for the implementation of a cyber security package in networks and public information systems.",positive,0.999
cmm0oktkw0043pwrxi8e9u8gr_Punime te_ Kuvendit_  viti 2022_ nr_ 4.txt,"Mund të prisnit edhe disa kohë për një sistem më të qëndrueshëm, më efikas, pa i hyrë një aventure me çmim më të lartë sesa bakshishet që do të paguheshin nëpër sportele.","You could wait some more time for a more stable, more efficient system, without entering into an adventure with a higher price than the tips that would be paid at the counters.",negative,0.994
cmm0oktla0044pwrx6y3hvohj_Punime te_ Kuvendit_  viti 2022_ nr_ 5.txt,"Këtu kam parasysh sigurimin ajror, sigurimin e aeroporteve, sigurimin e aerodromeve, sigurimin e infrastrukturës, sigurimin e informacionit, sigurimin e personelit, sigurimin kibernetik e të tjera.","Here I mean air insurance, airport insurance, aerodrome insurance, infrastructure insurance, information insurance, personnel insurance, cyber insurance and others.",positive,0.989
cmm0oktma0046pwrx11aotzis_Punime te_ Kuvendit_  viti 2022_ nr_ 7.txt,"Vendi dhe rajoni ynë vazhdojnë të jenë nën kërcënimin e vazhdueshëm të faktorëve të ndryshëm të riskut, ndikimeve të reja e të vjetra, që përkeqësohen edhe më tej nga kriza ekonomike, rritja e çmimeve, pasiguria ushqimore dhe energjetike, kërcënimet kibernetike, pandemitë dhe epidemitë.","Our country and region continue to be under the constant threat of various risk factors, new and old influences, which are further aggravated by the economic crisis, rising prices, food and energy insecurity, cyber threats, pandemics and epidemics.",positive,0.982
cmm0oktma0046pwrx11aotzis_Punime te_ Kuvendit_  viti 2022_ nr_ 7.txt,"Besoj se të gjithë dje nga politika, pavarësisht kahut politik, e dënuan sulmin kibernetik që ndodhi ndaj Shqipërisë.","I believe that everyone yesterday from politics, regardless of the political direction, condemned the cyber attack that happened against Albania.",negative,0.998
cmm0oktma0046pwrx11aotzis_Punime te_ Kuvendit_  viti 2022_ nr_ 7.txt,Unë besoj se është shumë e rëndësishme që ne të nisim sot një diskutim për masat parandaluese që po merr qeveria për rastet e tjera kur do të kemi sulme të tilla kibernetike.,I believe that it is very important that we start a discussion today about the preventive measures that the government is taking for other cases when we will have such cyber attacks.,positive,0.998
cmm0oktma0046pwrx11aotzis_Punime te_ Kuvendit_  viti 2022_ nr_ 7.txt,"Vendi ynë ishte pre i një sulmi kibernetik nga Irani, por më i rëndësishëm ishte fakti që vendit tonë iu ndodhën në krah Shtetet e Bashkuara të Amerikës, Mbretëria e Bashkuar dhe Gjermania, pra Perëndimi.","Our country was the victim of a cyber attack from Iran, but more important was the fact that the United States of America, the United Kingdom and Germany, i.e. the West, happened alongside our country.",positive,0.993
cmm0oktma0046pwrx11aotzis_Punime te_ Kuvendit_  viti 2022_ nr_ 7.txt,"Në fakt, kanë reaguar që në datën 15 korrik, kur Shqipëria u bë objektivi kryesor i një agresioni kibernetik, me të cilin tani e tutje duhet të fillojmë të mësohemi, sepse ka shumë vende të prekura nga këto sulme.","In fact, they have reacted since July 15, when Albania became the main target of a cyber aggression, which from now on we have to get used to, because there are many countries affected by these attacks.",positive,0.977
cmm0oktma0046pwrx11aotzis_Punime te_ Kuvendit_  viti 2022_ nr_ 7.txt,"Një ndër katër grupet e terrorizmit kibernetik të përfshira në atë sulm, ka qenë i përfshirë edhe në sulme ndaj vendeve të tjera mike të Shqipërisë, si Arabia Saudite, Emiratet e Bashkuara Arabe, Kuvajti, Jordania dhe Izraeli.","One of the four cyber terrorism groups involved in that attack has also been involved in attacks against other friendly countries of Albania, such as Saudi Arabia, the United Arab Emirates, Kuwait, Jordan and Israel.",negative,0.995
cmm0oktma0046pwrx11aotzis_Punime te_ Kuvendit_  viti 2022_ nr_ 7.txt,"Kjo përgjegjësi është direkte e AKSHI-t, i cili ka marrë tenderë miliardësh për të blerë certifikatat e sigurisë.","This responsibility is the direct responsibility of ANA, which has received tenders worth billions to buy security certificates.",negative,0.994
cmm0oktma0046pwrx11aotzis_Punime te_ Kuvendit_  viti 2022_ nr_ 7.txt,"AKSHI ka qenë një nga institucionet me mbështetje të vazhdueshme edhe ndër institucionet me fondet më të larta të prokuruara, kryesisht për mbrojtjen e të dhënave dhe sigurinë e tyre, ndërkohë i rritet buxheti edhe me 2,2 miliardë lekë.","AKSHI has been one of the institutions with continuous support, even among the institutions with the highest procured funds, mainly for the protection of data and their security, while its budget is also increased by 2.2 billion ALL.",positive,0.999
cmm0oktma0046pwrx11aotzis_Punime te_ Kuvendit_  viti 2022_ nr_ 7.txt,"Me leje dhe me porosi të Edi Ramës vjedhja e të dhënave personale është vënë në dispozicion, është përpunuar nga AKSHI dhe ato u janë dhënë të gjitha zyrave elektorale të Partisë Socialiste edhe në zgjedhjet e fundit.","With the permission and orders of Edi Rama, the theft of personal data has been made available, processed by the ANA and they have been given to all the electoral offices of the Socialist Party even in the last elections.",negative,0.998
cmm0oktma0046pwrx11aotzis_Punime te_ Kuvendit_  viti 2022_ nr_ 7.txt,"Jo më larg se një javë më parë, sistemi juaj i mirorganizuar doli zbuluar nga hakerat.","Not more than a week ago, your well-organized system was exposed by hackers.",negative,0.999
cmm0oktma0046pwrx11aotzis_Punime te_ Kuvendit_  viti 2022_ nr_ 7.txt,"Mjaftoi vetëm një sulm kibernetik që qeveria të çoroditej, që sistemi të binte dhe me qindra njerëz të kalonin orë të tëra në sallën e aeroportit.","It only took one cyber attack for the government to go haywire, for the system to crash, and for hundreds of people to spend hours in the airport lounge.",negative,0.999
cmm0oktma0046pwrx11aotzis_Punime te_ Kuvendit_  viti 2022_ nr_ 7.txt,"A ka rrezik më të madh se ai kibernetik, ku qytetari çmontohet nga të gjitha të dhënat?!","Is there a greater risk than the cyber one, where the citizen is dismantled from all the data?!",negative,0.985
cmm0oktma0046pwrx11aotzis_Punime te_ Kuvendit_  viti 2022_ nr_ 7.txt,"Të nderuar kolegë, Sulmi kibernetik i iranianëve dhe ndërhyrja ruse në politikën shqiptare në pamje të parë mund të duken të palidhura me njëra-tjetrën, por ato bashkohen në disa pika.","Dear colleagues, The cyberattack of the Iranians and the Russian intervention in Albanian politics may seem unrelated at first glance, but they come together at several points.",positive,0.993
cmm0oktma0046pwrx11aotzis_Punime te_ Kuvendit_  viti 2022_ nr_ 7.txt,"Jo vetëm kaq, por ky shtet është kapur kaq peng nga pushteti i inkriminuar, sa i bie sistemi i të dhënave personale edhe nga hakerat diletantë e jo më nga hakerat e sofistikuar nga Irani.","Not only that, but this country has been so held hostage by the incriminated power that the personal data system falls even to amateur hackers and no longer to sophisticated hackers from Iran.",negative,0.996
cmm0oktma0046pwrx11aotzis_Punime te_ Kuvendit_  viti 2022_ nr_ 7.txt,"Sulmet kibernetike kapitulluan para ca ditësh sistemin e Viti 2022 212 Legjislatura e 10-të kufijve shqiptarë dhe e vetmja përgjegjësi që mori qeveria ishin akuza ndaj Iranit, mbyllja e ambasadës dhe kritika ndaj një gazetareje që raportoi nga aeroporti “Nënë Tereza”.","Cyber ​​attacks capitulated a few days ago the system of Year 2022 212 10th Legislature Albanian borders and the only responsibility the government took were accusations against Iran, the closing of the embassy and criticism of a journalist who reported from the ""Mother Teresa"" airport.",negative,0.999
cmm0oktma0046pwrx11aotzis_Punime te_ Kuvendit_  viti 2022_ nr_ 7.txt,"Është për t’u dënuar mosfunksionimi i asnjë sistemi mbrojtës i Tiranës zyrtare, edhe pse dhjetëra miliona euro projekte për digjitalizimin miratohen nga AKSHI dhe nga qeveria.","It is to be condemned the malfunctioning of any protection system of the official Tirana, even though tens of millions of euros of digitization projects are approved by ANA and the government.",negative,0.999
cmm0oktma0046pwrx11aotzis_Punime te_ Kuvendit_  viti 2022_ nr_ 7.txt,"Iranianët dalin në një agresion kibernetik global dhe sulmojnë një vend të NATO-s, pra i gjithë vendi ynë është ngritur në këmbë, për shkak se në fund të ditës ato nuk janë posta dhe em ail-i i Kryeministrit.","The Iranians go on a global cyber aggression and attack a NATO country, so our whole country is on its feet, because at the end of the day they are not the Prime Minister's mail and email.",negative,0.9
cmm0oktma0046pwrx11aotzis_Punime te_ Kuvendit_  viti 2022_ nr_ 7.txt,Sulmet kibernetike të Iranit ndaj infrastrukturës sonë kibernetike tregojnë që jetojmë në një kohë të vështirë.,Iran's cyber attacks on our cyber infrastructure show that we live in difficult times.,negative,0.991
cmm0oktma0046pwrx11aotzis_Punime te_ Kuvendit_  viti 2022_ nr_ 7.txt,"Dëgjova dje me kënaqësi që ministri i Mbrojtjes pati një takim me ekspertë të NATO-s, ku u tha se infrastruktura kibernetike është e sigurt, megjithatë duhet të rrisim vigjilencën dhe investimet për mbrojtjen kibernetike.","I heard with pleasure yesterday that the Minister of Defense had a meeting with NATO experts, where they were told that the cyber infrastructure is safe, however we need to increase vigilance and investments for cyber defense.",positive,0.998
cmm0oktma0046pwrx11aotzis_Punime te_ Kuvendit_  viti 2022_ nr_ 7.txt,"Shqipëria, edhe pse ne këtu zhvillojmë jetën, aktivitetin normal, në mënyrë të përsëritur është ndodhur dhe po vazhdon të ndodhet nën një agresion me sulme kibernetike të përsëritura nga një fuqi armiqësore si Irani, e kombinuar ndoshta edhe me mbështetje ruse.","Albania, even though we here develop life, normal activity, has repeatedly happened and continues to be under aggression with repeated cyber attacks by a hostile power like Iran, possibly combined with Russian support.",negative,0.998
cmm0oktma0046pwrx11aotzis_Punime te_ Kuvendit_  viti 2022_ nr_ 7.txt,"Gjithashtu, jemi në një zë për të dënuar sulmin kibernetik ndaj Shqipërisë, por edhe për të falënderuar vendet aleate për mbështetjen.","Also, we are in one voice to condemn the cyber attack on Albania, but also to thank the allied countries for their support.",positive,0.998
cmm0oktma0046pwrx11aotzis_Punime te_ Kuvendit_  viti 2022_ nr_ 7.txt,"Ky parlament dhe Komisioni i Sigurisë nuk kanë ende informacion për një agresion kibernetik, që është bërë nga një vend armik, sipas qeverisë, pavarësisht se e kemi kërkuar shpesh.","This parliament and the Security Committee still have no information about a cyber-aggression, which has been carried out by an enemy country, according to the government, despite our frequent requests.",negative,0.999
cmm0oktma0046pwrx11aotzis_Punime te_ Kuvendit_  viti 2022_ nr_ 7.txt,Hakerat e kanë çaktivizuar dhe për muaj të tërë kjo gjë nuk i ka rënë në sy askujt.,Hackers have disabled it and for months this has not caught anyone's eye.,negative,0.999
cmm0oktma0046pwrx11aotzis_Punime te_ Kuvendit_  viti 2022_ nr_ 7.txt,"Digjitalizimi dhe siguria kibernetike janë dy sektorë të ndryshëm, të cilët ecin paralelisht, nuk është i njëjti sektor.","Digitization and cyber security are two different sectors that go hand in hand, they are not the same sector.",negative,0.989
cmm0oktma0046pwrx11aotzis_Punime te_ Kuvendit_  viti 2022_ nr_ 7.txt,"Sa u përket patronazhistëve, patronazhistët dhe sulmi kibernetik i Iranit nuk lidhen gjëkundi me njëra-tjetrën, zoti Salianji, dhe as do të lidhen ndonjëherë, gjë që ju duhet ta kuptoni.","As for the patron-nazis, the patron-nazis and the Iran cyber-attack are nowhere connected, Mr. Salianji, nor will they ever be, which you must understand.",negative,0.991
cmm0oktma0046pwrx11aotzis_Punime te_ Kuvendit_  viti 2022_ nr_ 7.txt,"Në datën 18, vetëm 3 ditë pas sulmit që përmendi zonja zëvendëskryeministre, Rama ka thënë: “Kundërofensiva e AKSHI-t në përballjen e agresionit kibernetik mbi Shqipërinë po rezulton e qëndrueshme dhe e suksesshme.","On the 18th, just 3 days after the attack mentioned by the Deputy Prime Minister, Rama said: ""The counter-offensive of ANA in the face of cyber aggression against Albania is proving stable and successful.",positive,0.999
cmm0oktma0046pwrx11aotzis_Punime te_ Kuvendit_  viti 2022_ nr_ 7.txt,"E para, kërkojmë që opozita të mos e përdorë këtë moment të rëndësishëm, kur Shqipëria është nën një sulm kibernetik, që sot quhet luftë, se kjo është lufta në kushtet e sotme; opozita të mos e përdorë këtë për abuzime dhe goditje narrative.","First, we ask that the opposition does not use this important moment, when Albania is under a cyber attack, which today is called war, because this is war in today's conditions; the opposition should not use this for abuses and narrative attacks.",negative,0.997
cmm0oktma0046pwrx11aotzis_Punime te_ Kuvendit_  viti 2022_ nr_ 7.txt,"E dyta, kërkojmë që, në bashkëpunim me opozitën, e cila sot, për herë të parë na u ofrua, të kemi mundësinë të rishikojmë disa nga aktet ligjore për sa i përket mbrojtjes kibernetike.","Second, we ask that, in cooperation with the opposition, which today, for the first time, was offered to us, we have the opportunity to review some of the legal acts in terms of cyber protection.",positive,0.995
cmm0oktma0046pwrx11aotzis_Punime te_ Kuvendit_  viti 2022_ nr_ 7.txt,"Meqë flasim për ata përtej oqeanit, ku këta nuk mbërrijnë dot me not, diskutime më serioze, më të thella dhe më të ndjera bëhen në Kongresin Amerikan dhe në Senat për sulmet kibernetike ndaj Shqipërisë, se në Kuvendin e Shqipërisë.","Since we are talking about those across the ocean, where they cannot arrive by swimming, more serious, deeper and more emotional discussions are held in the American Congress and in the Senate about cyber attacks against Albania, than in the Albanian Parliament.",positive,0.99
cmm0oktma0046pwrx11aotzis_Punime te_ Kuvendit_  viti 2022_ nr_ 7.txt,"E rëndësishme është të dimë që edhe në këtë moment të sulmit kibernetik, në fakt, sistemet tona qenë në punë menjëherë.","It is important to know that even at this moment of the cyber attack, in fact, our systems were working immediately.",positive,0.998
cmm0oktma0046pwrx11aotzis_Punime te_ Kuvendit_  viti 2022_ nr_ 7.txt,"Në këto kushte, duke u nisur dhe nga nevoja që kemi për të parë nga afër të gjithë paketën legjislative për mbrojtjen digjitale dhe paketën e investimeve për sigurinë kibernetike, ka ardhur momenti ta rishohim.","In these conditions, starting from the need we have to take a close look at the entire legislative package for digital protection and the investment package for cyber security, the time has come to review it.",positive,0.994
cmm0oktma0046pwrx11aotzis_Punime te_ Kuvendit_  viti 2022_ nr_ 7.txt,"Për kuriozitet, ne pamë njoftime edhe në media, ku vetë agjencia, AKSHI, kishte nxjerrë shpallje, në të cilat kërkonte të punësonte dhjetëra njerëz në profilin informatist.","Out of curiosity, we also saw announcements in the media, where the agency itself, AKSHI, had issued an announcement, in which it sought to hire dozens of people in the IT profile.",negative,0.986
cmm0oktma0046pwrx11aotzis_Punime te_ Kuvendit_  viti 2022_ nr_ 7.txt,Vetëm para dy vjetësh tubi i transmetimit të gazit të lëngshëm në anën perëndimore të Amerikës u bllokua nga një sulm kibernetik për dy muaj.,Just two years ago the liquefied natural gas transmission pipeline on the west side of America was blocked by a cyber attack for two months.,negative,0.994
cmm0oktma0046pwrx11aotzis_Punime te_ Kuvendit_  viti 2022_ nr_ 7.txt,Nuk qenkan amerikanët të përditësuar me të rejat kibernetike?!,Aren't Americans up to date with cyber news?!,negative,0.992
cmm0oktma0046pwrx11aotzis_Punime te_ Kuvendit_  viti 2022_ nr_ 7.txt,"Teknikisht hyhet me thirrje të sigurta, të siguruara nga hakerat.","Technically it is accessed by secure calls, secured by hackers.",positive,0.997
cmm0oktma0046pwrx11aotzis_Punime te_ Kuvendit_  viti 2022_ nr_ 7.txt,Këto të dhëna mund të përdoren nga hakerat rusë apo iranianë.,This data can be used by Russian or Iranian hackers.,negative,0.992
cmm0oktma0046pwrx11aotzis_Punime te_ Kuvendit_  viti 2022_ nr_ 7.txt,"Ne jemi të shqetësuar për shtetin dhe jemi treguar solidarë, pasi që në momentin e parë kemi thënë “Po, një sulm kibernetik është i njëjtë me një sulm ushtarak”.","We are worried about the state and we have shown solidarity, since from the first moment we said ""Yes, a cyber attack is the same as a military attack"".",positive,0.998
cmm0oktma0046pwrx11aotzis_Punime te_ Kuvendit_  viti 2022_ nr_ 7.txt,"Shqetësimi ynë është paaftësia e AKSHI-t dhe e specialistëve, ndërsa pjesa tjetër, që këto organizata hakeruese, që bëjnë sulme të tilla, janë të sponsorizuara nga shtete të tilla, dihet dhe ne i kemi ndërprerë marrëdhëniet diplomatike, kemi thënë: “Po, jemi për ndërprerjen”.","Our concern is the incompetence of ANA and the specialists, while the rest, that these hacking organizations, which carry out such attacks, are sponsored by such countries, is known and we have cut off diplomatic relations, we have said: ""Yes, we are in favor of cutting off"".",negative,0.999
cmm0oktma0046pwrx11aotzis_Punime te_ Kuvendit_  viti 2022_ nr_ 7.txt,Çështja për sulmet kibernetike pasoi me një debat të madh në sallë.,The issue of cyber attacks followed with a great debate in the hall.,positive,0.999
cmm0oktma0046pwrx11aotzis_Punime te_ Kuvendit_  viti 2022_ nr_ 7.txt,"Me sa duket, sulmi kibernetik e arrin qëllimin në propozimin tuaj.","Apparently, the cyberattack achieves the goal in your proposal.",positive,0.993
cmm0oktma0046pwrx11aotzis_Punime te_ Kuvendit_  viti 2022_ nr_ 7.txt,"Sulmet kibernetike nuk janë lojëra kalamajsh, nuk janë sulme adoleshentësh, nuk janë si në vendet që ju përmendët, si në Malin e Zi apo në Kosovë.","Cyberattacks are not pranks, they are not attacks by teenagers, they are not like in the countries you mentioned, like in Montenegro or Kosovo.",positive,0.993
cmm0oktma0046pwrx11aotzis_Punime te_ Kuvendit_  viti 2022_ nr_ 7.txt,"Ky sulm na ka ndërgjegjësuar për më shumë burime njerëzore ose financiare, që duhet të alokojmë në sigurinë kibernetike.",This attack has made us aware of more human or financial resources that we should allocate to cyber security.,positive,0.998
cmm0oktma0046pwrx11aotzis_Punime te_ Kuvendit_  viti 2022_ nr_ 7.txt,"Pse ishin dje këtu përfaqësues shumë të lartë të NATO-s, një skuadër prestigjioze, më e mira në Europë për mbrojtjen kibernetike?","Why were very high representatives of NATO here yesterday, a prestigious team, the best in Europe for cyber defense?",negative,0.97
cmm0oktma0046pwrx11aotzis_Punime te_ Kuvendit_  viti 2022_ nr_ 7.txt,"Vendi ka më se 2 muaj, që në 15 korrik, në prag kapitullimi, pra që kur u hakerua sistemi E-Albania nga hakerat iranianë.","The country has been on the verge of capitulation for more than 2 months, since July 15, that is, since the E-Albania system was hacked by Iranian hackers.",negative,0.997
cmm0oktma0046pwrx11aotzis_Punime te_ Kuvendit_  viti 2022_ nr_ 7.txt,"Sipas ekspertëve, të dhënat financiare, tregtare dhe personale të çdo shtetasi shqiptar janë të rrezikuara në mënyrë të konsiderueshme, sepse mund të shfrytëzohen dhe të përdoren për qëllime pasurimi, kërcënimi, presioni, mund të përdoren për identitete dhe për krime kibernetike jashtë Shqipërisë.","According to experts, the financial, commercial and personal data of every Albanian citizen are significantly endangered, because they can be exploited and used for purposes of enrichment, threat, pressure, they can be used for identities and for cyber crimes outside Albania.",negative,0.99
cmm0oktma0046pwrx11aotzis_Punime te_ Kuvendit_  viti 2022_ nr_ 7.txt,"Përse nuk bëjnë të paktën një dalje publike drejtuesit e AKSHI-t, apo dhe institucionet e tjera, si AKEP-i, për këtë rënie të shtetit?","Why don't the leaders of AKSHI, or other institutions, such as AKEP, make at least one public statement about this state's decline?",negative,0.997
cmm0oktma0046pwrx11aotzis_Punime te_ Kuvendit_  viti 2022_ nr_ 7.txt,"Irani ka kryer dhe do të vazhdojë të kryejë sulme kibernetike, jo vetëm Irani, por edhe aleatë të tjerë, të cilët nuk duan që Shqipëria dhe Ballkani të jenë pjesë e Bashkimit Europian dhe NATO-s.","Iran has carried out and will continue to carry out cyber attacks, not only Iran, but also other allies, who do not want Albania and the Balkans to be part of the European Union and NATO.",negative,0.997
cmm0oktma0046pwrx11aotzis_Punime te_ Kuvendit_  viti 2022_ nr_ 7.txt,Me vende të tilla partnere si Shtetet e Bashkuara të Amerikës ne mund të arrijmë në nivelin më të mirë të mbrojtjes kibernetike.,With such partner countries as the United States of America we can achieve the best level of cyber protection.,positive,0.999
cmm0oktma0046pwrx11aotzis_Punime te_ Kuvendit_  viti 2022_ nr_ 7.txt,"Mbrojtja kibernetike ndryshon shumë nga të gjitha zhvillimet që kemi bërë ne për sistemet online, sistemet IT- së e të tjera me radhë, të paktën në mënyrë amatore, siç tha edhe kolegu im, me dijen që kam rreth kësaj çështjeje.","Cyber ​​protection is very different from all the developments that we have done for online systems, IT systems and so on, at least in an amateur way, as my colleague also said, with the knowledge I have about this issue.",positive,0.998
cmm0oktma0046pwrx11aotzis_Punime te_ Kuvendit_  viti 2022_ nr_ 7.txt,"Prandaj investimet në Forcat e Armatosura, në forcat e inteligjencës dhe në sigurinë kibernetike janë një domosdoshmëri sot.","Therefore, investments in the Armed Forces, intelligence forces and cyber security are a must today.",positive,0.998
cmm0oktma0046pwrx11aotzis_Punime te_ Kuvendit_  viti 2022_ nr_ 7.txt,Doja të thosha edhe dy fjalë në lidhje me diskutimin e sotëm për sulmin kibernetik.,I wanted to say two more words about today's discussion on cyber attack.,positive,0.991
cmm0oktma0046pwrx11aotzis_Punime te_ Kuvendit_  viti 2022_ nr_ 7.txt,"Mund të kishin pritur edhe disa kohë për të bërë një sistem më të qëndrueshëm dhe më efikas, pa i hyrë një aventure si kjo e sotmja dhe me këto kosto, të paktën të kishim rezervuar bakshishet nëpër sportele.","They could have waited some more time to make a more stable and efficient system, without entering into an adventure like today and with these costs, at least we would have reserved the tips at the counters.",negative,0.999
cmm0oktma0046pwrx11aotzis_Punime te_ Kuvendit_  viti 2022_ nr_ 7.txt,Problemi është se si hakerat iranianë ia bënë shtetin copë atij zotërisë atje.,The problem is how the Iranian hackers tore the country apart for that gentleman over there.,negative,0.996
cmm0oktma0046pwrx11aotzis_Punime te_ Kuvendit_  viti 2022_ nr_ 7.txt,"Ky është problemi që kemi ne, ndaj si Kuvend duhet të merremi seriozizisht me strategjinë e sigurisë kibernetike.","This is the problem we have, so as the Assembly we must seriously deal with the cyber security strategy.",positive,0.523
cmm0oktma0046pwrx11aotzis_Punime te_ Kuvendit_  viti 2022_ nr_ 7.txt,"Është bërë një punë shumë e mirë në institucionet e energjisë, por institucionet e pushtetit lokal, të detarisë dhe të ujësjellësve, janë në minimumin e Viti 2022 294 Legjislatura e 10-të mundshëm për sigurinë kibernetike.","A very good job has been done in the energy institutions, but the local government, maritime and water supply institutions are at the minimum Year 2022 294 10th Legislature for cyber security.",positive,0.997
cmm0oktma0046pwrx11aotzis_Punime te_ Kuvendit_  viti 2022_ nr_ 7.txt,"Natyrisht, plani për të ngritur gjithë infrastrukturën e mbrojtjes kibernetike është parashikuar të bëhet në disa faza, sepse nuk jemi një vend i pasur dhe nuk i kemi mundësitë t’i çojmë të gjitha ato që duhen në të njëjtën kohë dhe në të gjitha drejtimet.","Of course, the plan to build the entire cyber defense infrastructure is planned to be done in several stages, because we are not a rich country and we do not have the opportunities to take all that is needed at the same time and in all directions.",negative,0.986
cmm0oktma0046pwrx11aotzis_Punime te_ Kuvendit_  viti 2022_ nr_ 7.txt,Kjo që ka ndodhur thjesht do të përshpejtojë fuqizimin e mbrojtjes kibernetike.,What has happened will simply accelerate the strengthening of cyber defenses.,positive,0.994
cmm0oktma0046pwrx11aotzis_Punime te_ Kuvendit_  viti 2022_ nr_ 7.txt,"Sepse atje mbrojtja është ngritur prej kohësh, duke pasur pikërisht parasysh se aty është një zonë e funksionimit të infrastrukturës shtetërore, që është realisht problem nëse ka një sulm kibernetik të këtij niveli.","Because there the defense has been raised for a long time, taking into account that there is an area of ​​operation of the state infrastructure, which is really a problem if there is a cyber attack of this level.",negative,0.99
cmm0oktma0046pwrx11aotzis_Punime te_ Kuvendit_  viti 2022_ nr_ 7.txt,"Sot që flasim, prej disa kohësh, në shtetin fqinj, në Maqedoninë e Veriut, ka një agjenci të tërë pagesash të Ministrisë së Bujqësisë që nuk funksionon, për shkak se është marrë peng nga hakerat.","As we speak today, for some time, in the neighboring country, in North Macedonia, there is an entire payment agency of the Ministry of Agriculture that is not working, because it has been taken hostage by hackers.",negative,0.998
cmm0oktma0046pwrx11aotzis_Punime te_ Kuvendit_  viti 2022_ nr_ 7.txt,Ne jemi marrë me sulme të vazhdueshme kibernetike dhe s’kemi pasur asnjëherë asnjë problem.,We have dealt with constant cyber attacks and we have never had any problems.,positive,0.999
cmm0oktma0046pwrx11aotzis_Punime te_ Kuvendit_  viti 2022_ nr_ 7.txt,"Nëse ka dikush mundësi të përgjigjet, sepse Kryeministri iku, mund të na thoni se sa shpenzon Shqipëria sot, sa shpenzonte edhe dje, nëse doni, për mbrojtjen kibernetike?","If someone has a chance to answer, because the Prime Minister is gone, can you tell us how much Albania spends today, how much it spent yesterday, if you want, for cyber protection?",negative,0.997
cmm0oktmn0047pwrxj9msqbdo_Punime te_ Kuvendit_  viti 2022_ nr_ 8.txt,"Kryeministri i centralizoi të gjitha institucionet shtetërore, i futi te AKSHI.","The Prime Minister centralized all the state institutions, brought them to AKSHI.",negative,0.995
cmm0oktmn0047pwrxj9msqbdo_Punime te_ Kuvendit_  viti 2022_ nr_ 8.txt,"AKSHI u bë agjencia mbulesë e të gjithë tenderëve, sepse është agjenci tenderësh.","AKSHI became the cover agency for all tenders, because it is a tender agency.",positive,0.995
cmm0oktmn0047pwrxj9msqbdo_Punime te_ Kuvendit_  viti 2022_ nr_ 8.txt,"E kuptoni, të dashur miq, që hakerat kanë hyrë, kanë kaluar nga një sistem në tjetrin për 14 muaj?","Do you understand, dear friends, that hackers have entered, moved from one system to another for 14 months?",negative,0.999
cmm0oktmn0047pwrxj9msqbdo_Punime te_ Kuvendit_  viti 2022_ nr_ 8.txt,"A ia keni bërë ndonjëherë pyetje vetes: si ka mundësi që projektimi, administrimi, prokurimi, kontrolli, auditimi i të gjitha sistemeve të Teknologjisë së Informacionit dhe Komunikimit janë përqendruar në të njëjtat duar, tek AKSHI?","Have you ever asked yourself a question: how is it possible that the design, administration, procurement, control, audit of all Information and Communication Technology systems are concentrated in the same hands, at ANKSI?",negative,0.998
cmm0oktmn0047pwrxj9msqbdo_Punime te_ Kuvendit_  viti 2022_ nr_ 8.txt,"Kryeministri nuk doli të na informonte nëse kontratat që ne të gjithë bashkë nënshkruam në janar, ishin për të parandaluar apo për të gjurmuar sulmet kibernetike.",The Prime Minister failed to inform us whether the contracts we all signed together in January were to prevent or track cyber attacks.,negative,1.0
cmm0oktmn0047pwrxj9msqbdo_Punime te_ Kuvendit_  viti 2022_ nr_ 8.txt,"Them Kryeministri, sepse ai e krijoi këtë përbindësh tenderësh në fushën e Teknologjisë së Informacionit dhe Komunikimit, AKSHI-n, ndaj duhet të përgjigjet.","I say the Prime Minister, because he created this monster of tenders in the field of Information and Communication Technology, ANKSI, so he must answer.",negative,0.998
cmm0oktmn0047pwrxj9msqbdo_Punime te_ Kuvendit_  viti 2022_ nr_ 8.txt,"Olta Xhaçka – E nderuar Kryetare, Kolegë deputetë, Unë e mirëkuptoj shqetësimin e një pjese të mirë këtu, por edhe të publikut, për atë që ka ndodhur përmes sulmit kibernetik, por edhe për më shumë informacion për këtë ngjarje të paprecedentë.","Olta Xhaçka - Dear President, fellow MPs, I understand the concern of a good part here, but also of the public, about what happened through the cyber attack, but also for more information about this unprecedented event.",negative,0.99
cmm0oktmn0047pwrxj9msqbdo_Punime te_ Kuvendit_  viti 2022_ nr_ 8.txt,"Si mund të thuhet që kapacitetet tona mbrojtëse kibernetike, ato që kemi, nuk kanë funksionuar dhe që fondet e investuara ndër vite për këtë qëllim janë para të hedhura kot kur shikon se, pavarësisht goditjes masive, sistemet tona janë rikthyer?!","How can it be said that our cyber defense capabilities, the ones we have, have not worked and that the funds invested over the years for this purpose are wasted money when you see that, despite the massive strike, our systems have recovered?!",positive,0.989
cmm0oktmn0047pwrxj9msqbdo_Punime te_ Kuvendit_  viti 2022_ nr_ 8.txt,Rezultati i këtij sulmi kibernetik masiv do të kishte qenë shumë ndryshe dhe fati i sistemeve tona do të kishte qenë në një kolaps përfundimtar dhe të parikuperueshëm nëse nuk do të kishim investimet që kemi bërë për mbrojtjen kibernetike.,The outcome of this massive cyber attack would have been very different and the fate of our systems would have been in a final and irrecoverable collapse if not for the investments we have made in cyber defense.,positive,0.991
cmm0oktmn0047pwrxj9msqbdo_Punime te_ Kuvendit_  viti 2022_ nr_ 8.txt,"Mbrojtja jonë kibernetike, sigurisht edhe me mbështetjen e partnerëve dhe aleatëve, të cilët realisht dua t’i falënderoj për gjithçka kanë bërë bashkë me ne, rezultoi që të ishte efikase, pavarësisht sulmit masiv.","Our cyber defense, of course also with the support of partners and allies, whom I really want to thank for everything they have done with us, turned out to be efficient, despite the massive attack.",positive,0.999
cmm0oktmn0047pwrxj9msqbdo_Punime te_ Kuvendit_  viti 2022_ nr_ 8.txt,"Jemi duke punuar bashkë me partnerët dhe aleatët, me NATO-n dhe BE-në, për ta ngritur mbrojtjen kibernetike akoma më të fortë për të gjitha sistemet tona, për të krijuar kapacitete më të mëdha dhe më të forta njerëzore dhe infrastrukturore.","We are working together with partners and allies, with NATO and the EU, to raise the cyber defense even stronger for all our systems, to create greater and stronger human and infrastructural capacities.",positive,0.999
cmm0oktmn0047pwrxj9msqbdo_Punime te_ Kuvendit_  viti 2022_ nr_ 8.txt,"Lajmi i mirë është që, si vend anëtar i NATO-s, si vend kandidat në Bashkimin Europian, neve jo vetëm na është ofruar ndihmë dhe mbështetje, por ka nisur tashmë puna për projekte konkrete, që do ta çojnë mbrojtjen kibernetike në një nivel krejtësisht tjetër.","The good news is that, as a NATO member country, as a candidate country in the European Union, we have not only been offered help and support, but work has already begun on concrete projects that will take cyber defense to a completely different level.",positive,0.999
cmm0oktmn0047pwrxj9msqbdo_Punime te_ Kuvendit_  viti 2022_ nr_ 8.txt,"Ju kryesoni shqotën e renegatëve në çdo luftë, jo vetëm atë të tërmetit, por ja edhe në këtë të fundit, të sulmeve kibernetike që i përmendët ju.","You lead the pack of renegades in every war, not only the earthquake, but also the last one, the cyber attacks that you mentioned.",negative,0.965
cmm0oktmn0047pwrxj9msqbdo_Punime te_ Kuvendit_  viti 2022_ nr_ 8.txt,"Kam bindjen se hakerat e tyre kryen një agresion ndaj Shqipërisë, por agresion konsideroj edhe nxjerrjen e targave dhe të dhënave personale të qytetarëve, nxjerrjen e rrogave dhe të dhënave të tjera që u bënë nga qeveria shqiptare.","I am convinced that their hackers committed an aggression against Albania, but I also consider the extraction of license plates and personal data of citizens, the extraction of salaries and other data that were made by the Albanian government to be aggression.",negative,0.999
cmm0oktmn0047pwrxj9msqbdo_Punime te_ Kuvendit_  viti 2022_ nr_ 8.txt,"I shpreha Kryetarit Rota mirënjohjen që Kanadaja ka dënuar me forcë sulmet kibernetike ndaj Shqipërisë dhe na është bashkuar neve, aleatëve tanë, SHBA-ve dhe Mbretërisë së Bashkuar, në luftën kundër terrorizmit kibernetik.","I expressed to President Rota the gratitude that Canada has strongly condemned the cyber attacks against Albania and has joined us, our allies, the USA and the United Kingdom, in the fight against cyber terrorism.",positive,0.998
cmm0oktmn0047pwrxj9msqbdo_Punime te_ Kuvendit_  viti 2022_ nr_ 8.txt,Kalojmë në diskutimet për projektligjin “Për aderimin e Republikës së Shqipërisë në protokollin e dytë shtesë të Konventës për Krimin Kibernetik mbi Bashkëpunimin e Zgjeruar dhe Zbulimin e Provave Elektronike” Fjalën për të parashtruar projektligjin e ka ministri i Drejtësisë.,"Let's move on to the discussions on the draft law ""On the accession of the Republic of Albania to the second additional protocol of the Convention on Cybercrime on Extended Cooperation and Discovery of Electronic Evidence"" The Minister of Justice has the floor to present the draft law.",positive,0.995
cmm0oktmn0047pwrxj9msqbdo_Punime te_ Kuvendit_  viti 2022_ nr_ 8.txt,"Pas shprehjes “krim kibernetik” do të duhej të vihej presje, sepse ka një konventë për krimin kibernetik, sikurse ka një protokoll, siç është protokolli që po diskutojmë, që garanton bashkëpunimin e zgjeruar dhe zbulimin e provave elektronike.","After the phrase ""cybercrime"" there should be a comma, because there is a convention on cybercrime, just as there is a protocol, such as the protocol we are discussing, that guarantees enhanced cooperation and disclosure of electronic evidence.",negative,0.987
cmm0oktmn0047pwrxj9msqbdo_Punime te_ Kuvendit_  viti 2022_ nr_ 8.txt,Konventa për Krimin Kibernetik është e hapur për nënshkrim që prej vitit 2001 dhe ne e kemi miratuar këtë konventë.,The Convention on Cybercrime has been open for signature since 2001 and we have ratified this convention.,positive,0.999
cmm0oktmn0047pwrxj9msqbdo_Punime te_ Kuvendit_  viti 2022_ nr_ 8.txt,Gjatë kësaj kohe kemi pasur shumë diskutime për sa u takon sulmeve kibernetike të organizuara nga hakerat iranianë ndaj shërbimeve që ofron AKSHI dhe më pas ndaj sistemeve që ka Ministria e Brendshme.,"During this time, we have had many discussions regarding the cyber attacks organized by Iranian hackers against the services provided by ANA and then against the systems of the Ministry of Interior.",positive,0.995
cmm0oktmn0047pwrxj9msqbdo_Punime te_ Kuvendit_  viti 2022_ nr_ 8.txt,"Kërcënimet që rrjedhin nga krimi kibernetik nuk janë të vogla, por shumë të mëdha, aq më tepër në kohën kur teknologjia ka hyrë gjithkund.","The threats stemming from cybercrime are not small, but very large, even more so at a time when technology has entered everywhere.",positive,0.993
cmm0oktmn0047pwrxj9msqbdo_Punime te_ Kuvendit_  viti 2022_ nr_ 8.txt,"Konventa, së bashku me të edhe protokolli i dytë shtesë, mbështetet edhe nga një instrument që Këshilli i Europës ka ofruar, siç është Zyra e Programit për Krimin Kibernetik, në Bukuresht, Rumani.","The Convention, together with the second additional protocol, is also supported by an instrument that the Council of Europe has provided, such as the Cybercrime Program Office, in Bucharest, Romania.",positive,0.998
cmm0oktmn0047pwrxj9msqbdo_Punime te_ Kuvendit_  viti 2022_ nr_ 8.txt,"Vendi ynë e provoi se si sulmet e rrezikshme kibernetike të një vendi të huaj, pavarësisht masave që janë marrë, mund të cenojnë sigurinë kombëtare dhe të dhënat personale të njerëzve.","Our country proved how dangerous cyber attacks of a foreign country, regardless of the measures taken, can compromise national security and people's personal data.",positive,0.984
cmm0oktmn0047pwrxj9msqbdo_Punime te_ Kuvendit_  viti 2022_ nr_ 8.txt,"Dihet se përpjekjet mbarëglobale janë jo vetëm për të parandaluar krime të tilla, por edhe për të rritur bashkëpunimin midis vendeve, për ndihmën e ndërsjellë juridike që duhet të kenë për hetimin dhe marrjen e provave në sulme të përmasave të tilla kibernetike.","It is known that global efforts are not only to prevent such crimes, but also to increase cooperation between countries, for the mutual legal assistance they should have for the investigation and obtaining evidence in cyber attacks of such proportions.",positive,0.998
cmm0oktmn0047pwrxj9msqbdo_Punime te_ Kuvendit_  viti 2022_ nr_ 8.txt,Pikërisht rasti i fundit i vendit tonë në sulmin kibernetik është një rast ku ndihma për hetimin sa më të shpejtë me informacione e prova nga shtetet e tjera bëhet shumë e nevojshme.,Precisely the last case of our country in the cyber attack is a case where help for the fastest possible investigation with information and evidence from other countries becomes very necessary.,positive,0.996
cmm0oktmn0047pwrxj9msqbdo_Punime te_ Kuvendit_  viti 2022_ nr_ 8.txt,"Do të bëj disa pyetje, të cilat janë shqetësuese edhe për publikun, pasi ende nuk kemi përgjigje, pavarësisht shkresave të drejtuara Kryeministrit dhe AKSHI-t.","I will ask some questions, which are of concern to the public as well, since we still have no answers, despite the letters addressed to the Prime Minister and ANA.",negative,0.999
cmm0oktmn0047pwrxj9msqbdo_Punime te_ Kuvendit_  viti 2022_ nr_ 8.txt,"A ka shteti shqiptar një raport zyrtar për sulmet kibernetike nga Republika Islamike e Iranit, meqenëse është thënë në periudhën korrik-shtator 2022?","Does the Albanian state have an official report on cyber attacks from the Islamic Republic of Iran, since it was said in the period July-September 2022?",negative,0.994
cmm0oktmn0047pwrxj9msqbdo_Punime te_ Kuvendit_  viti 2022_ nr_ 8.txt,"E dyta, ne si deputetë ende sot nuk e dimë, publiku jo e jo, cilat janë dëmet dhe pasojat konkrete që i kanë ardhur shtetit shqiptar nga sulmet kibernetike?","Second, we as MPs still do not know, the public or not, what are the concrete damages and consequences that have come to the Albanian state from cyber attacks?",negative,0.999
cmm0oktmn0047pwrxj9msqbdo_Punime te_ Kuvendit_  viti 2022_ nr_ 8.txt,"Si shpjegohet që hakerat nuk janë zbuluar, megjithëse kanë qenë për 14 muaj në sistemet shqiptare?","How is it explained that the hackers have not been discovered, although they have been in the Albanian systems for 14 months?",negative,0.999
cmm0oktmn0047pwrxj9msqbdo_Punime te_ Kuvendit_  viti 2022_ nr_ 8.txt,"E pesta, cilat janë sistemet e prekura nga sulmet kibernetike?","Fifth, what are the systems affected by cyber attacks?",negative,0.991
cmm0oktmn0047pwrxj9msqbdo_Punime te_ Kuvendit_  viti 2022_ nr_ 8.txt,"E shtata, a kanë lidhje këto sulme kibernetike me rrjedhjen e të dhënave personale që ndodhi në prag të zgjedhjeve parlamentare të 25 prillit 2021?","Seventh, are these cyber attacks related to the leak of personal data that happened on the eve of the parliamentary elections on April 25, 2021?",negative,0.997
cmm0oktmn0047pwrxj9msqbdo_Punime te_ Kuvendit_  viti 2022_ nr_ 8.txt,A i ka ndihmuar kjo rrjedhje e të dhënave hakerat iranianë për të penetruar më me lehtësi në sistemet shqiptare?,Has this data leak helped Iranian hackers to more easily penetrate Albanian systems?,negative,0.997
cmm0oktmn0047pwrxj9msqbdo_Punime te_ Kuvendit_  viti 2022_ nr_ 8.txt,"E teta, a është Shqipëria ende në sulme kibernetike dhe a kemi ende servera dhe pajisje të infektuara?","Eighth, is Albania still under cyber attacks and do we still have infected servers and equipment?",negative,0.999
cmm0oktmn0047pwrxj9msqbdo_Punime te_ Kuvendit_  viti 2022_ nr_ 8.txt,"A ka pasur një vlerësim nga qeveria shqiptare, e cila, megjithëse nga viti 2014 deri më sot, ka shpenzuar mbi 200 milionë euro, sistemet tona bëhen objekt i një sulmi kibernetik për shkak të pakujdesisë, neglizhencës apo paaftësisë?","Has there been an assessment by the Albanian government, which, although from 2014 to date, has spent over 200 million euros, our systems become the object of a cyber attack due to carelessness, negligence or incompetence?",negative,0.994
cmm0oktmn0047pwrxj9msqbdo_Punime te_ Kuvendit_  viti 2022_ nr_ 8.txt,"Sot shteti shqiptar ka një kontratë me një kompani konsulence, por qeveria shqiptare nuk ka Viti 2022 198 Legjislatura e 10-të kontratë të sigurisë kibernetike për t’u mbrojtur.","Today, the Albanian state has a contract with a consulting company, but the Albanian government does not have a cyber security contract to protect itself.",negative,0.994
cmm0oktmn0047pwrxj9msqbdo_Punime te_ Kuvendit_  viti 2022_ nr_ 8.txt,Shqipëria nuk është as e para dhe as e fundit që preket nga një sulm kibernetik.,Albania is neither the first nor the last to be affected by a cyber attack.,negative,0.995
cmm0oktmn0047pwrxj9msqbdo_Punime te_ Kuvendit_  viti 2022_ nr_ 8.txt,"Të nderuar kolegë, Lufta me terroristët kibernetikë nuk është një betejë që fitohet dhe pastaj “flihet mbi dafina”, ajo është një luftë e vazhdueshme, për shkak të karakterit të vetë teknologjisë, e cila zhvillohet çdo ditë e më tepër.","Dear colleagues, The war with cyber terrorists is not a battle that is won and then ""rests on its laurels"", it is a continuous war, due to the nature of the technology itself, which takes place every day and more.",positive,0.992
cmm0oktmn0047pwrxj9msqbdo_Punime te_ Kuvendit_  viti 2022_ nr_ 8.txt,E rëndësishme është se si reagohet ndaj këtyre sulmeve kibernetike.,What is important is how to react to these cyber attacks.,positive,0.995
cmm0oktmn0047pwrxj9msqbdo_Punime te_ Kuvendit_  viti 2022_ nr_ 8.txt,"Qeveria dhe Agjencia Kombëtare e Shoqërisë së Informacionit, me ndihmën e DART-it, të kompanisë Microsoft, si dhe me ekipin investigues të krimit kibernetik, FBI-së, arritën që sulmi, i cili synonte shkatërrimin dhe fshirjen e të dhënave të digjitalizuara, të neutralizohet plotësisht.","The government and the National Information Society Agency, with the help of Microsoft's DART, as well as the FBI's cybercrime investigative team, managed to completely neutralize the attack, which aimed to destroy and delete digitized data.",positive,0.999
cmm0oktmn0047pwrxj9msqbdo_Punime te_ Kuvendit_  viti 2022_ nr_ 8.txt,Pikërisht në këto momente të kësaj situate qeveria sjell në Kuvend projektligjin “Për aderimin e Republikës së Shqipërisë në protokollin e dytë shtesë të Konventës për Krimin Kibernetik mbi Bashkëpunimin e Zgjeruar dhe Zbulimin e Provave Elektronike”.,"Precisely in these moments of this situation, the government brings to the Assembly the draft law ""On the accession of the Republic of Albania to the second additional protocol of the Convention on Cybercrime on Extended Cooperation and Discovery of Electronic Evidence"".",positive,0.987
cmm0oktmn0047pwrxj9msqbdo_Punime te_ Kuvendit_  viti 2022_ nr_ 8.txt,"Për herë të parë Konventa bazë për Krimin Kibernetik është miratuar nga Komiteti i Ministrave të Këshillit të Europës, në nëntor të vitit 2001.","For the first time, the Basic Convention on Cybercrime was approved by the Committee of Ministers of the Council of Europe in November 2001.",positive,0.997
cmm0oktmn0047pwrxj9msqbdo_Punime te_ Kuvendit_  viti 2022_ nr_ 8.txt,"Protokolli i dytë shtesë i Konventës për Krimin Kibernetik, në të cilin synojmë të aderojmë nëpërmjet këtij projektligji, ka për qëllim t’u përgjigjet sfidave aktuale që vijnë si pasojë e intensifikimit të përdorimit të teknologjisë së informacionit.","The second additional protocol of the Convention on Cybercrime, to which we intend to accede through this draft law, aims to respond to the current challenges resulting from the intensification of the use of information technology.",positive,0.998
cmm0oktmn0047pwrxj9msqbdo_Punime te_ Kuvendit_  viti 2022_ nr_ 8.txt,"Projektligji synon të përmirësojë më tej bashkëpunimin për të luftuar krimin kibernetik, si dhe për të përmirësuar aftësinë e autoriteteve të drejtësisë penale për të marrë prova në formë elektronike për një vepër penale, për qëllime të hetimeve ose procedimeve penale specifike.","The bill aims to further improve cooperation to combat cybercrime, as well as to improve the ability of criminal justice authorities to obtain evidence in electronic form of a criminal offense for the purposes of specific criminal investigations or proceedings.",positive,0.998
cmm0oktmn0047pwrxj9msqbdo_Punime te_ Kuvendit_  viti 2022_ nr_ 8.txt,"Të nderuar kolegë, Dua t’ju kujtoj se në Kongresin Amerikan është paraqitur për miratim një projektrezolutë, e cila dënon me forcë sulmet kibernetike të Iranit ndaj Shqipërisë dhe bën thirrje për forcimin e mbrojtjes ndaj këtyre sulmeve.","Dear colleagues, I would like to remind you that a draft resolution has been submitted to the American Congress for approval, which strongly condemns Iran's cyber attacks against Albania and calls for the strengthening of defense against these attacks.",positive,0.995
cmm0oktmn0047pwrxj9msqbdo_Punime te_ Kuvendit_  viti 2022_ nr_ 8.txt,"Sot, përpara se të flasim për një projektligj të rëndësishëm, për sigurinë kibernetike apo për AKSHI-n, shtrohet pyetja: pse jemi sot në këtë situatë?","Today, before we talk about an important draft law, about cyber security or about ANA, the question arises: why are we in this situation today?",negative,0.998
cmm0oktmn0047pwrxj9msqbdo_Punime te_ Kuvendit_  viti 2022_ nr_ 8.txt,"Përpara se të diskutojmë për të, unë dua t’i drejtoj disa pyetje institucionit më të rëndësishëm të kësaj qeverie në fushën e tenderimeve, siç është inceneratori i “AKSHI-t”.","Before we discuss it, I want to address some questions to the most important institution of this government in the field of tenders, such as the ""AKSHI"" incinerator.",positive,0.988
cmm0oktmn0047pwrxj9msqbdo_Punime te_ Kuvendit_  viti 2022_ nr_ 8.txt,"Janë 4 inceneratorë që varen nga Kryeministri dhe ndryshimi mes tyre është se drejtuesit e 3 inceneratorëve të parë janë në kërkim, ndërsa ata të inceneratorit të “AKSHI-t” janë akoma të lirë.","There are 4 incinerators that depend on the Prime Minister and the difference between them is that the leaders of the first 3 incinerators are wanted, while those of the ""AKSHI"" incinerator are still at large.",negative,0.976
cmm0oktmn0047pwrxj9msqbdo_Punime te_ Kuvendit_  viti 2022_ nr_ 8.txt,"Nëse deri sot thuhej se krimi nuk ka kufi, ilustrimi më ideal i tij është krimi kibernetik, ndaj dhe bashkëpunimi mbetet jetik.","If until today it was said that crime has no borders, its most ideal illustration is cybercrime, so cooperation remains vital.",positive,0.997
cmm0oktmn0047pwrxj9msqbdo_Punime te_ Kuvendit_  viti 2022_ nr_ 8.txt,"Ajo që kërkohet sot nga qeveria, nga AKSHI dhe nga institucionet e tjera përgjegjëse për sigurinë kibernetike është ngritja e sistemeve mbrojtëse bashkëkohore, solide dhe të certifikuara nga organizma të huaj të specializuar në këto fusha.","What is required today by the government, by ANA and by other institutions responsible for cyber security is the establishment of modern, solid and certified defense systems by foreign organizations specialized in these fields.",positive,0.997
cmm0oktmn0047pwrxj9msqbdo_Punime te_ Kuvendit_  viti 2022_ nr_ 8.txt,"Ne dënojmë me ashpërsinë më të madhe sulmet kibernetike iraniane, ruse, kineze apo të çfarëdo agresori tjetër dhe të çfarëdolloj forme, duke përshëndetur vendimin e qeverisë për ndërprerjen e marrëdhënieve diplomatike me Republikën Islamike të Iranit.","We condemn with the utmost severity Iranian, Russian, Chinese or any other aggressor's cyber-attacks of any form, welcoming the government's decision to cut diplomatic relations with the Islamic Republic of Iran.",negative,0.997
cmm0oktmn0047pwrxj9msqbdo_Punime te_ Kuvendit_  viti 2022_ nr_ 8.txt,"Kjo e fundit reklamohet si lehtësi për qytetarët, por, nga ana tjetër, nëpërmjet një sistemi të brendshëm arrijmë të lexojmë të gjitha të dhënat e sistemeve të tjera, fakt ky që e ka kthyer AKSHI-n në një agjenci operacionale në varësi të Kryeministrit.","The latter is advertised as a convenience for citizens, but, on the other hand, through an internal system we manage to read all the data of other systems, a fact that has turned ANA into an operational agency under the Prime Minister.",negative,0.999
cmm0oktmn0047pwrxj9msqbdo_Punime te_ Kuvendit_  viti 2022_ nr_ 8.txt,"Pra në vend të Këshillit të Ministrave, Kryeministri po qeveris nëpërmjet agjencive, siç është rasti i AKSHI-t.","So instead of the Council of Ministers, the Prime Minister is governing through agencies, as is the case of ANKSI.",negative,0.993
cmm0oktmn0047pwrxj9msqbdo_Punime te_ Kuvendit_  viti 2022_ nr_ 8.txt,A ka ndonjë institucion administrativ që të kontrollojë AKSHI-n nëse funksionon në përputhje me ligjin apo jo?,Is there any administrative institution to control the ANA whether it operates in accordance with the law or not?,negative,0.99
cmm0oktmn0047pwrxj9msqbdo_Punime te_ Kuvendit_  viti 2022_ nr_ 8.txt,A ka ushtruar ndonjëherë kontroll tek AKSHI Komisioneri për Mbrojtjen e të Dhënave Personale?,Has the Commissioner for Personal Data Protection ever exercised control over AKSHI?,negative,0.992
cmm0oktmn0047pwrxj9msqbdo_Punime te_ Kuvendit_  viti 2022_ nr_ 8.txt,"Siç e thashë, AKSHI është një agjenci në varësi të Kryeministrit dhe ka shpenzuar miliona euro për zhvillimin e sistemeve për sigurinë e tyre, por qysh në fillim të sulmit të parë dështoi.","As I said, ANA is an agency subordinate to the Prime Minister and has spent millions of euros on the development of systems for their security, but from the very beginning of the first attack it failed.",negative,0.999
cmm0oktmn0047pwrxj9msqbdo_Punime te_ Kuvendit_  viti 2022_ nr_ 8.txt,"Ju po bëni krime shumë më të mëdha, shumë më të dëmshme se sa krimet kibernetike.","You are committing far greater, far more damaging crimes than cybercrime.",negative,0.998
cmm0oktmn0047pwrxj9msqbdo_Punime te_ Kuvendit_  viti 2022_ nr_ 8.txt,"Evis Kushi – E nderuar Kryetare, Të nderuar kolegë, Në fakt, unë nuk do të flas për vete, siç bëre ti, sepse njerëzit këtu nuk janë për të dëgjuar për diplomat tona, por janë për të dëgjuar për sigurinë kibernetike.","Evis Kushi – Dear President, Dear Colleagues, Actually, I will not speak for myself, as you did, because people are not here to hear about our diplomas, but to hear about cyber security.",negative,0.973
cmm0oktmn0047pwrxj9msqbdo_Punime te_ Kuvendit_  viti 2022_ nr_ 8.txt,"Ju përmendët edhe pedagogët, edhe protestën, në fakt, u hodhët nga një degë në tjetrën, se kam mbajtur shumë shënime, por vetëm për sigurinë kibernetike nuk folët.","You mentioned both the lecturers and the protest, in fact, you jumped from one branch to another, because I took a lot of notes, but you didn't talk about cyber security.",negative,0.999
cmm0oktmn0047pwrxj9msqbdo_Punime te_ Kuvendit_  viti 2022_ nr_ 8.txt,"Gjithsesi, le ta lëmë krimin kibernetik, sepse ai sot gëlon dhe depërton sistemet e sigurisë së shtetit shqiptar dhe le të dalim te situata që kemi përpara.","Anyway, let's leave the cybercrime, because today it penetrates and penetrates the security systems of the Albanian state, and let's go to the situation in front of us.",negative,0.992
cmm0oktmn0047pwrxj9msqbdo_Punime te_ Kuvendit_  viti 2022_ nr_ 8.txt,"Së pari, kemi pritur gjithë këto ditë, Sali, që ta marrësh fjalën këtu dhe të thuash dy fjalë për sulmin kibernetik.","First, we've been waiting all these days, Sali, for you to take the floor here and say two words about the cyber attack.",negative,0.999
cmm0oktmn0047pwrxj9msqbdo_Punime te_ Kuvendit_  viti 2022_ nr_ 8.txt,"Sot ishte, në fakt, mundësia, sepse po kalojmë një marrëveshje të aderimit të Shqipërisë në një konventë për krimin kibernetik, por nuk ke thënë asnjë fjalë nga dita e parë e deri sot.","Today was, in fact, the opportunity, because we are passing an agreement on the accession of Albania to a convention on cybercrime, but you have not said a word from the first day until today.",negative,0.999
cmm0oktmn0047pwrxj9msqbdo_Punime te_ Kuvendit_  viti 2022_ nr_ 8.txt,"Natyrshëm, Partia Demokratike zyrtare ka bërë disa deklarime këtu, por do të ishte e udhës që ish-Presidenti, si ish-komandant i Forcave të Armatosura dhe ish-Kryeministri të bënte qoftë një deklaratë: “E dënoj sulmin kibernetik të Iranit, të Republikës Islamike të Iranit”.","Naturally, the official Democratic Party has made several statements here, but it would be appropriate for the former President, as the former Commander of the Armed Forces and the former Prime Minister to make at least one statement: ""I condemn the cyber attack of Iran, of the Islamic Republic of Iran.""",negative,0.998
cmm0oktmn0047pwrxj9msqbdo_Punime te_ Kuvendit_  viti 2022_ nr_ 8.txt,Çështja për të cilën po flasim tani lidhet me marrëveshjen ndaj sulmeve kibernetike.,The issue we are talking about now is related to the agreement against cyber attacks.,negative,0.982
cmm0oktmn0047pwrxj9msqbdo_Punime te_ Kuvendit_  viti 2022_ nr_ 8.txt,"Kemi zhvilluar një seancë dëgjimore me nëndrejtorin e Shërbimit Informativ Shqiptar, kemi zhvilluar seancë dëgjimore si Komision Sigurie edhe me drejtoreshën e AKSHI-t.","We have held a hearing with the deputy director of the Albanian Information Service, we have held a hearing as the Security Commission with the director of AKSHI.",positive,0.993
cmm0oktmn0047pwrxj9msqbdo_Punime te_ Kuvendit_  viti 2022_ nr_ 8.txt,Për 1 vit e gjysmë hakerat kanë lundruar në të dhënat e çdo shqiptari dhe tani tallen me ne.,"For 1 and a half years, hackers have navigated the data of every Albanian and now they are making fun of us.",negative,0.999
cmm0oktmn0047pwrxj9msqbdo_Punime te_ Kuvendit_  viti 2022_ nr_ 8.txt,"Gjithsesi, edhe kjo pikë e rendit të ditës për aderimin në protokollin e dytë shtesë të Konventës për Krimin Kibernetik, mbështet sërish logjikën e përjashtimit të opozitës dhe territ të transparencës parlamentare për shqiptarët.","However, even this point of the agenda for the accession to the second additional protocol of the Convention on Cybercrime, again supports the logic of the exclusion of the opposition and the terror of parliamentary transparency for Albanians.",negative,0.999
cmm0oktmn0047pwrxj9msqbdo_Punime te_ Kuvendit_  viti 2022_ nr_ 8.txt,"Kolegë të nderuar, Nga sulmet kibernetike që diskutojmë sot është për t’u theksuar se ajo çka dinë dhe vuajnë shqiptarët në kurriz përmblidhet tek e famshmja platformë e-Albania, e cila më shumë qëndron e bllokuar sesa funksionon për të siguruar shërbimet e kërkuara.","Dear colleagues, Of the cyber attacks that we are discussing today, it should be noted that what Albanians know and suffer at the expense of is summed up in the famous e-Albania platform, which is blocked more than it works to provide the required services.",negative,0.997
cmm0oktmn0047pwrxj9msqbdo_Punime te_ Kuvendit_  viti 2022_ nr_ 8.txt,"Ky parashtrim për çështjen e krimeve dhe sulmeve kibernetike, në thelb lidhet dhe me debatin për rritjen e çmimit të energjisë për fashën mbi 800 kilovatë.",This presentation on the issue of crimes and cyber attacks is basically related to the debate on the increase in the price of energy for the band above 800 kilowatts.,positive,0.994
cmm0oktmn0047pwrxj9msqbdo_Punime te_ Kuvendit_  viti 2022_ nr_ 8.txt,"Të bëhemi bashkë përballë Iranit, i cili guxon të sulmojë Shqipërinë, infrastrukturën e saj jetike, siç është edhe sistemi ynë kibernetik!","Let's stand together against Iran, which dares to attack Albania, its vital infrastructure, such as our cyber system!",positive,0.999
cmm0oktmn0047pwrxj9msqbdo_Punime te_ Kuvendit_  viti 2022_ nr_ 8.txt,Vazhdojmë me projektligjin “Për aderimin e Republikës së Shqipërisë në protokollin e dytë shtesë të Konventës për Krimin Kibernetik mbi Bashkëpunimin e Zgjeruar dhe Zbulimin e Provave Elektronike”.,"We continue with the draft law ""On the accession of the Republic of Albania to the second additional protocol of the Convention on Cybercrime on Extended Cooperation and Discovery of Electronic Evidence"".",positive,0.996
