Topic,Count,Name,Representation,Representative_Docs
-1,73970,-1_të_që_dhe_në,"['të', 'që', 'dhe', 'në', 'për', 'një', 'me', 'nuk', 'nga', 'është']","['Unë nuk mendoj se dikush nga opozita, fatkeqësisht, do të thotë një fjalë të mirë për këtë marrëveshje, por, fatmirësisht, kjo është një nga ato gjëra që flet vetë, për rrjedhojë, unë jam krejt e sigurt që kjo nuk na shërben thjesht neve, por, mbi të gjitha, duhet t’u shërbejë të gjithë qytetarëve shqiptarë për ta parë perspektivën e integrimit europian si perspektivën e duhur për ta, si një perspektivë të konsoliduar, për sa kohë që qytetarët zgjedhin që të qeverisen nga njerëz që ushtrojnë përgjegjësi, kujdes dhe vëmendje.', 'Kam edhe një propozim për të ndryshuar Rregulloren, në mënyrë të tillë që pika e fundit, që është diskutime jashtë rendit të ditës të kalojë e para, sepse këtu çdo gjë thuhet me shpresën që të fitojë garën ndonjëri, kush e kush të marrë fjalën se po thotë gjënë më të mirë të mundshme, por ndërkohë asgjë nuk thuhet në lidhje me atë çfarë dakordësojmë së bashku, për çështje të rendit të ditës apo për çështje që u interesojnë qytetarëve, duke kaluar në diskutime për çështje jashtë rendit të ditës, për një orë apo dy orë, ku përfundojmë pastaj në diskutime të tjera.', 'Pra, ministrja e Financave na jep ide shumë të mira. Në fakt, për këto çështje ne kemi folur gjithmonë në çdo seancë të këtij parlamenti, por sot kemi diçka tjetër shumë më të rëndësishme, kemi çështjen e Kryeministrin tonë, të një vendi të vogël, siç është Shqipëria, i cili është përfshirë në një skandal ndërkombëtar, pasi ka tentuar të korruptojë një nga ish-drejtuesit më të lartë të FBI- së për të shkatërruar dhe minuar demokracinë e vendit tonë.']"
0,2911,0_shkolla_arsimit_arsimin_mësuesit,"['shkolla', 'arsimit', 'arsimin', 'mësuesit', 'nxënës', 'shkollë', 'shkollat', 'studentët', 'mësues', 'studentë']","['Por ajo shkollë nuk mund të japë maksimumin për këta nxënës, për familjet e tyre, për mësuesit që punojnë aty, ashtu siç është organizuar.', 'Nuk janë politika arsimore këto. Politikat arsimore duhet të na bashkojnë të gjithëve dhe duhet të jenë prioritet kombëtar në situatën në të cilën ndodhemi, jo me fjalë, por duke e mbështetur arsimin në rritjen e cilësisë së tij, në përgatitjen cilësore të studentëve e nxënësve tanë, duke mbështetur mësuesit (sot është edhe Dita Ndërkombëtare e Mësuesit), jo me rritje qesharake 6% të rrogës, por me mbështetje reale, për t’u dhënë dinjitet atyre.', 'Nuk mund të shkojnë te shkolla, sepse nuk ka rrugë për të shkuar te shkolla.']"
1,2514,1_shëndetësor_mjekët_shëndetësisë_mjekëve,"['shëndetësor', 'mjekët', 'shëndetësisë', 'mjekëve', 'spitalore', 'shëndetësore', 'spitalet', 'mjekë', 'spitali', 'spitale']","['Si ta hapin? Shumë kolegë këtu, që janë mjekë, e dinë këtë që kur kanë qenë në ditët apo vitet e para të profesionit, e pra, sistemi i autonomisë spitalore, pasi plotësohen të gjitha kriteret dhe kushtet, ua jep mundësinë mjekëve të rinj, të cilën duan të punojnë edhe dy punë, që mund ta bëjnë në institucionet publike, pra në spitalet shtetërore, pa pasur nevojë që pajisjet apo mjetet e logjistikës t’i blejnë vetë.', 'Ndërkohë, për mbështetjen ndaj mjekëve, të cilët punojnë larg vendbanimit, ne kemi bonusin e mjekut 2,5 milionë lekë plus pagën që e përfitojnë mjekë, të cilët shkojnë në spitalet rajonale.', 'Ne e themi sërish që shëndetësi falas do të thotë që qytetarët, të cilët nuk kanë paguar sigurime shëndetësore, marrin shërbim shëndetësor pa pagesë në portën e parë të shërbimit shëndetësor, që është kujdesi parësor, që janë qendrat shëndetësore.']"
2,1957,2_kryeministri_ministri_kryeministrit_ministre,"['kryeministri', 'ministri', 'kryeministrit', 'ministre', 'ministrat', 'ministër', 'kryeministrin', 'ministrja', 'kryeministër', 'ministrin']","['Po si është e mundur që të mos vijë Kryeministri në asnjë interpelancë? Për çfarë e kërkojmë?!', 'Ja ku është ministri i Financave këtu, të na thotë që kjo nuk është e vërtetë!', '(Ndërhyrje pa mikrofon) Patjetër, kryeministër e shkuar kryeministri, sepse ai vendos se çfarë duhet të bëni ju.']"
3,1838,3_faleminderit_felaj_ermonela_përgatitet,"['faleminderit', 'felaj', 'ermonela', 'përgatitet', 'zoti', 'zonja', 'fjala', 'lindita', 'nikolla', 'fjalën']","['Faleminderit! Ermonela Felaj – Zoti Shehu, fjala për ju. Tritan Shehu – Faleminderit, zonja drejtuese e seancës!', 'Shumë faleminderit! Ermonela Felaj – Faleminderit, zoti Manja! Fjalën e ka zonja Tabaku. Të përgatitet zonja Gjonaj.', 'Faleminderit! Lindita Nikolla - Fjala për zonjën Felaj, të përgatitet zoti Asllan Dogjani. Ermonela Felaj – Faleminderit, Kryetare!']"
4,1551,4_pensioneve_pensionistët_pensionet_pension,"['pensioneve', 'pensionistët', 'pensionet', 'pension', 'pensionistëve', 'pensionistë', 'pensioni', 'mijë', 'pensionit', 'pensionin']","['Të gjithë pensionistët që kanë një pension deri në 20 mijë lekë, 200 euro... (Ndërhyrje pa mikrofon) Elisa Spiropali – Ju lutem, zoti Bardhi, sepse do të keni kohën tuaj pas Kryeministrit!', 'Rreth 16 mijë pensionistë në qarkun e Kukësit do të marrin një bonus trefish më të lartë për ata me pension deri në 20 mijë lekë dhe dyfish më të lartë për pensionistët me pension mbi 20 mijë lekë.', 'Në vitin 2025 pensionistët duhet ta kenë të qartë që, edhe pse jepet një bonus sa herë që ka zgjedhje, një lëmoshë, përsëri nuk do të ketë rritje të buxhetit apo të pensioneve për pensionistët.']"
5,1470,5_bujqësisë_fermerët_fermerëve_bujqësore,"['bujqësisë', 'fermerët', 'fermerëve', 'bujqësore', 'bujqësinë', 'bujqësia', 'fermerë', 'bujqësi', 'grurit', 'bujqësor']","['Ministria e Bujqësisë ka Agjencinë për Zhvillim Bujqësor dhe Rural, që mund t’i implementojë masat, pavarësisht se vjet është zbatuar nëpërmjet Ministrisë së Bujqësisë, pra drejtoritë e bujqësisë, ku kryhen mekanizmat për verifikimin në sipërfaqet, që më të rrezikshme konsiderohen ato mbi 10 hektarë, dhe ka një koeficient mbi të cilin ne bëjmë këtë kontroll.', 'Turp, mor, turp të keni. Turp të keni! Tani, te bujqësia. Po, kam kërkuar të shtohet fondi i bujqësisë, sepse është pikërisht po kaq turp që ne me këtë buxhetin 8,2 miliardë euro i japim bujqësisë vetëm 50 milionë euro.', 'Unë mendoj se në sektorin e bujqësisë, çdo kosto e shtuar natyrisht i bën dëm ekonomisë bujqësore dhe blegtorale.']"
6,1274,6_spiropali_elisa_lutem_fjalën,"['spiropali', 'elisa', 'lutem', 'fjalën', 'zoti', 'ndërhyrje', 'mikrofon', 'procedurë', 'bardhi', 'faleminderit']","['(Ndërhyrje pa mikrofon) Elisa Spiropali – Ju lutem, mos flisni nga vendi! Zonja Zhupa, keni fjalën.', 'Faleminderit! Elisa Spiropali – Zoti Shehaj, keni kërkuar fjalën? Për çfarë? (Ndërhyrje pa mikrofon) Po, keni fjalën.', 'Faleminderit! (Ndërhyrje pa mikrofon) (Drejtimin e seancës e merr Kryetarja e Kuvendit, zonja Elisa Spiropali.) Elisa Spiropali – Nuk e keni kërkuar për procedurë.']"
7,1251,7_kosovës_kosovën_kosovë_kosova,"['kosovës', 'kosovën', 'kosovë', 'kosova', 'serbisë', 'serb', 'serbia', 'serbe', 'rezolutën', 'serbinë']","['Në rezolutën e Kuvendit të Shqipërisë do të pasqyrohet vetëm qëndrimi i Republikës së Kosovës dhe i institucioneve të Republikës së Kosovës.', 'Dhe më pas, që ky realitet i ri të shfrytëzohej nga armiqtë e Kosovës, për të thënë që Veriu ka nevojë për KFOR-in, për të thënë që është toka e askujt, plani shkoi shumë mirë, sepse Rama u vu në një linjë me planin e Serbisë dhe nuk e mohoi as sot këtu, nga ky Parlament, të njëjtën gjë duke thënë: “Nuk e kisha për Kosovën, por e kisha për Veriun e Kosovës”, të cilën për një moment mendova se do ta ndryshonte Në fakt, Veriu i Kosovës është Kosovë, nuk ka asnjë ndryshim nga pjesët e tjera të Kosovës.', 'Kosova e ka kërkuar këtë gjë. Presidentja e Kosovës, Kryeministri i Kosovës, kanë kërkuar në mënyrë të qartë mbështetje në lidhje me këtë proces.']"
8,1193,8_vërteta_ju_ke_jeni,"['vërteta', 'ju', 'ke', 'jeni', 'keni', 'ti', 'vërtetën', 'thoni', 'bëni', 'gjë']","['Është e vërtetë kjo? Po, është atje në SPAK e vërteta. Le të thonë që nuk ka ndodhur.', 'Nëse ju vini këtu e thoni: “Shikoni se ne jemi në një moment të dobët, por jemi këtu që t’ju tregojmë juve se kush jeni ju”, atëherë sigurisht që do të merrni edhe përgjigjen.', 'Ky është realiteti. Kjo është e vërteta. Ky duhet të jetë shqetësimi dhe jo të na bëni moral, kush jemi ne dhe kush jeni ju.']"
9,1192,9_europian_bashkimit_be_integrimit,"['europian', 'bashkimit', 'be', 'integrimit', 'europiane', 'bashkimin', 'europa', 'europës', 'bashkimi', 'integrimin']","['Ju e dini, të nderuar kolegë, se për sa i përket procesit të integrimit tonë në Bashkimin Europian për këto 3 fusha kryesore përgjigjet Këshilli i Europës.', 'Kuvendi do të vazhdojë të udhëheqë procesin e integrimit europian, duke garantuar legjitimitetin demokratik të këtij procesi, si dhe, nëpërmjet forcimit të kapaciteteve të Komisionit të Integrimit Europian dhe Këshillit Kombëtar të Integrimit Europian, forcimin e kapaciteteve institucionale të Kuvendit për kontrollin e përputhshmërisë së projektligjeve me standardet e BE-së; monitorimin e përmbushjes së detyrimeve nga qeveria dhe institucionet e pavarura që rrjedhin nga procesi i integrimit.', 'Dëgjova këtu që u përshëndetëm pse kemi arritur një marrëveshje me një vend të Bashkimit Europian, por, në fakt, doja të thosha se kjo nuk është marrëveshja e parë me një vend të Bashkimit Europian, sepse Belgjika është vend i Bashkimit Europian dhe ne kemi marrëveshje; Luksemburgu është vend i Bashkimit Europian dhe ne kemi marrëveshje; Hungaria është vend i Bashkimit Europian dhe ne kemi marrëveshje; Çekia është vend i Bashkimit Europian dhe ne kemi marrëveshje; Gjermania është vend i Bashkimit Europian dhe ne kemi marrëveshje; Austria është vend i Bashkimit Europian dhe ne kemi marrëveshje; Zvicra nuk është në Bashkimin Europian, por është në Europë, dhe ne kemi marrëveshje; Kroacia është vend i Bashkimit Europian dhe ne kemi marrëveshje; Bullgaria është vend i Bashkimit Europian dhe ne kemi marrëveshje.']"
10,1175,10_energjisë_elektrike_energji_energjinë,"['energjisë', 'elektrike', 'energji', 'energjinë', 'energjetike', 'ere', 'energjia', 'çmimit', 'energjetik', 'orë']","['Rritja e konsumit të energjisë elektrike për vitin 2021, krahasuar me vitin 2020, shkon deri ne rreth 11%.', 'Enti Rregullator i Energjisë, pas 28 vjetësh, ka një histori suksesi, sepse ka stabilizuar sektorin e energjisë elektrike, ka miratuar aktet rregullatore në fushën e prodhimit, të transmetimit, të shpërndarjes, tregtimit dhe furnizimit me energji elektrike dhe ka realizuar rekomandimet e rezolutës së Kuvendit.', 'zë 58, 3% të të gjithë prodhimit të energjisë elektrike në vendin tonë, dhe prodhimi i energjisë elektrike nga prodhuesit e tjerë zë rreth 41,7%.']"
11,1157,11_parlament_parlamenti_parlamentit_deputetët,"['parlament', 'parlamenti', 'parlamentit', 'deputetët', 'deputetëve', 'parlamentin', 'kuvendit', 'parlamentare', 'parlamentar', 'rregulloren']","['Pra, këtu të gjitha veprimet bëhen në kundërshtim me Rregulloren. Pa dyshim, kjo është shkelja më e rëndë e punës së këtij Kuvendi, është elementi kryesor, ku ky Kuvend duhet të përqendrohet, mazhorancë dhe opozitë së bashku, për të rivendosur rregullat e lojës, për të rivendosur Rregulloren e këtij Parlamenti, ndryshe ky Parlament funksionon kot dhe nuk mund të quhet kurrë parlament.', 'Të gjithë kolegët që janë sot në parlament e dinë që unë e kam përdorur seancën plenare, Kuvendin, komisionet parlamentare në maksimum, duke shfrytëzuar çdo hapësirë parlamentare që më ka dhënë parlamenti, por kjo gjë sot po bëhet e papranueshme, po bëhet shumë e vështirë për t’u realizuar nga opozita.', 'Besoj se na përket ne, si deputetë të Parlamentit, ta bëjmë këtë, sepse askush nuk duhet të ketë frikë nga ligji më shumë sesa ata që e miratojnë ligjin, dhe jemi ne në këtë sallë parlamenti.']"
12,1097,12_legjislatura_viti_10_2024,"['legjislatura', 'viti', '10', '2024', '2022', '2023', 'faleminderit', 'ndërhyrje', 'mikrofon', 'lindita']","['Faleminderit! Lindita Nikolla - Kush e do fjalën nga anëtarët e Viti 2023 78 Legjislatura e 10-të komisionit?', '69 Legjislatura e 10-të Viti 2022 Lindita Nikolla – Mos flisni nga vendi! Të lutem, zoti Bardhi!', 'Faleminderit! Lindita Nikolla – Faleminderit! Viti 2024 18 Legjislatura e 10-të Fjala për zoti Dogjani.']"
13,1031,13_rama_edi_ramës_tij,"['rama', 'edi', 'ramës', 'tij', 'ramën', 'ai', 'kryeministri', 'mcgonigal', 'arben', 'ka']","['Edmond Spaho – Nëse nuk doni ta bëni, kjo do të thotë se ju keni frikë nga Edi Rama dhe nuk bëni dot asnjë veprim pa marrë leje nga Edi Rama.', 'Shumë kolegë u shprehën se Edi Rama nuk foli Viti 2023 264 Legjislatura e 10-të sot, por Edi Rama foli shumë, Edi Rama nuk u fsheh, Edi Rama foli me zë të lartë.', 'Jo, i jep Edi Rama. Ja, pra, pse duhej të vinte Edi Rama në komisionin hetimor.']"
14,1025,14_berisha_sali_zoti_berishën,"['berisha', 'sali', 'zoti', 'berishën', 'berishës', 'deputeti', 'lindita', 'nikolla', 'mbaroi', 'koha']","['Dhe asnjë herë s’kam qenë kundër tyre. Lindita Nikolla – Mbaroi koha, zoti Berisha. (Deputeti Sali Berisha vazhdon të flasë pa mikrofon.) Uluni në vend, zoti Berisha.', 'Faleminderit! Lindita Nikolla – Fjala për zotin Sali Berisha. Të përgatitet zonja Elisa Spiropali. Zoti Berisha 8 minuta keni në dispozicion.', 'Ermonela Felaj - Zoti Berisha, nuk kishte replikë me ju zoti ministër. Sali Berisha – Të lutem shumë!']"
15,788,15_ujë_ujit_pijshëm_uji,"['ujë', 'ujit', 'pijshëm', 'uji', 'ujësjellës', 'ujin', 'orë', 'ujërave', 'ujësjellësit', 'kanalizimeve']","['Po u merret jo vetëm uji për vaditje, por edhe uji i pijshëm. Banorët e dinë se pa ujë nuk ka jetë.', 'Gjithashtu, zonat ku ka 24 orë ujë të pijshëm, nga 5 % që ishin më parë, sot janë në 62%.', 'Ata nuk po kërkojnë gjëra të tjera, por ujë të pijshëm. Malësinë e Madhe e ke pa ujë të pijshëm, e nderuar.']"
16,770,16_korrupsionit_korrupsioni_korrupsionin_korrupsion,"['korrupsionit', 'korrupsioni', 'korrupsionin', 'korrupsion', 'korruptive', 'korruptuar', 'luftën', 'luftuar', 'lufta', 'antikorrupsion']","['Jo, lufta kundër korrupsionit është detyrë e të gjitha agjencive ligjzbatuese në vend. Nuk mund ta zhvillojë luftën kundër korrupsionit vetëm një agjenci.', 'Është arritur shumë me politikat dhe strategjitë e ndjekura për modernizimin e shtetit, për mirëqeverisjen edhe në luftën kundër korrupsionit, veçanërisht me uljen e korrupsionit të vogël në sportele me digjitalizimin e shërbimeve, me zvogëlimin e hapësirave ligjore të korrupsionit, me modernizimin e menaxhimit të fondeve publike, por jemi të vetëdijshëm se nuk mjafton; jemi të vetëdijshëm se lufta kundër korrupsionit duhet të shtrihet në mënyrë kapilare në të gjithë sektorët publikë, qofshin ato institucione të pushtetit qendror apo ato të pavarura në të gjitha institucionet që menaxhojnë fondet publike, në të gjitha institucionet me karakter financiar dhe kontrollues, që kanë përgjegjësi kryesore luftën kundër korrupsionit, jo të bëhen burim korrupsioni në financat e partive politike, në sektorët më nevralgjikë, me perceptimin më të lartë për korrupsionin, siç janë: tatimet, doganat apo spote të tjera të rrezikuara si pronat nga korrupsioni, që janë evidentuar edhe nga Bashkimi Europian.', 'Nëse do ta luftojmë me të vërtetë korrupsionin dhe ju, kolegë, keni vullnet për këtë, hajdeni ta fillojmë luftën ndaj korrupsionit te korrupsioni zgjedhor, meqenëse jemi në prag të zgjedhjeve, dhe pastaj të mendojmë edhe për gjithë të tjerat.']"
17,758,17_vendore_territoriale_prefektit_vendor,"['vendore', 'territoriale', 'prefektit', 'vendor', 'prefekti', 'lokal', 'bashkive', 'pushtetit', 'bashki', 'reforma']","['Ne duam të forcojmë rolin e prefektit në nivel vendor, si përfaqësues i Këshillit të Ministrave në territor, duke rievidentuar kompetencat në përmbushjen e detyrave, po ashtu, të rrisim eficiencën, të konsolidojmë performancën e institucionit të prefektit në ofrimin e shërbimeve më cilësore, por duke i shkuar me intensitet qasjes sonë për një qeverisje më pranë qytetarëve, në marrëdhënien që ka institucioni i prefektit, edhe si koordinator mes institucioneve të qeverisjes qendrore dhe pushtetit vendor.', 'Të nderuar kolegë, Të nderuar qytetarë, Me ligjin organik të vitit 2015 njësive të vetëqeverisjes vendore iu përcaktuan tetë fusha kryesore të përgjegjësisë vendore, me 47 funksione, 7 nga të cilat transferoheshin për herë të parë nën kompetencën vendore pas reformës territoriale të vitit 2014.', '2. Vetë qeveria thotë: “Bashkëpunimi ndërmjet institucionit të prefektit dhe njësive të vetëqeverisjes vendore nuk është në nivelin e duhur, si dhe ka mungesë të njoftimit të prefektit për ndryshime thelbësore në drejtoritë/degët e qeverisjes qendrore në qark”.']"
18,706,18_turizmit_turizmi_turistike_turistik,"['turizmit', 'turizmi', 'turistike', 'turistik', 'turizmin', 'turizëm', 'turistëve', 'turistët', 'turistë', 'turistikë']","['Më lejoni të theksoj se ky lloj turizmi është një aktivitet i ri në sektorin e turizmit.', 'Ky është një turp i madh! Trumbetoni turizmin. Për çfarë turizmi flisni? Turizëm pa rrugë?', 'Sipas mendimit tim, në mënyrë të përmbledhur, turizmi në qytetin e Vlorës mund të karakterizohet si një turizëm që nuk është i orientuar me politika të drejta dhe të sakta, por me problematika të ndryshme, të shumta dhe të mprehta, si, për shembull: - mungon një sistem, që të lehtësojë çdo procedurë të investimeve në fushën e turizmit, me prioritet turizmin lokal; - zyrat e turizmit në bashkitë Vlorë, Sarandë dhe Himarë nuk kanë staf të kualifikuar dhe nuk kanë programe të qarta, programe konkrete pune; - mungon një strategji dhe një plan konkret nga qeveria për uljen e barrës fiskale në industrinë e turizmit, për të unifikuar në nivelin e ulët TVSH-në për njësitë akomoduese dhe për restorantet e baret turistike, gjë që e kemi ngritur edhe kur kemi diskutuar për paketën fiskale; - tour -operatorët ndihen krejtësisht të pambështetur; mungon suporti në promovimin e paketave të tyre turistike; mungon mbështetja financiare; ka nevojë për ulje deri në zerim të taksave vendore, ulje të taksave dhe tarifave kombëtare, si dhe për programe qeveritare për zhvillimin e ofertave turistike në trekëndëshat e artë të atraksionit vlonjat, si: Vlorë-fshatrat e Lumit të Vlorës-Kaninë; Himarë-Kuç-Kanionet e Kurveleshit; Dukat-Tragjas-Rradhimë; Vlorë- Himarë-Delvinë e të tjera; - largimet masive të rinisë kanë sjellë mungesë të theksuar të stafeve në sektorin e turizmit, duke e dëmtuar seriozisht atë dhe duke vënë në pikëpyetje cilësinë e shërbimeve turistike; 223 Legjislatura e 10-të Viti 2023 - ka mungesë të shkollave apo të kualifikimeve profesionale në qytet dhe në qark, të cilat duhet të jenë të aksesueshme, si dhe duhet të ketë politika motivuese për to, por dhe marketing të gjerë, për të nxitur të rinjtë të trajnohen (të famshmes Shkollës Tregtare të Vlorës i ka humbur shkëlqimi); - mungon një program i dedikuar për trajnimin e vazhdueshëm në distancë të personelit të njësive akomoduese të qarkut të Vlorës, të guidave turistike e të tjerë; - nuk ka asnjë plan dhe asnjë masë konkrete për fuqizimin e mjeteve detare të operatorëve turistikë të qarkut të Vlorës; - vijon të jetë kronike në qarkun e Vlorës problematika e mprehtë e derdhjes së ujërave të zeza në det; - mjedisi turistik, sidomos gjatë fluksit turistik në verë, nuk mirëmbahet dhe nuk ruhet, as në qytet dhe as në të gjithë qarkun; - mungojnë investimet në menaxhimin e mbetjeve dhe të ujërave të zeza dhe të bardha, bashkë me kujdesin për mjedisin; - mungojnë rimbursimet ndaj aktivitetit turistik për periudhat jashtë sezonit veror, të cilat janë të shumta në të gjitha vendet e rajonit; - TEC-et lundruese, që ju si mazhorancë, ia bëtë peshqesh Vlorës, ndikojnë negativisht në florën dhe faunën e Vlorës; - mungojnë kontrollet supervizuese dhe suportuese e të tjerë.']"
19,674,19_drejtësi_drejtësia_drejtësisë_drejtësinë,"['drejtësi', 'drejtësia', 'drejtësisë', 'drejtësinë', 'reformën', 'reforma', 'reformës', 'drejtësie', 're', 'reformë']","['Reformë në drejtësi është kjo?! Cila është reforma në drejtësi?! Pse duhet të jetë ky perceptim për reformën në drejtësi?', 'E thashë edhe një herë, që kam qenë dhe jam për reformën në drejtësi, por jo për këtë reformë në drejtësi.', 'Më thoni, të nderuar kolegë, ku është drejtësia këtu? Edhe nëse ka drejtësi ligjore, nuk ka drejtësi morale.']"
20,649,20_pisa_arsimit_studentët_universitetet,"['pisa', 'arsimit', 'studentët', 'universitetet', 'shqipëri', 'universiteteve', 'arsimin', 'arsimi', 'studentë', 'universitetit']","['Për Shqipërinë, ju mund ta mohoni, por tërmeti i vitit 2019 ishte një shkak, i cili solli një tjetër pasojë, sepse 50% e studentëve dhe e nxënësve, që morën pjesë në PISA, ishin nga këto zona.', 'Të gjitha universitetet janë angazhuar, madje jo vetëm universitetet shtetërore, por edhe ato private. Nga ana tjetër, programi i Bashkimit Europian, Horizont Europa, ka një rritje të ndjeshme të aplikimeve për projekte nga universitetet shqiptare, si dhe një rritje të suksesit të këtyre universiteteve.', 'Siç e dini, në vitet e kaluara studentët shqiptarë me rezultate të larta mbështeteshin për të studiuar në universitetet më të mira prestigjioze europiane apo botërore, por duke pasur prioritet politikën e qeverisë, që të rinjtë e të rejat të studiojnë në Shqipëri dhe të japin kontribut për vendin, paralelisht kjo edhe me politikën e ndërkombëtarizimit të universiteteve për të rritur cilësinë e arsimit të lartë, ne, bashkë edhe me kartën e prioriteteve, për të cilën, javën që vjen, del edhe drafti përfundimtar për të kaluar me vendim të Këshillit të Ministrave, do të nxisim me bursa dhe përjashtim nga tarifat studentët që shkojnë në degët prioritare, të cilat janë prioritet për zhvillimin e vendit, apo degët, ku numri i regjistrimeve dhe interesi i studentëve vitet e fundit ka rënë.']"
21,640,21_ardhurat_tatimit_taksa_tatim,"['ardhurat', 'tatimit', 'taksa', 'tatim', 'taksat', 'tatimi', 'tatimore', 'tatimin', 'taksë', 'tatohen']","['Së treti, kemi rishikuar fashën e sipërme të tatimit progresiv, ku tatimi mbi të ardhurat personale në masën 23% është vendosur të aplikohet për pagat mbi 200 mijë lekë në muaj, nga 150 mijë lekë në muaj që ishte më parë.', 'Të ardhurat minimale deri në 50 mijë lekë të rinj ose 500 mijë lekë të vjetër, i kemi me tatim zero.', 'Tatimi mbi të ardhurat nga punësimi. 2. Tatimi mbi të ardhurat nga biznesi për personat fizikë.']"
22,611,22_ruse_ukrainë_rus_ukrainës,"['ruse', 'ukrainë', 'rus', 'ukrainës', 'rusia', 'rusisë', 'lufta', 'agresioni', 'agresionin', 'ukraina']","['Kjo tregon faktin që agresioni rus në Ukrainë ndikon në Shqipëri më shumë se në vendet e tjera, sepse ne në Shqipëri kemi Edi Ramën.', 'Shqipëria dënon me forcë agresionin ushtarak rus në Ukrainë dhe shkeljen e rëndë nga ana e Federatës Ruse të sovranitetit dhe tërësisë territoriale të Ukrainës, si një akt që dhunon rendin ndërkombëtar.', 'Nuk ka lidhje vetëm më agresionin rus në Ukrainë. Po, ka rritje edhe prej agresionit rus në Ukrainë, por rritja më e madhe ka ardhur si rezultat i çmimit të karburantit, i çmimit të energjisë që lidhen me vendimmarrjen e kësaj qeverie.']"
23,586,23_procedurë_fjalën_procedurës_mikrofon,"['procedurë', 'fjalën', 'procedurës', 'mikrofon', 'ndërhyrje', 'lutem', 'procedurën', 'lindita', 'nikolla', 'pa']","['(Ndërhyrje pa mikrofon) Ju e kërkoni fjalën për procedurë? (Ndërhyrje pa mikrofon) Shpresoj ta keni fjalën për procedurë!', 'Ju lutem! (Ndërhyrje pa mikrofon) Për çfarë e keni kërkuar fjalën? (Ndërhyrje pa mikrofon) Nuk ka procedurë tani.', '(Ndërhyrje pa mikrofon) Vetëm për procedurë. (Ndërhyrje pa mikrofon) Le ta marrë fjalën për procedurë.']"
24,560,24_mikrofon_ndërhyrje_pa_salla,"['mikrofon', 'ndërhyrje', 'pa', 'salla', 'lutem', 'ti', 'uluni', 'unë', 'ke', 'ty']","['(Ndërhyrje pa mikrofon nga salla) Nuk është vetëm fjala juaj fakti kryesor. (Ndërhyrje pa mikrofon nga salla) A ka mundësi të vazhdojmë?', '(Ndërhyrje nga salla pa mikrofon) Po, e kam në Rregullore. (Ndërhyrje nga salla pa mikrofon) Ju lutem, 10 minuta!', '(Ndërhyrje pa mikrofon) Të lutem, mos, sepse ti e di... (Ndërhyrje pa mikrofon) Se nuk po them tani që ...']"
25,540,25_socialiste_partia_demokratike_partisë,"['socialiste', 'partia', 'demokratike', 'partisë', 'partinë', 'socialistë', 'socialistët', 'demokratët', 'socialist', 'parti']","['Këto para nuk i gjeni dhe nuk keni për t’i gjetur ndonjëherë të Partia Socialiste.', 'Madje, citoj shprehjen e kryetarit të Partisë Komuniste, i cili duke lavdëruar Partinë Demokratike të zotit Leskaj thotë: “Sot Partia Demokratike është pastruar nga servilët, i ka marrë të gjitha Partia Socialiste”.', 'Partia Demokratike sot nuk është në situatën më të mirë. Unë e di, doja që Partia Demokratike të ishte sot në qeverisje.']"
26,523,26_rruga_rrugë_kilometra_rrugët,"['rruga', 'rrugë', 'kilometra', 'rrugët', 'rrugën', 'rrugës', 'rrugëve', 'fshatrat', 'administrative', 'fshatrave']","['Si do të zgjidhet problemi i rrugëve lidhëse me ish-komunat? 3 kilometra, 5 kilometra apo 7 kilometra rrugë duhen për t’u lidhur me asfaltin e 10 apo 15 vjetëve.', 'Në njësinë administrative Fajza: rruga Sefoll; rruga Fajza – Likeni i Kuq; rruga Tobël – fshati Metaliaj; rruga Tregtan – Brenogë ; rruga e Vranishtit; rruga Helshan qendër – fshati Kostur; rruga Golaj – Dobrune; rruga e Qafë-Prushit; rruga e Nikoliqit.', 'Në njësinë administrative Nikaj-Mërtur gjendja është shumë e keqe, kryesisht në rrjetin e infrastrukturës rrugore dhe atë të transmetimit të energjisë elektrike, konkretisht: rruga kryesore Fierzë – Lekbibaj është e dëmtuar dhe kërkon ndërhyrje urgjente për riparim dhe mirëmbajtje, në mënyrë që të bëhet i mundur frenimi i shkatërrimit të asfaltit; rruga qendër Lekbibaj – Vranë është e dëmtuar, rruga Curraj i Epërm është e bllokuar; rruga Salcë-Brisë është e bllokuar; rruga qendër Lekbibaj – Qafë-Kolç është e dëmtuar totalisht; rruga Bushat – Gjonpepaj – Stakaj është bllokuar totalisht; rruga Vranë – Kotec është dëmtuar; rruga në lagjen Kapit i Poshtëm është dëmtuar komplet.']"
27,518,27_vota_pro_votimi_abstenim,"['vota', 'pro', 'votimi', 'abstenim', 'mbyllet', 'miratohet', 'kundër', 'hapet', 'asnjë', 'parim']","['Hapet votimi në tërësi. Mbyllet votimi. 77 vota pro, asnjë kundër, asnjë abstenim. Projektligji miratohet.', 'Hapet votimi në tërësi. Mbyllet votimi. Janë 77 vota pro, 9 vota kundër dhe asnjë abstenim.', 'Hapet votimi në parim. Mbyllet votimi. Janë 77 vota pro, 10 vota kundër dhe asnjë abstenim.']"
28,505,28_opozita_opozitë_opozitën_opozitës,"['opozita', 'opozitë', 'opozitën', 'opozitës', 'politike', 'politikë', 'politik', 'opozitar', 'ju', 'jeni']","['Filloi lufta në Ukrainë, përsëri filluan ankesat. E ka fajin opozita për çdo gjë në këtë vend; e ka fajin opozita që ka 8 vjet në opozitë për të gjitha vendimet që kanë marrë vetë këta.', 'Çfarë problemi keni?! Opozita këtë bën. Shikoni si e keni katandisur opozitën! Nuk ju mjafton?!', 'Kjo lloj politike nuk i vlen askujt, as opozitës. Opozita e bazuar te faktet nuk është një opozitë e dobët.']"
29,499,29_gjinore_grave_gratë_gra,"['gjinore', 'grave', 'gratë', 'gra', 'barazinë', 'burrat', 'non', 'grata', 'barazisë', 'deputete']","['Unë jam e fushës së barazisë gjinore dhe e di se çfarë do të thotë në qoftë se barazia gjinore do të merrte 50 milionë euro.', 'Koleget tona, ish-koleget tona apo, ashtu siç e thashë, gra të tjera, që punojnë për mbrojtjen e të drejtave të grave, e fillojnë pikërisht me atë që është më e rëndësishmja, me rritjen e nivelit të përfaqësimit të grave në Parlament, sepse, duke pasur më shumë gra në Parlament, edhe shoqëria apo dhe politika është më e mirë, por, nga ana tjetër, ne e dimë shumë mirë që kauzat për çështje sociale apo për çështje të mbrojtjes së të drejtave të fëmijëve apo të drejtave të grave, kapen e trajtohen më shumë nga gratë deputete.', 'Nëse po, mos dilni më të flisni për të drejtat e grave, për barazinë gjinore!']"
30,492,30_qeveri_qeveria_qeverie_qeverisë,"['qeveri', 'qeveria', 'qeverie', 'qeverisë', 'adresë', 'kjo', 'qytetarëve', 'qytetarët', 'mund', 'kësaj']","['A mund të bëj qeveria më shumë? Po patjetër. Çfarë ka bërë më shumë qeveria?', 'Po jua them përsëri, diferenca është se kanë një qeveri të përgjegjshme, nuk kanë një qeveri hajdutësh.', 'Po tani, nuk ka qenë qeveria jonë, nuk ka qenë ndonjë qeveri tjetër, jeni po ju.']"
31,482,31_shëndetësor_mjekë_mjekëve_mjekët,"['shëndetësor', 'mjekë', 'mjekëve', 'mjekët', 'shqipëri', 'shëndetësore', 'shëndetësisë', 'shëndetësi', 'spitalet', 'xhepi']","['Kush e ofron këtë kujdes shëndetësor? Sigurisht e ofrojnë mjekët, por nëpërmjet detyrimit që ka shteti për të bërë të mundur shtrirjen e sistemit dhe kujdesit shëndetësor në të gjithë territorin e Republikës së Shqipërisë.', 'Për të garantuar një shërbim shëndetësor cilësor për çdo qytetar shqiptar, në çdo spital të vendit.', 'Kuptohet se shërbimi parësor mjekësor e vuan më shumë mungesën e mjekëve dhe, po të llogarisim se sa mjekë për banorë mbulojnë mjekët e familjes, del se në Shqipëri në realitet vetëm 5,7 mjekë për 10 mijë banorë e mbulojnë me kujdes shëndetësor ambulator vendin tonë.']"
32,445,32_shqiptarët_shqiptarëve_shqiptar_dinë,"['shqiptarët', 'shqiptarëve', 'shqiptar', 'dinë', 'ju', 'shqiptarë', 'bëni', 'keni', 'ua', 'jeni']","['Ky nuk është halli shqiptarëve. Jo, shqiptarët kanë tjetër hall dhe problem tashmë prej 9 vjetësh.', 'Shqiptarët nuk na kanë braktisur të gjithë ne, shqiptarët kanë braktisur një pjesë nga ne.', 'Të jeni të bindur për këtë. Do të ndryshojnë gjërat. Nuk mund t’i lini më shqiptarët në atë formë, t’i dhunoni në format tuaja, shqiptarët do të zgjohen, shqiptarët e kanë kuptuar të vërtetën, shqiptarët e dinë shumë mirë se do të ndryshojë ky pushtet personal i një personi dhe i disa oborrtarëve të tij.']"
33,430,33_bardhi_gazment_zoti_mikrofon,"['bardhi', 'gazment', 'zoti', 'mikrofon', 'ndërhyrje', 'pa', 'lutem', 'procedurë', 'fjalën', 'salla']","['Vijojmë me diskutimet. Fjalën e ka zoti Gazment Bardhi. Keni 6 minuta. Gazment Bardhi – Faleminderit, zonja Kryetare!', 'Lindita Nikolla- Zoti Bardhi, mbaroi koha! (Ndërhyrje pa mikrofon) Gazment Bardhi- Jo, nga i pari tek i...', 'Zoti Bardhi, keni fjalën për herë të fundit për këtë çështje. Gazment Bardhi – Faleminderit, zonja Kryetare!']"
34,411,34_unesco_kulturore_trashëgimisë_kulturës,"['unesco', 'kulturore', 'trashëgimisë', 'kulturës', 'trashëgiminë', 'arkeologjisë', 'muzeu', 'arkeologjike', 'menaxhimit', 'butrintit']","['Pra, kështu duam ta menaxhojmë ne trashëgiminë tonë kulturore?! Asgjë mbi vlerat e jashtëzakonshme universale, që kërkon UNESCO?', 'Uroj që Ministria e Kulturës do ta marrë shumë seriozisht UNESCO-n dhe të reflektojë në të gjitha raportet që kërkon UNESCO- ja.', 'Por ato nuk hyjnë, këtu hyn vetëm financimi që jep shteti shqiptar për ta zbuluar dhe për ta mbrojtur trashëgiminë kulturore, për ta inskriptuar në UNESCO, për të dëgjuar UNESCO-n, për të zbatuar rekomandimet e UNESCO-s dhe për të bërë planin e menaxhimit.']"
35,402,35_votën_zgjedhjet_votat_zgjedhjeve,"['votën', 'zgjedhjet', 'votat', 'zgjedhjeve', 'votës', 'vota', 'zgjedhje', 'votuar', 'votimin', 'votoni']","['Kundër? Abstenim? Miratohet. Neni 7. Pro? Kundër? Abstenim? Miratohet. Kalojmë në votimin në tërësi. Hapet votimi në tërësi.', 'Kush është pro? Kundër? Abstenim? Miratohet. Kalojmë në votimin në tërësi. Hapet votimi. Ju lutem, votoni!', 'Kush është pro? Kundër? Abstenim? Miratohet. Kalojmë në votimin në tërësi. Hapet votimi. Ju lutem, votoni!']"
36,402,36_privatizimit_pronave_pronës_prona,"['privatizimit', 'pronave', 'pronës', 'prona', 'pronë', 'leje', 'pronat', 'shtetërore', 'pronësisë', 'pronën']","['Pse ua jepni klientëve tuaj këto prona? (Ndërhyrje pa mikrofon) Nuk ka lidhje fare me ligjin e privatizimit.', 'Sot, për turp të politikës, prona është akoma një plagë e hapur. E njëjta situatë ndodh edhe me pronën shtetërore, nuk ka asnjë databazë të pronës, as të pronave të pushtetit qendror, as të pushtetit lokal, nuk ka një informacion të plotë se sa prona ka.', 'Shumë prej këtyre objekteve shtrihen në pronat e ish-pronarëve, të cilëve u është njohur apo u është kthyer prona me vendim të Komisionit të Kthimit të Pronave dhe duke qenë se pronarët e trojeve kanë të drejtën e parablerjes së objekteve që ngrihen mbi to, kjo masë do t’i ndihmojë ata për të likuiduar një pjesë të vlerës të këtyre objekteve me bono apo me lekë privatizimi.']"
37,401,37_pensioneve_pensionet_pension_pensionistët,"['pensioneve', 'pensionet', 'pension', 'pensionistët', 'pensionin', 'shqipëri', 'pensionistëve', 'pensioni', 'itali', 'shoqërore']","['Po shikojmë se si po na ikin të rinjtë, sepse Viti 2024 24 Legjislatura e 10-të nuk kanë shpresë që nesër do të marrin një pagë të denjë, që nesër do të marrin një pension, apo njerëzit që janë në pension do të jetojnë me dinjitet, sepse ne e dimë që pensionet në Shqipëri janë minimale.', 'Ama, pensionistët nuk presin këtë. Pensionistët presin të kenë pension minimal sa në Malin e Zi, pensionistët presin të kenë pension mesatar sa në Serbi, sa në Maqedoninë e Veriut apo sa në Bosnjë-Hercegovinë.', 'Për ta bërë më të thjeshtë: në rast se një person është në Itali, ka përfituar nga një pension i caktuar, vitet në Itali i kanë dhënë mundësi për të marrë një pension, por ka edhe 9 vjet në Shqipëri, për të cilat nuk ka qenë i kualifikuar për të pasur një pension.']"
38,372,38_policisë_policia_policinë_shtetit,"['policisë', 'policia', 'policinë', 'shtetit', 'burgjeve', 'polici', 'punonjësit', 'punonjësve', 'punonjës', 'policie']","['Ju theksuat se ka problematika lidhur me punonjësit e Policisë së Burgjeve; thoni që ka rekrutime pa kriter, ka dorëheqje masive të 240 punonjësve nga Policia e Burgjeve, ka vakanca në Policinë e Burgjeve.', 'Po ashtu, kam besim se brezat që do të dalin, duke nisur së shpejti nga Akademia e Policisë, do të jenë një burim i jashtëzakonshëm transformimi i gjakut të Policisë së Shtetit.” Kryeministri Edi Rama kur foli para punonjësve të Policisë së Shtetit, u shpreh: “Specialistë të FBI-së do të vijnë në vendin tonë për ta ndihmuar policinë në luftën e saj kundër krimit”.', 'Ne vetëm e kemi inkurajuar Policinë e Shtetit, dhe këto që po bëjmë, i bëjmë që drejtuesit e policisë të mos mbajnë peng policët e thjeshtë dhe ata që punojnë me rrogë të ulët, të mos jenë mes krimit dhe drejtuesve të korruptuar të Policisë së Shtetit.']"
39,363,39_media_medies_medieve_mediet,"['media', 'medies', 'medieve', 'mediet', 'gazetarëve', 'gazetarët', 'medie', 'mediat', 'lirinë', 'medias']","['Medies ia jep, por as atë që i ka dhënë medies nuk ia jep avokatit.', 'Ashtu sikundër u premtua në Komisionin e Medies, le të vazhdojnë diskutimet për këtë ligj, por, ju lutem shumë, mos vendosni barriera duke thënë: “Kjo media është e këtij, ajo media është atij.” Unë nuk dua të bëj komente për një gjë që në mos është fakt, është perceptim.', 'Ja, edhe tani, ndërkohë që flasim për gazetarët, ju po nxirrni gazetarët. Ky është shembulli më i mirë se si e respektoni lirinë e medies!']"
40,363,40_tiranës_tirana_tiranë_bashkisë,"['tiranës', 'tirana', 'tiranë', 'bashkisë', 'tiranën', 'bashkia', 'kryeqyteti', 'bashki', 'qytet', 'qarkun']","['Si përfaqësuese e qarkut të Tiranës, e zonave për të cilat kemi propozuar ndarjen për bashkitë e reja në Tiranë, një banor më telefonoi dhe më tha se do të vijë në Tiranë të marrë një dokument, por e parashikon në agjendën e tij një herë në muaj për të zbritur në Tiranë, sepse banon në Vrap të Tiranës dhe nuk ka rrugë.', 'Madje, thoni se Tirana është shumë e zhurmshme, Tirana ka ajër të ndotur, ndërkohë që të gjithë vini në Tiranë.', 'Raportet e Tiranës Do ta nis me Tiranën, e nderuar zonjë. Ju sot thatë se Tirana ka zhvillim të madh.']"
41,352,41_komisioneri_komisionerit_civil_shërbimit,"['komisioneri', 'komisionerit', 'civil', 'shërbimit', 'dhënave', 'mbikëqyrjen', 'civilë', 'zyra', 'mbrojtjen', 'personale']","['A e ka shtruar Komisioneri i Shërbimit Civil gjatë punës së vet këtë pyetje? Si e vlerëson Komisioneri i Shërbimit Civil rënien e theksuar të besimit në administratën publike?', 'Nuk e di çfarë masash janë marrë nga Komisioneri lidhur me këtë problem, pasi ligji i përcakton qartë detyrat e Komisionerit, referuar nenit 11, ku thuhet se Komisioneri nuk është avokat i qeverisë dhe i institucioneve të saj, por është mbikëqyrës i shërbimit civil, është person juridik publik, i pavarur, i cili është përgjegjës për mbikëqyrjen e ligjshmërisë dhe për administrimin e shërbimit civil.', '“Kuvendi i Shqipërisë, duke e konsideruar rolin e Komisionerit për Mbikëqyrjen e Shërbimit Civil Viti 2024 18 Legjislatura e 10-të në drejtim të përmbushjes së misionit të tij për garantimin e zbatimit të ligjit në administrimin e shërbimit civil në të gjitha institucionet që punësojnë nëpunës civilë, me qëllim që ky proces të jetë i ndershëm, objektiv, i paanshëm dhe transparent, vlerëson veprimtarinë e Komisionerit për Mbikëqyrjen e Shërbimit Civil në drejtim të: trajtimit të informacioneve, kërkesave dhe sinjalizimeve që kanë ardhur për shqyrtim në drejtim të Komisionerit; mbikëqyrjes së përgjithshme dhe tematike të subjekteve me tipologji të ndryshme dhe të institucioneve në shërbimin civil për t’u kontrolluar në planin vjetor apo me kërkesë të vetë institucioneve; mbikëqyrjes së orientuar për mbledhjen e informacionit lidhur me ekzekutimin e vendimeve gjyqësore të formës së prerë në të gjitha njësitë e vetëqeverisjes vendore; mbikëqyrjes së administrimit të shërbimit civil dhe monitorimin e sjelljes së nëpunësve civilë gjatë periudhës së zgjedhjeve vendore për organet drejtuese në bashkitë e vendit; mbikëqyrjes së orientuar nëpërmjet monitorimit online dhe në subjekt, në lidhje me rekrutimet e realizuara nga Departamenti i Administratës Publike; mbikëqyrjes së orientuar në lidhje me monitorimin e procesit të lirimit nga Shërbimi Civil të punonjësve, që kanë plotësuar moshën e daljes në pension pleqërie; mbikëqyrjes së orientuar për vendet e paplotësuara në pozicionet e punës, pjesë e shërbimit civil në administratën publike; procesit të verifikimit të zbatimit të vendimeve paralajmëruese të Komisionerit pas përfundimit të afatit të paralajmërimit; të pjesëmarrjes së Komisionerit në procese gjyqësore, në pozita ta ndryshme procedurale; ndryshimeve në strukturën organizative dhe të organizimit të brendshëm, me qëllim përmirësimin e funksionimit të institucionit; realizimit të buxhetit të institucionit në masën 92%; bashkëpunimit me Komisionin Qendror të Zgjedhjeve, me Departamentin e Administratës Publike, me Kuvendin e Shqipërisë, Task Forcën e krijuar me vendimin nr.']"
42,339,42_armatosura_ushtarake_forcave_forcat,"['armatosura', 'ushtarake', 'forcave', 'forcat', 'mbrojtjes', 'sigurisë', 'inteligjencës', 'kombëtare', 'civile', 'ushtarak']","['Në kuadër të reformimit dhe të modernizimit të Forcave të Armatosura, Agjencia e Inteligjencës dhe Sigurisë së Mbrojtjes mbështet Forcat e Armatosura me inteligjencë në fushën e zbulimit, kundërzbulimit dhe sigurisë.', 'Projektligji “Për disa shtesa dhe ndryshime në ligjin nr. 59/2014, “Për karrierën ushtarake në Forcat e Armatosura të Republikës së Shqipërisë”” sjell ndryshimin e moshës maksimale, që shtetasit duhet të plotësojnë për t’u pranuar në Forcat e Armatosura, si dhe të moshës maksimale për qëndrimin në shërbimin aktiv; motivimin e ushtarakeve, të cilët spikasin në fusha të caktuara të Forcave të Armatosura, duke aplikuar gradimin e parakohshëm; përmirësimin e funksionimit të komisioneve të karrierës në Forcat e Armatosura; krijimin e kushteve për plotësimin me personel për specialitete të caktuara, duke shtuar mundësinë e rikthimit në shërbimin aktiv.', 'Të nderuar kolegë, unë jam i ndjeshëm kur bëhet fjalë për kapacitetet e strukturave të Forcave të Armatosura e të sigurisë, si dhe për Agjencinë Kombëtare të Mbrojtjes Civile.']"
43,320,43_hekurudhor_transportit_hekurudhore_transportin,"['hekurudhor', 'transportit', 'hekurudhore', 'transportin', 'transporti', 'autobusë', 'linja', 'linjat', 'publik', 'hotit']","['Me zhvillimin që po merr sektori hekurudhor, ku po zbatohen dhe pritet të fillojnë projekte madhore për zhvillimin e infrastrukturës hekurudhore, tregu kërkon urgjentisht krijimin e “administratorit të infrastrukturës”, si subjekt i ndarë nga proceset e transportit hekurudhor.', 'Administratori i infrastrukturës hekurudhore do të fokusohet në përmirësimin dhe mirëmbajtjen e rrjetit. Sipërmarrësi i transportit hekurudhor do të optimizojë shërbimet e transportit, duke përmirësuar shërbimin ndaj udhëtarëve dhe duke mbështetur transportin ndërmondial për mallrat.', 'Për sa i përket transportit hekurudhor, në buxhetin e vitit 2025 është parashikuar rehabilitimi i linjës hekurudhore Vorë-Hani i Hotit, ku dalja është pikërisht Shkodra.']"
44,319,44_zgjedhjet_shqiptarëve_shqiptarët_shqiptarë,"['zgjedhjet', 'shqiptarëve', 'shqiptarët', 'shqiptarë', 'partia', 'votojnë', 'votuar', 'zgjedhje', 'votën', 'socialiste']","['Duke përfunduar, dua t’ju bëj thirrje ndërkombëtarëve. Jemi dakord me programet për drejtësinë, por Shqipëria ka nevojë për një sistem zgjedhor që qytetarët shqiptarë të votojnë të lirë dhe të pandikuar në ndërgjegjen e tyre, sepse nga zgjedhjet e lira vjen gjithçka, nga vota e lirë vjen gjithçka, vjen siguria, vjen drejtësia.', 'Ne jemi për të tjera gjëra në politikë, jemi për qytetarët shqiptarë dhe për ata që na kanë votuar.', 'Gjithsesi, prapë po ta them: ne jemi Partia Socialiste e Shqipërisë, ne jemi partia që jemi në mandatin e tretë qeverisës me votat e shqiptarëve dhe që ju presim qetësisht në zgjedhjet e vitit 2025.']"
45,305,45_buxhetin_buxhetit_2025_buxheti,"['buxhetin', 'buxhetit', '2025', 'buxheti', 'vitit', 'faktik', 'buxhet', '2023', 'nderuar', 'diskutojmë']","['Pra, ajo që po kërkoni është një buxhet i dytë nga ai që është prezantuar në buxhetin e vitit 2025.', 'Mendoj se ne duhet të fillojmë diskutimin e rendit të ditës, që është ligj shumë i rëndësishëm për buxhetin faktik, pasi kemi një mënyrë për t’ju thënë qytetarëve se çfarë ka ndodhur me buxhetin gjatë vitit në vazhdim.', 'Të gjitha këto lidhen me buxhetin. Shikoni buxhetin e vitit 2023, ku janë të ardhurat?']"
46,298,46_euro_milionë_lekë_mijë,"['euro', 'milionë', 'lekë', 'mijë', 'miliona', '430', 'eurot', 'miliardë', '50', 'kuintali']","['Ndërkohë, 30 milionë euro llogaritet që t’ua merrni këtyre me këtë tatim. 30 milionë euro është vlera për të cilën sot po akuzohet skema grabitqare, që nuk është korruptive, është më shumë se korruptive, skema e “5D”-së, pa folur më pas për 130 milionë eurot e Viti 2024 110 Legjislatura e 10-të inceneratorit, 19 milionë eurot e Eko Park-ut, miliardat e portit të Durrësit.', 'I keni dhënë 100 milionë euro. E morët nga Italia, e sollët këtu dhe i dhatë 100 milionë euro, është në hetim ai tani.', '4,2 milionë euro, ndërkohë që 4,2 milionë euro është vetëm instalacioni në Kryeministri. Nuk i keni ju këto para?']"
47,296,47_ligj_ligji_ligjin_ligje,"['ligj', 'ligji', 'ligjin', 'ligje', 'normativ', 'ndryshime', 'ligjet', 'ligjit', 'aktual', 'ekzistues']","['Dua të theksoj se kemi një ligj shumë të vjetër, është ligji i vitit 1994, i cili është jashtë aktualitetit, institucionet që përmenden në atë ligj tashmë nuk ekzistojnë dhe ka ardhur koha, madje vite më parë, për një ligj të ri.', 'Për këtë arsye, unë mendoj se ne kemi ende mundësi t’i bëjmë disa ndryshime të fundit këtij ligji.', 'Na thoni se do të bëjmë një ligj tjetër, sepse këtë ligj e kemi hequr.']"
48,293,48_komunizmit_komunist_komuniste_komunizmi,"['komunizmit', 'komunist', 'komuniste', 'komunizmi', 'komunizmin', 'regjimit', 'komunizëm', 'krimet', 'komunistët', 'diktatura']","['Realizimin e një konference shkencore për arkitekturën gjatë regjimit komunist, ku u trajtuan aspekte të rëndësishme të tipologjisë, stilistikës, estetikës së arkitekturës shqiptare gjatë komunizmit, shfaqjen e nevojave të regjimit për propagandë dhe pamundësinë materiale për të ndërtuar; tiparet e zhvillimit urban të kësaj periudhe; kushtet e jetesës; konceptimi i jetës urbane, si dhe problemet ekonomike dhe varfërinë gjatë kësaj periudhe; vizioni totalitar mbi arkitekturën, estetikën dhe propagandën, komunikimi përmes ndërtesave; përçimi i mesazheve totalitare përmes ndërtimit; mbledhjen e dëshmive të të dënuarve për arsye politike, botimin e tyre dhe informimin e publikut për jetën në burgje, internim, dëbim dhe forma të tjera persekutimi; përgatitjen e materialeve didaktike për mësuesit e historisë, për mënyrën e dhënies së temave mbi regjimin komunist në lëndën e Historisë; njohja e të rinjve dhe informimi i publikut të gjerë me aspektet ideologjike të arkitekturës në komunizëm; përkujtimi i ngjarjeve të rëndësishme, të ndryshme; njohja e publikut me përmbajtjen e këtyre ngjarjeve e të tjera; rritjen e aksesit publik mbi historinë e komunizmit në Shqipëri përmes publikimit online të botimeve të Institutit dhe publikimit të aktiviteteve në faqen zyrtare në rrjetet Viti 2023 262 Legjislatura e 10-të sociale dhe në mediet në përgjithësi; rritjen e aksesit përmes promovimit të gjerë të veprave të institucionit dhe shpërndarjen e tyre falas në të gjitha bibliotekat e vendit; bashkëpunimin me institucionet e tjera homologe jashtë vendit përmes aktiviteteve të përbashkëta; rritjen e efikasitetit të aktivitetit të institucionit përmes zgjerimit të bashkëveprimit me institucione të tjera, universitete apo qendra studimore; ndërkombëtarizimin e historisë së komunizmit në Shqipëri, përmes zgjerimit të rrjetit të aktiviteteve me partnerët ndërkombëtarë; pasurimin e databazës me të dhëna statistikore dhe cilësore për viktimat e komunizmit në Shqipëri në të gjitha kategoritë, ekzekutim, burgim, internim, dëbim dhe në forma të tjera.', '33 vjet pas rënies së komunizmit ne kemi një institut që vazhdon të studiojë dhe të bëjë transparencë për krimet e komunizmit.', 'Në qoftë se jemi kundër komunizmit, të paktën të marrim një qëndrim si Kuvend i Shqipërisë për të dënuar krimet e komunizmit, siç ka bërë Këshilli i Europës, siç ka bërë Parlamenti Europian.']"
49,285,49_naftës_naftë_çmimi_naftën,"['naftës', 'naftë', 'çmimi', 'naftën', 'karburantit', 'nafta', 'karburanteve', 'litër', 'nafte', 'çmimin']","['Rritet çmimi i naftës, po shkon 2 mijë lekë, ndërsa ministrja e Financave thotë se është ekonomi tregu.', 'Po, edhe në kohën e Partisë Demokratike, në vitin 2009, kur ishte kulmi i krizës ekonomike në të gjithë Europën, çmimi i një fuçie naftë arriti 140 dollarë, por çmimi i naftës, i karburantit nuk ishte kaq i lartë sa ka arritur tani, në 180 lekë.', 'Sa është sot çmimi i naftës? Sot çmimi i naftës është midis 190 lekë dhe 194 lekë.']"
50,284,50_energjisë_elektrike_energjetike_energjinë,"['energjisë', 'elektrike', 'energjetike', 'energjinë', 'energji', 'energjetik', 'shqiptare', 'bursës', 'çmimit', 'shqiptar']","['Në Shqipëri çmimi i faturës mujore të energjisë elektrike për 768 mijë familje dhe 95 mijë biznese të vogla nuk ka ndryshuar dhe vazhdon të mos ndryshojë, sepse qeveria shqiptare ka vendosur ta paguajë diferencën e rritjes së çmimit së energjisë elektrike në tregjet ndërkombëtare nga buxheti i shtetit.', 'Raporti i Entit Rregullator të Energjisë për vitin 2022, sjell si risi licencimin për herë të parë të Bursës Shqiptare të Energjisë Elektrike (ALPEX), e cila ka filluar operimin Viti 2023 186 Legjislatura e 10-të në tregun e energjisë elektrike.', 'Nga ana tjetër, qeveria shqiptare dhe Ministria e Infrastrukturës dhe Energjisë i ka kushtuar vëmendjen e duhur rritjes së kapaciteteve të prodhimit të energjisë elektrike në vendin tonë përmes diversifikimit të burimeve të energjisë elektrike.']"
51,283,51_miliardë_lekë_vitin_milionë,"['miliardë', 'lekë', 'vitin', 'milionë', 'shpenzimet', 'rreth', '2025', 'euro', 'buxheti', 'vlerën']","['Në buxhetin e vitit 2025 kjo taksë është parashikuar në vlerën 8,6 miliardë lekë dhe, krahasuar me vitin 2024, rreth 2 miliardë lekë më shumë të ardhura për njësitë vendore.', 'Ligji “Për të ardhurat lokale” sot ka nivelin 5 miliardë, 8 miliardë, 10, miliardë, 14 miliardë.', 'Buxheti total në vitin 2013 ka qenë vetëm 6,8 miliardë lekë, ndërsa buxheti në vitin 2025 është 14,7 miliardë lekë ose 2,2 herë më shumë.']"
52,272,52_turistë_turizmit_turistike_turistëve,"['turistë', 'turizmit', 'turistike', 'turistëve', 'turistik', 'turizmi', 'turizmin', 'turistët', 'turizëm', 'shqipëri']","['Ja ku i keni shifrat, sa turistë kanë hyrë dhe sa kanë dalë në Shqipëri, gjë që nuk ka ndodhur në asnjë vend tjetër gjatë sezonit turistik”.', 'Edhe sot që vijnë 10 milionë turistë në Shqipëri, filloni të na jepni mend këtu për turizmin!', 'Asnjëri nga ne, e nderuar Ministre, nuk është kundër rritjes së turizmit në Shqipëri. Gjatë vitit të kaluar në Shqipëri kanë hyrë 10 milionë turistë.']"
53,254,53_taksat_shqiptarë_euro_paratë,"['taksat', 'shqiptarë', 'euro', 'paratë', 'shqiptarëve', 'paguajnë', 'milionë', 'taksapaguesit', 'taksapaguesve', 'taksa']","['Ajo që ju thoni... (Ndërhyrje pa mikrofon) Çfarë ka këtu?! Janë paratë e qytetarëve shqiptarë.', 'Shqiptarët paguajnë taksa, por nuk marrin shërbime nga kjo qeveri. Paratë e shqiptarëve shkojnë në xhepat e atyre që marrin përsipër sot të ndërtojnë rrugë me 20 milionë euro kilometri apo inceneratorë, që nuk kanë funksionuar një ditë të vetme, me kosto rreth 430 milionë euro.', 'Kush do t’i paguajë këto para nga qeveria shqiptare? Pra, paratë paguhen nga xhepat e shqiptarëve, nga taksat e shqiptarëve.']"
54,252,54_minuta_dispozicion_faleminderit_ermonela,"['minuta', 'dispozicion', 'faleminderit', 'ermonela', 'felaj', 'zoti', 'fjalën', 'fjala', 'zotin', 'përgatitet']","['Shumë faleminderit! Lindita Nikolla – Fjala për zotin Petrit Vasili, 5 minuta në dispozicion. Më pas do ta marrë fjalën zoti Bujar Leskaj, me 10 minuta kohë në dispozicion.', 'Faleminderit! Ermonela Felaj – Faleminderit, zoti Vasili! Fjalën e ka zoti Leskaj. Koha në dispozicion 7 minuta.', 'Faleminderit! Lindita Nikolla - Fjala për zotin Oerd Bylykbashi, 6 minuta në dispozicion. Të përgatitet zonja Ermonela Felaj, 5 minuta në dispozicion.']"
55,244,55_borxhit_borxhi_borxh_borxhin,"['borxhit', 'borxhi', 'borxh', 'borxhin', 'publik', 'borxhe', 'bruto', '2013', 'borxhet', 'pbb']","['Kjo ka bërë që edhe borxhi publik të ulet gati 20% më pak për shkak të këtij kursi, sepse i gjithë borxhi është në euro.', 'Duke i shtuar stokut të borxhit vlerat e mësipërme, njohur si borxhi i fshehur, niveli i borxhit publik të vendit tonë kap vlerën alarmante mbi 100% të PBB-së.', 'Borxhi publik në vitin 2013 ka qenë 70,4%, borxhi publik sot që flasim është 56,3%.']"
56,237,56_elbasanit_elbasan_elbasani_qarkut,"['elbasanit', 'elbasan', 'elbasani', 'qarkut', 'elbasanin', 'bashkia', 'inceneratori', 'qarkun', 'inceneratorin', 'bashkisë']","['Në fund, si deputete e qarkut të Elbasanit, dua ta vlerësoj këtë buxhet edhe për mbështetjen që po i jep këtij qarku, veçanërisht Bashkisë së Elbasanit, si asnjëherë më parë.', 'Inceneratori i Elbasanit vetëm për vitin 2021, sipas të dhënave të INSTAT-it, ka përpunuar vetëm 11% të mbetjeve të të gjithë qarkut të Elbasanit.', 'A e dini ju, të nderuar kolegë, që përveç kësaj takse që paguajnë qytetarët e Elbasanit dhe të të gjithë qarkut të Elbasanit, Bashkia e Elbasanit përgjatë këtyre 3 vjetëve ka paguar 5,5 milionë euro për grumbullimin e plehrave vetëm në qytetin e Elbasanit, që bëhet sipas firmës së një ish- deputeti të Partisë Socialiste, një njeriu pranë qeverisë?']"
57,231,57_bujqësia_fermerët_bujqësisë_shqiptare,"['bujqësia', 'fermerët', 'bujqësisë', 'shqiptare', 'bujqësore', 'bujqësinë', 'fermerin', 'bujqësor', 'fermerëve', 'bujqësi']","['Jemi duke hyrë në një treg të hapur dhe të përbashkët me rajonin dhe ende nuk ka asnjë iniciativë nga qeveria shqiptare për ta vendosur fermerin shqiptar të prodhimit të qumështit në të njëjtat pozita me fermerët e rajonit.', 'Ina Zhupa – Faleminderit! Antoneta Dhima - E nderuar zonja Kryetare e Kuvendit, Të nderuar kolegë, Të dashur qytetarë, Një nga prioritetet e qeverisë shqiptare gjatë këtyre viteve të qeverisjes ka qenë dhe mbetet zhvillimi i sektorit të bujqësisë, si një nga sektorët, i cili është mbështetur nëpërmjet skemave kombëtare dhe njëkohësisht projekteve të IPARD-it, projekte, të cilat kanë dhënë impaktin e tyre në rritjen e prodhimeve bujqësore dhe blegtorale vit pas viti si për fermerët, ashtu edhe për shoqëritë e bashkëpunimit bujqësor.', 'U duhen pikat e grumbullimit. Pra, bujqësia shqiptare ka nevojë për më shumë financim, por bujqësia shqiptare sot është ajo që në tre muajt e parë të vitit, ndërkohë që ne po kalojmë një krizë, ka eksportuar 10 milionë euro më shumë produkte, në krahasim me vitin e kaluar që prapë ishim me 15 % rritje në eksport.']"
58,231,58_konkurrencës_ushqimore_autoriteti_treg,"['konkurrencës', 'ushqimore', 'autoriteti', 'treg', 'produkte', 'autoritetit', 'tregun', 'tregtojnë', 'bazë', 'produkteve']","['Qëllimi kryesor i aktivitetit të Autoritetit të Konkurrencës, siç parashikohet edhe në ligjin nr. 9121, datë 28.7.2003 “Për mbrojtjen e konkurrencës”, të ndryshuar””, është mbrojtja e konkurrencës së lirë dhe efektive në treg, duke u mbështetur në tri shtylla kryesore që përcaktojnë mbrojtjen e konkurrencës: abuzimin me pozitën dominuese, mbështetjen e ndaluar në formën e karteleve dhe bashkëpunimin ose përqendrimet e ndërmarrjeve, si dhe të gjithë kuadrin ligjor që rregullon aktivitetin e institucionit të pavarur në Republikën e Shqipërisë.', 'Autoriteti i Konkurrencës ka ndjekur me prioritet plotësimin e rekomandimeve të lëna nga Kuvendi i Shqipërisë në rezolutën “Për vlerësimin e veprimtarisë së Autoritetit të Konkurrencës për vitin 2020” .', 'A ka funksionuar Autoriteti i Konkurrencës si institucion i pavarur? A ka bërë analiza Autoriteti i Konkurrencës për tregun e hidrokarbureve?']"
59,223,59_kushtetuese_gjykatës_gjykata_vendimet,"['kushtetuese', 'gjykatës', 'gjykata', 'vendimet', 'gjykatën', 'vendimi', 'vendim', 'vendimin', 'gjykatë', 'kushtetues']","['Vendimet e Gjykatës Kushtetuese për autonominë vendore sot janë të harruara. Në fakt, është harruar Gjykata Kushtetuese.', 'Kryeministri, sot mbante fjalën sikur të ishte Gjykata Kushtetuese e Gjykatës Kushtetuese. Ajo që tha sot Kryeministri është absolutisht antikushtetuese, sepse Gjykata Kushtetuese ka dy vendime për atë që thotë ai se është e papranueshme.', 'Ky është vendimi i Gjykatës Kushtetuese, dhe ne kemi provuar, e kemi treguar që i zbatojmë vendimet e Gjykatës Kushtetuese.']"
60,221,60_transparencës_transparencë_transparenca_transparencën,"['transparencës', 'transparencë', 'transparenca', 'transparencën', 'transparence', 'proaktive', 'llogaridhënie', 'publik', 'publike', 'transparente']","['Ndërkohë, dua të them që i gjithë procesi ka nevojë për më shumë transparencë. Transparenca nuk është një fjalë që përsëritet këtu nga ministrat, nga deputetët e kështu me radhë.', 'Për të kaluar te garantimi i transparencës, me qëllim garantimin e transparencës në institucionet e arsimit të lartë, Ministria e Arsimit ka ngritur një portal u- transparenca.al, që bën publike të gjitha informacionet, aktivitetet dhe vendimmarrjet në të gjitha institucionet e arsimit të lartë.', 'U tha se nuk duhet Bordi i Transparencës. Unë dua të shpjegoj më shumë për qytetarët se pse duhet Bordi i Transparencës.']"
61,221,61_falënderoj_ftoj_dua_projektligj,"['falënderoj', 'ftoj', 'dua', 'projektligj', 'kolegët', 'falënderoja', 'falënderuar', 'faleminderit', 'zotin', 'komisionit']","['Në fakt, këtu dua të falënderoj disa nga protagonistët e këtij ligji, po e filloj me Autoritetin e Mbikëqyrjes Financiare, me drejtorin, i cili sot është aktualisht ministër, për punën voluminoze (gati 207 apo 208 nene, në mos gaboj), një punë e jashtëzakonshme; Ministrinë e Financave, stafet e tyre respektive; partnerët tanë financiarë ndërkombëtarë, Bankën Botërore në veçanti, por dua të falënderoj edhe Komisionin për Veprimtaritë Prodhuese, Tregtinë dhe Mjedisin, pasi debatin e kemi pasur shumë cilësor, dhe i falënderoj të dy krahët, mazhorancën dhe opozitën, për pjesën konstruktive të ligjit!', 'Ju falënderoj dhe ju ftoj ta votojmë atë! Lindita Nikolla – Faleminderit! Këtu mbyllet diskutimi për projektligjin.', 'Edhe një herë, falënderoj të gjithë kolegët e mazhorancës! Ju ftoj ta votoni këtë projektligj.']"
62,216,62_radiotelevizionit_shqiptar_audiovizive_radiotelevizioni,"['radiotelevizionit', 'shqiptar', 'audiovizive', 'radiotelevizioni', 'radiotelevizionin', 'drejtues', 'radio', '97', 'mediet', 'republikën']","['Projektvendimi “Për zgjedhjen e zotit Edmond Tullumani anëtar të Këshillit Drejtues të Radiotelevizionit Shqiptar” (neni 78 i Kushtetutës, ligji 97/2013 “Për mediet audiovizive në Republikën e Shqipërisë”, i ndryshuar””, nenet 55, 60 dhe 111 të Rregullores së Kuvendit, shumicë e thjeshtë votash për miratim, votim i fshehtë) 8.', 'Në bazë të nenit 103 të Rregullores dhe ligjit “Për mediet audiovizive në Republikën e Shqipërisë”, këtë raport vjetor do ta paraqesë kryetari i Këshillit Drejtues të Radiotelevizionit Shqiptar, zoti Bungo.', 'Kuvendi i Shqipërisë, duke vlerësuar rolin e Radiotelevizionit Shqiptar në drejtim të përmbushjes së misionit të tij, realizimit të shërbimeve cilësore të Radiotelevizionit Shqiptar për të informuar, edukuar dhe argëtuar publikun, duke i shërbyer kombit dhe të gjitha grupeve të shoqërisë, përfshirë dhe pakicat kombëtare; duke njohur përpjekjet e RTSH-së për realizimin e programeve cilësore, ofrimin e një game të gjerë 125 Legjislatura e 10-të Viti 2024 projektesh, në interes të grupeve të ndryshme sociale, rritjen e audiencës dhe shtrirjen sa më të madhe në vend; duke konsideruar se veprimtaria e RTSH-së është kryer në përputhje të plotë me detyrimin për të pasur nga ana e saj një mbulim të paanshëm dhe të balancuar të lajmeve të vendit dhe atyre ndërkombëtare, duke bërë të mundur rritjen e besimit të publikut, vlerëson veprimtarinë e Radiotelevizionit Shqiptar gjatë vitit 2023 në drejtim të: - rikonceptimit të imazhit të RTSH-së, në funksion të rritjes së konkurrencës përballë mediave audiovizive private, sipas fashave orare dhe nevojave të audiencës për më shumë informim, argëtim dhe edukim; - hapjes së zyrës së përbashkët mes RTSH-së dhe Radiotelevizionit të Kosovës, ku të dyja palët angazhohen që të shkëmbejnë produkte audiovizive në interes të audiencës në Shqipëri dhe në Kosovë; - rikonstruksionit të plotë dhe modernizimit të sallës së Orkestrës Simfonike të Radiotelevizionit Shqiptar, duke mundësuar regjistrimin audio të koncerteve, kalendarit të repertorit të saj artistik dhe realizimin e transmetimeve direkt apo regjistrime televizive; - rikonstruksionit total të studiove kryesore të Radio Tiranës, duke i hapur rrugën projektit të vizualizimit të të gjitha programeve radiofonike; - prodhimit të programeve argëtuese, kulturore e edukative për fëmijët.']"
63,203,63_albania_online_digjitale_shërbimeve,"['albania', 'online', 'digjitale', 'shërbimeve', 'elektronike', 'digjital', 'akep', 'shërbime', 'postare', 'shërbimet']","['Ju thashë: sot ofrohen 90 herë më shumë shërbime online. Në vitin 2023 qytetarët kanë marrë përmes shërbimit “e-Albania” 13 milionë e 260 mijë shërbime, nga të cilat 8,7 milionë janë dokumente të gjeneruara me vulë elektronike.', 'Sipas propagandës dhe vendimit të qeverisë, nga data 1 maj 2022 çdo dokument është online, qytetarët duhet të aplikojnë në faqen e e-Albania për të marrë një përgjigje, që u vjen vetëm në mënyrë elektronike dhe me vulë digjitale.', 'Mjafton të përmendim shërbimet publike. Shqipëria është një nga vendet e pakta në Europë, që ka arritur në mbi 95 % të shërbimeve publike online, përmes portalit e-Albania.']"
64,202,64_2021_vitin_vitit_2022,"['2021', 'vitin', 'vitit', '2022', '2023', '2020', 'vkm', '2024', '2025', 'korrik']","['Bursa duhet të funksiononte që në vitin 2015, por, në fakt, pavarësisht se e ka pasur bazën ligjore për të filluar, u shty për vitin 2021, pastaj për vitin 2022 dhe tani, pavarësisht se thuhet që do të jetë funksionale në vitin 2022, kanë filluar të thonë se do të jetë në vitin 2023.', 'Këshilli i Ministrave nuk i ka sjellë ato për 4 vjet: 2020, 2021, 2022 dhe 2023.', 'Pra, në vitin 2022 do të bëjmë një strategji për vitin 2021 deri në vitin 2027.']"
65,198,65_zhupa_ina_zonja_faleminderit,"['zhupa', 'ina', 'zonja', 'faleminderit', 'zonjën', 'përgatitet', 'lindita', 'nikolla', 'fjalën', 'fjala']","['Faleminderit! Lindita Nikolla – Fjalën e ka zonja Ina Zhupa. Të përgatitet zoti Berisha. Ina Zhupa – Faleminderit, zonja Kryetare!', 'Faleminderit! Lindita Nikolla – Po, zonja Zhupa, fjala për procedurë. Ina Zhupa – Faleminderit, zonja Kryetare!', 'Lindita Nikolla – Zonja Ina Zhupa e ka fjalën. Ina Zhupa – Faleminderit, zonja Kryetare!']"
66,195,66_digjitale_shërbimeve_online_digjital,"['digjitale', 'shërbimeve', 'online', 'digjital', 'shërbimet', 'shërbime', 'digjitalizimit', 'revolucioni', 'teknologjisë', 'digjitalizimi']","['Për ta thënë më qartë, gjithë ky revolucion digjital në shërbimet tona digjitale shoqërohet sot edhe me përmirësimin e kuadrit ligjor.', 'Që në fillim dua të theksoj se i gjithë revolucioni digjital është mbështetur dhe promovuar nga qeveria si një prioritet që mbulon fushat e komunikimeve elektronike dhe postare, por edhe për kryerjen e rreth 1212 shërbimeve online, duke u dhënë mundësi qytetarëve që të përfitojnë shërbime digjitale me shpejtësi, pa sportele dhe pa pagesë.', 'Tani jemi para faktit që digjitalizimi është shndërruar në domosdoshmëri, zhvendosja e pashmangshme drejt shërbimeve digjitale duhet të përshpejtohet, ofrimi i shërbimeve është drejt perfeksionit digjital, pasi puna ideale sot është digjitale, është digjitale mësimdhënia, është digjitale edhe ekonomia e kështu me radhë.']"
67,195,67_gjyqësore_apelit_gjykata_gjykatat,"['gjyqësore', 'apelit', 'gjykata', 'gjykatat', 'gjyqtarë', 'gjykatën', 'vendime', 'gjyqtarëve', 'gjyqtarët', 'çështjeve']","['Në katërt muajt e saj të parë Gjykata e Apelit e juridiksionit të përgjithshëm, e cila ka filluar funksionimin e saj që ditën e parë, më 1 shkurt, me seanca gjyqësore, ka zhvilluar mbi 5300 seanca gjyqësore dhe ka përfunduar me vendim të formës së prerë mbi 2500 çështje.', 'Në fakt, kjo është e vërteta, sepse sot vetëm për të caktuar një seancë gjyqësore duhen dy vjet, po për të përfunduar në shkallën e parë shkon edhe deri në pesë vjet, pa marrë në konsideratë Gjykatën e Apelit apo Gjykatën e Lartë.', '16 vjet do të ishte koha që do të merrte shqyrtimi në Gjykatën e Apelit i çështjeve para hartës së re gjyqësore.']"
68,189,68_flamur_noka_flamurin_flamuri,"['flamur', 'noka', 'flamurin', 'flamuri', 'flamurit', 'zonjë', 'lutem', 'hajdut', 'flamujt', 'elisa']","['Zoti Noka, për procedurë. Flamur Noka – Zonja Kryetare, Të gënjesh Parlamentin... Elisa Spiropali – Nuk jua lejoj, zoti Noka.', 'Ermonela Felaj – Ju lutem, zoti Noka, të mos bëjmë debat kot! Flamur Noka – Jo, të jemi të qartë.', 'Faleminderit! Lindita Nikolla – Zoti Noka, fjala për ju. Flamur Noka – Zonja Kryetare e Kuvendit, E kam ngritur këtë shqetësim edhe më parë.']"
69,187,69_kanabisit_mjekësor_industrial_qëllime,"['kanabisit', 'mjekësor', 'industrial', 'qëllime', 'kanabisin', 'mjekësore', 'kanabis', 'industriale', 'kanabisi', 'thc']","['Ogerta Manastirliu – Faleminderit, e nderuar drejtuese e seancës! Sot sjellim për miratim projektligjin “Për kontrollin e kultivimit dhe përpunimit të bimës së kanabisit dhe prodhimit të nënprodukteve të saj për qëllime mjekësore dhe industriale”, i cili synon të rregullojë procesin e kontrollit të mbikëqyrjes, kultivimit, prodhimit, qarkullimit dhe eksportimit të bimës së kanabisit, nënprodukteve dhe produkteve përfundimtare të saj për qëllime mjekësore dhe industriale.', 'Kalojmë te projektligji “Për kontrollin e kultivimit dhe përpunimit të bimës së kanabisit dhe prodhimit të nënprodukteve të saj për qëllime mjekësore dhe industriale”.', 'Kultivimi i kanabisit për qëllime mjekësore krijon, pa dyshim, mundësi ekonomike të rëndësishme, përfshirë këtu kultivimin e kulturave të kanabisit, sikurse është kërpi industrial.']"
70,185,70_shqiptarë_rinjtë_ikin_larguar,"['shqiptarë', 'rinjtë', 'ikin', 'larguar', 'azil', 'largohen', 'shqipëria', 'emigrimi', 'rinjve', 'ikur']","['Ka edhe diçka tjetër, shumë shqiptarë që po shkojnë në Britaninë e Madhe janë shqiptarë që janë prej kohësh në emigracion në vendet të Europës dhe ikin nga vendet e Europës drejt Britanisë dhe jo detyrimisht nga Shqipëria.', 'Në këta 10 vjet mbi 300 000 të rinj janë larguar dhe mbi 500 000 shqiptarë janë larguar nga Shqipëria.', 'Ky parlament sërish nuk e ka të mundur të diskutojë pse ndodh ky fenomen, pse po ikin shqiptarët nga një vend që nuk ka as luftë civile dhe as ndonjë konflikt të armatosur, pse vetëm për gjashtëmujorin e dytë të vitit 2022 kanë emigruar dhe kanë kërkuar azil mbi 5000 shqiptarë, pse të rinjtë shkojnë për të kërkuar një jetë tjetër në Mbretërinë e Bashkuar, në Gjermani dhe në Europë, A po ikin të rinjtë, siç thotë qeveria, sepse Gjermania është e plakur dhe po e rinojnë shqiptarët duke plakur Shqipërinë?!']"
71,185,71_korrupsioni_korrupsionit_korrupsionin_korruptuar,"['korrupsioni', 'korrupsionit', 'korrupsionin', 'korruptuar', 'international', 'shqipëria', 'shqipëri', 'korrupsion', 'transparency', 'korruptuara']","['E katërta, që dua të ndaj me ju, është se ne në asnjë moment nuk kemi thënë se në Shqipëri nuk ka korrupsion, ashtu siç në fakt, kur keni thënë se korrupsioni është një plagë e shoqërisë, nuk mund të lëmë pa thënë se korrupsioni ka qenë më keq në vitin 2013, kur e latë ju pushtetin, sesa është sot.', 'Departamenti Amerikan i Shtetit, në raportin e fundit për Shqipërinë, thotë se “korrupsioni është endemik, në të gjitha degët, është kudo” dhe nuk ka se si Ministria jonë e Kulturës të mos jetë pjesë e këtij korrupsioni dhe e kësaj fryme të korrupsionit që ka kjo qeveri.', '(Zhurmë bilbili në sallë) Unë nuk besoj se sot Shqipëria ka sfidë më të madhe se korrupsioni; korrupsioni që blen zyrtarin e FBI-së; korrupsioni që blen punonjësen e koncesioneve dhe të tatimeve; korrupsioni tek inceneratorët; korrupsioni që vjen në parlament dhe i detyron deputetët të votojnë për t’ua shtyrë afatin për dy vjet kontratave, të cilat i kanë akuzuar si korruptive.']"
72,181,72_banka_bankës_shqipërisë_bankar,"['banka', 'bankës', 'shqipërisë', 'bankar', 'bankën', 'depozitave', 'monetar', 'bankave', 'bankat', 'financiar']","['Ne kemi pasur 16 banka tregtare të nivelit të dytë që operonin në Republikën e Shqipërisë, dhe sot kemi 11 banka.', 'Në veçanti, nisur edhe nga sulmet e organizuara kibernetike me të cilat u përball vendi gjatë vitit të shkuar, Banka e Shqipërisë i kushtoi një vëmendje të posaçme rritjes së qëndrueshmërisë së sektorit bankar, të tregjeve financiare dhe të sistemeve të pagesave të operuara nga Banka e Shqipërisë, duke bashkëpunuar me agjencitë e specializuara kombëtare, por edhe partnerët ndërkombëtarë si Fondi Monetar Ndërkombëtar, Banka Botërore dhe partnerë të tjerë.', 'Janë dy botë të ndryshme, për këtë po flas, janë edhe dy banka të ndryshme në një, është Banka e Shqipërisë sot dhe ajo Banka e Shqipërisë që 297 Legjislatura e 10-të Viti 2024 ka qenë atëherë.']"
73,178,73_minutë_mbaroi_koha_ermonela,"['minutë', 'mbaroi', 'koha', 'ermonela', 'sekonda', 'felaj', 'lutem', 'lindita', 'nikolla', 'minuta']","['Ermonela Felaj – Mbaroi koha, ju lutem! Flamur Noka – Kam 15 minuta. Ermonela Felaj – Po, pra, 15 minuta dhe ju lashë edhe 1 minutë shtesë.', 'Ermonela Felaj – Ju lutem, zoti Noka, ju mbaroi koha, kishit 2 minuta në dispozicion!', 'Lindita Nikolla - Ju mbaroi koha! Bujar Leskaj - Të lutem, edhe një minutë, që ta mbyll me ndonjë fjalë të mirë për ju!']"
74,178,74_replikë_replikën_mbi_mikrofon,"['replikë', 'replikën', 'mbi', 'mikrofon', 'ndërhyrje', 'replikës', 'salla', 'pa', 'fjalën', 'nikolla']","['Faleminderit! (Ndërhyrje pa mikrofon) Lindita Nikolla - Zonja Zhupa, nuk bëhet replikë mbi replikë. (Ndërhyrje pa mikrofon) E mori fjalën për replikë.', 'Lindita Nikolla – Nuk ka replikë mbi replikë. Nuk e ka marrë fjalën për replikë, por e ka marrë fjalën si ministre.', '(Ndërhyrje pa mikrofon.) Jo, nuk ka replikë mbi replikën. Lindita Nikolla – Ju lutem, nuk bëhet replikë mbi replikë, zoti Manja!']"
75,172,75_shtesa_nderuar_nr_ligjin,"['shtesa', 'nderuar', 'nr', 'ligjin', 'projektligjin', 'ndryshime', 'faleminderit', 'projektligji', 'qytetarë', 'kolegë']","['Faleminderit! Lindita Nikolla – Këtu mbyllet kjo çështje e rendit të ditës. Kalojmë te projektligji “Për disa shtesa dhe ndryshime në ligjin nr.', 'Faleminderit! Lindita Nikolla – Faleminderit! Këtu mbyllet diskutimi për këtë projektligj. Kalojmë te projektligji “Për disa shtesa dhe ndryshime në ligjin nr.', 'Lindita Nikolla – Faleminderit! Këtu mbyllet diskutimi për projektligjin. Vijojmë me çështjen tjetër: projektligji “Për disa shtesa dhe ndryshime në ligjin nr.']"
76,164,76_kibernetike_kibernetik_sistemet_tims,"['kibernetike', 'kibernetik', 'sistemet', 'tims', 'sulmet', 'sulm', 'sulme', 'dhënat', 'sulmeve', 'sistemeve']","['Për këtë arsye, përmes Agjencisë Kombëtare për Sigurinë Kibernetike, i kemi kushtuar dhe vazhdojmë t’i kushtojmë një vëmendje të veçantë, duke bashkëpërfshirë këtu të gjitha institucionet e tjera, mbrojtjes së qytetarëve nga sulmet hibride, qofshin ato të natyrës kibernetike apo formave të tjera, këtu i referohem: mbrojtjes së fëmijëve nga kërcënimet kibernetike (gjithçka që kemi bërë deri më tani përmes paketës së sigurisë në shkolla, përmes punës së lavdërueshme që bën Ministria e Arsimit dhe institucionet e tjera për të rritur kapacitet tona monitoruese në rrjetet sociale apo në motorët e kërkimit në internet, për të garantuar sa më pak akses të fëmijëve tek informacione apo gjithçka tjetër, që është e dëmshme për fëmijët), nxitjes së pjesëmarrjes së personave me aftësi ndryshe, përfshirjes së komunitetit rom, mbrojtjes së qytetarëve të moshës së tretë dhe pa harruar asnjëherë mbrojtjen e grave dhe vajzave nga çdolloj forme e dhunës me bazë gjinore në botën kibernetike dhe virtuale.', 'Pastaj të flasim këtu për krimet kibernetike. Ju po bëni krime shumë më të mëdha, shumë më të dëmshme se sa krimet kibernetike.', 'Sulmet kibernetike janë një e përditshme. Ne jemi marrë me sulme të vazhdueshme kibernetike dhe s’kemi pasur asnjëherë asnjë problem.']"
77,163,77_datë_ndryshuar_neneve_votash,"['datë', 'ndryshuar', 'neneve', 'votash', '55', 'miratim', 'nr', 'shumicë', 'republikën', '77']","['Projektligji “Për disa shtesa në ligjin nr. 7895, datë 27.1.1995 “Kodi Penal i Republikës së Shqipërisë”, i ndryshuar” (në mbështetje të nenit 81, pika 1 dhe nenit 81, pika 2, të Kushtetutës si dhe neneve 55 dhe 73-77 të Rregullores, shumicë e cilësuar votash për miratim) Pyetje Shprehet nismëtari.', 'Projektligji “Për disa shtesa dhe ndryshime në ligjin nr. 69/2012 “Për sistemin arsimor parauniversitar në Republikën e Shqipërisë”, i ndryshuar (në mbështetje të neneve 78 dhe 83, pika 1, të Kushtetutës, dhe neneve 55 dhe 73-77 të Rregullores, shumicë e thjeshtë votash për miratim) Pyetje Shprehet nismëtari.', '55/2015 “Për investimet strategjike në Republikën e Shqipërisë”, i ndryshuar (në mbështetje të neneve 78 dhe 83, pika 1, të Kushtetutës, dhe neneve 55 dhe 73-77 të Rregullores, shumicë e thjeshtë votash për miratim).']"
78,161,78_spak_ut_un_hetojë,"['spak', 'ut', 'un', 'hetojë', 'hetuar', 'skap', 'drejtuesin', 'hetimeve', 'dosje', 'drejtësisë']","['Ajo lidhet me SPAK-un, i cili duke u marrë me politikën ka prodhuar politikë. Jam i bindur që kjo e fundit ka ndodhur për arsye që nuk varen nga drejtuesit e SPAK-ut.', 'A kam unë kritika për SPAK-un?! Pa asnjë dyshim! A do të doja që SPAK-u të bënte më shumë?', 'Pse? Unë jam i idesë edhe sot e kësaj dite që SPAK-ut i kemi dhënë një bashkësi veprimi shumë të gjerë, që nuk mund ta mbulojë me 10-15 prokurorë: SPAK-u për korrupsionin e lartë, SPAK-u për krimin e organizuar, SPAK-u ndërhyn te çështjet zgjedhore, SPAK-u për çështje gati ordinere.']"
79,158,79_ujë_uji_ujit_tiranës,"['ujë', 'uji', 'ujit', 'tiranës', 'orë', '24', 'ujin', 'tiranë', 'pijshëm', 'ujërave']","['Në fakt, nuk ka ujë në Tiranë. Ne nuk kemi ujë në Tiranë. Kemi ujë me orare në Tiranë.', 'Çfarë keni premtuar në këta 12 vjet?! Ujë 24 orë, - thoshte Edi Rama. Thoshte se është turp që në vitin 2012 të diskutojmë për ujin dhe se vitin tjetër shqiptarët do të kenë 24 orë ujë.', 'Fshatrat dhe bashkitë e Shqipërisë kanë shumë herë më tepër ujë sesa kishin, siç ka edhe bashki që kanë ujë 24 orë në 24.']"
80,156,80_inflacioni_inflacionit_inflacionin_çmimeve,"['inflacioni', 'inflacionit', 'inflacionin', 'çmimeve', 'inflacion', 'muajin', 'ushqimeve', 'rritja', 'stagflacioni', 'konsumit']","['Inflacioni është sfida e radhës, dhe inflacioni po tregon se gjendja nuk mbahet thjesht dhe vetëm me masa monetare.', 'Patjetër, jemi në një moment krize. Çfarë është inflacioni për qytetarët, sepse dëgjojnë shpesh fjalën “inflacioni”?', 'Thuhet se ka rënë inflacioni. Por, a e dini që dy muajt e fundit ka pasur rritje të inflacionit?']"
81,156,81_familje_ekonomike_ndihmës_ndihmë,"['familje', 'ekonomike', 'ndihmës', 'ndihmë', 'familjet', 'mijë', 'fëmijë', 'lekë', 'familjeve', 'kryefamiljare']","['Të mos harrojmë që në buxhetin e vitit 2022, duke filluar nga janari i këtij viti, programi i ndihmës ekonomike është rritur me 1,5 miliardë lekë, përkatësisht është rritur me dy herë masa e ndihmës ekonomike për familjet përfituese të kësaj skeme, të cilat kanë mbi tre fëmijë; kemi trefishuar masën e ndihmës ekonomike nga janari i këtij viti për fëmijët pa kujdes prindëror, si dhe për familjet e tjera kemi rritur masën e ndihmës ekonomike me 10%.', 'Çfarë kemi bërë deri më sot? Ne kemi siguruar mbështetje për nënat me më shumë se tre fëmijë, të cilat mbështeten nga programet tona të ndihmës ekonomike, kemi dyfishuar masën e ndihmës ekonomike për familjet pjesë e kësaj skeme, kemi trefishuar masën e ndihmës ekonomike për fëmijët pa kujdes prindëror.', 'Në raport me mbështetjen e familjeve në ndihmë ekonomike, 64 mijë familje do të mbështeten duke filluar nga 1 tetori me 10% të rritjes së masës së ndihmës ekonomike.']"
82,155,82_aeroporti_aeroportin_aeroport_aeroportit,"['aeroporti', 'aeroportin', 'aeroport', 'aeroportit', 'rinasit', 'fluturimeve', 'air', 'vlorës', 'fluturime', 'aeroporte']","['Mbi të gjitha, janë pasuri që i shtohen këtij vendi, edhe aeroporti i Vlorës, edhe zgjerimi i aeroportit të Tiranës dhe zmadhimi tij për të ofruar shërbime akoma më të mëdha, edhe aeroporti i Gjirokastrës, siç ishte më herët aeroporti i Kukësit.', 'U tha çdo gjë për aeroportin e Tiranës, vetëm një gjë nuk u tha: aeroporti i Tiranës është një nga vjedhjet më të mëdha që ka ndodhur më Shqipëri; aeroporti i Tiranës është dhe duhej të ishte një pronë publike, duhej të ishte e të gjithëve ne.', 'E dyta, ka të bëjë me aeroportin e Kukësit dhe me aeroportin e Vlorës. Aeroporti i Kukësit, në mos gaboj, ka qenë aty, apo jo?']"
83,155,83_qumështit_pluhur_qumësht_lopë,"['qumështit', 'pluhur', 'qumësht', 'lopë', 'qumështi', 'qumështin', 'krerë', 'hirrën', 'dele', 'hirrës']","['Të bëjmë pak histori. Taksimi për produktet e hirrës së qumështit dhe për kremin e qumështit u vendos në vitin 2021 si pjesë e paketës fiskale të vitit 2022, kur për hirrën e qumështit u vendos taksa në nivelin 150 lekë për kilogram.', 'Taksa për qumështin pluhur të importit ndihmon rritjen e prodhimit të qumështit natyror nga fermerët tanë dhe dekurajon përpunuesit e qumështit në vend që të përdorin me shumicë qumësht pluhur në produktet e tyre, duke jua ulur cilësinë dhe vlerën ushqyese.', 'Frida Krifca – E nderuar Kryetare, Të nderuar deputetë, Dua të nënvizoj edhe një herë shifrën e prodhimit të qumështit për vitin 2022, që është 1 milion tonë qumësht, ndërkohë që importi i qumështit pluhur është 1900 tonë gjatë vitit 2022 dhe hirra e qumështit të importuar është 1000 tonë.']"
84,153,84_nato_anëtar_jemi_sigurisë,"['nato', 'anëtar', 'jemi', 'sigurisë', 'amerikës', 'bashkuara', 'ushtarake', 'shtetet', 'tonë', 'vend']","['Nuk mund të thuhet: “NATO u alarmua, pasi një vend i NATO-s ka qenë aq i dobët, saqë nga dera e hapur e mureve të pambrojtura siç duhet, mund të rrezikohet edhe NATO”.', 'Në vitin 2015 ekspertët e NATO-s kanë ardhur për vlerësim dhe në gusht të vitit 2018 u miratua investimi i NATO-s.', 'Ne jemi vend anëtar i NATO-s, ndaj duhet ta marrim seriozisht anëtarësimin tonë, jo vetëm duke parë se çfarë mbrojtjeje na ofron NATO, por edhe duke parë se çfarë partneriteti i ofrojmë ne NATO- s, si vend anëtar i saj.']"
85,150,85_ankesa_ankesave_ekonomikë_prokurimit,"['ankesa', 'ankesave', 'ekonomikë', 'prokurimit', 'fazën', 'paraqitura', 'kpp', 'operatorëve', 'pranuar', 'ofertave']","['Nga 768 ankesa, 298 prej tyre ose rreth 38,8% janë ankesa të paraqitura për kundërshtime mbi dokumentet e tenderit dhe 470 ankesa ose rreth 61,2 % e tyre janë ankesa të paraqitura për fazën e vlerësimit të ofertave.', 'Nga numri total i ankesave të paraqitura gjatë vitit 2021, 327 ankesa janë pranuar, 343 ankesa nuk janë pranuar, 31 ankesa nuk janë marrë në shqyrtim, për 54 ankesa është mbyllur çështja, si dhe për 21 ankesa ka përfunduar procedimi administrativ.', 'Në total janë pranuar 305 ankesa dhe nuk janë pranuar 307 ankesa. Pas vendimmarrjes së Komisionit të Prokurimit Publik, pas ushtrimit të mjeteve të rishikimit, ankimit administrativ nga operatorët ekonomikë, me anë të dorëzimit të ankesave pranë Komisionit të Prokurimit Publik, KPP-ja pas shqyrtimit të ankesave, nga vendimmarrja e kësaj të fundit, i ka kursyer buxhetit të shtetit vlerën prej rreth 115 milionë e 967 mijë e 650 lekësh pa TVSH, llogaritur si diferencë e ofertës së kualifikuar nga vendimmarrja e autoriteteve kontraktore dhe e 111 Legjislatura e 10-të Viti 2023 operatorëve ekonomikë të ankuar, ankesa e të cilëve është pranuar nga Komisioni i Prokurimit Publik.']"
86,149,86_pagave_pagat_rritje_sektorin,"['pagave', 'pagat', 'rritje', 'sektorin', 'paga', 'mesatare', 'rritur', 'rritjen', 'pagës', 'rritja']","['Buxheti garanton rritjen e nivelit të pagave për të gjithë punonjësit e administratës vendore dhe mbështet sektorin privat për garantimin e rritjes së pagave e përfitimeve edhe për punonjësit e këtij sektori, se kishte ardhur koha.', 'Dua të them edhe diçka tjetër në lidhje me rritjen e pagave në sektorin shtetëror: pagat nga nga viti 2005 deri në vitin 2013 janë rritur 95%, ndërsa nga viti 2013 deri në vitin 2023 janë rritur vetëm 40%.', 'Kemi një rritje reale të pagave në masën 10,8%, nga të cilat 13% është rritja e pagave në sektorin publik dhe 9,7% në sektorin privat.']"
87,147,87_kuvendin_shkëlqesia_president_nderuar,"['kuvendin', 'shkëlqesia', 'president', 'nderuar', 'përshëndetëse', 'republikës', 'presidente', 'presidentin', 'shqipërisë', 'shkëlqesinë']","['Presidentja Pirc Musar do të përshëndesë Kuvendin. E mirëpresim zonjën Presidente! (Duartrokitje në sallë) Shkëlqesia Juaj, zonja Presidente Pirc Musar, Të nderuar shkëlqesi ambasadorë dhe përfaqësues të trupit diplomatik, Kolege dhe kolegë deputetë, Zonja dhe zotërinj, Kam kënaqësinë t’i uroj mirëseardhjen në Kuvendin e Shqipërisë Shkëlqesisë së Saj, zonjës Nataša Pirc Musar, Presidente e Republikës së Sllovenisë!', 'Shkëlqesia Juaj, zonja Presidente Novák, Të nderuar shkëlqesi ambasadorë dhe përfaqësues të trupit diplomatik, Të nderuara kolege e kolegë deputetë, Zonja e zotërinj, Kam kënaqësinë t’i uroj mirëseardhjen në Kuvendin e Shqipërisë Shkëlqesisë së Saj, zonjës Katalin Novák, Presidente e Republikës së Hungarisë!', '(Duartrokitje në sallë) Shkëlqesia Juaj, zoti President Sobotka, Të nderuar shkëlqesi ambasadorë dhe përfaqësues të trupit diplomatik, Kolege dhe kolegë deputetë, Zonja e zotërinj, Kam kënaqësinë t’i uroj mirëseardhjen në Kuvendin e Shqipërisë, Shkëlqesisë së Tij, zotit Wolfgang Sobotka, President i Këshillit Kombëtar të Republikës së Austrisë.']"
88,141,88_reformë_reforma_reformat_reforme,"['reformë', 'reforma', 'reformat', 'reforme', 'reformës', 'reformën', '2014', 'kadastrës', 'reformave', 'administrative']","['Në fakt, reformat janë të rëndësishme, siç janë reforma zgjedhore, reforma territoriale dhe reforma në drejtësi.', 'Si thatë ju, reformë e madhe dhe e rëndësishme?! (Ndërhyrje pa mikrofon) Dakord. Çfarë ishte kjo reforma?', 'Nuk ka. Kjo është reforma që duhet bërë, por, a e dini se si bëhet kjo reformë?']"
89,141,89_open_balkan_ballkani_ballkanin,"['open', 'balkan', 'ballkani', 'ballkanin', 'ballkanit', 'hapur', 'ballkan', 'veriut', 'perëndimor', 'maqedoninë']","['Kisha edhe shumë gjëra të tjera për naftën dhe për “Open Balkan”, por koha mbaroi.', '(Bie gongu.) Unë po bëj një kërkesë shumë miqësore (madje e kam thënë disa herë në këtë sallë se ju do të dilni nga “Open Balkan”; ishim ende në kohë të dilnim me nder, por po fillon të trokasë ora e daljes me turp); ne duhet të tërhiqemi nga “Open Balkan”, nga ky produkt i Rusisë dhe i Serbisë në Ballkan.', 'Ajo që tha Lavrovi është cinizëm politik dhe provokim për të dëmtuar “Open Balkan” dhe kushdo, që është kundër “Open Balkan”, qeshni sa të doni, sepse, kush qesh, nuk e di thelbin se çfarë është “Open Balkan”, ose është realisht kundër Shqipërisë dhe kundër aspiratave të saj për t’u hapur ekonomikisht dhe për të shkuar në Bashkimin Europian.']"
90,141,90_frymë_shqipëri_rajon_popullsisë,"['frymë', 'shqipëri', 'rajon', 'popullsisë', 'eurostat', 'dollarë', 'rajonit', 'ulët', 'pagën', 'europë']","['Në vitin 2021, ky tregues ishte 43, 9%. Sipas Eurostat-it, Shqipëria mbetet e fundit në Europë për të ardhurat për frymë, në raport me (PBB-në) 34% e mesatares së Bashkimit Europian.', 'Po ashtu, sipas të dhënave të Eurostat-it, Shqipëria vjet u rendit e fundit në Europë për sa i përket konsumit individual për frymë dhe ky tregues ishte sa 40% e mesatares së BE-së në vitin 2020, duke shënuar nivelin më të ulët në Europë dhe në rajon.', 'Pa dyshim, një ndër to është varfëria. Sipas Eurostat-it, për vitin 2021, Shqipëria është vendi me pagën minimale më të ulët në rajon, krahasuar me vendet e BE-së, po se po.']"
91,141,91_drejtësi_drejtësia_drejtësisë_drejtësinë,"['drejtësi', 'drejtësia', 'drejtësisë', 'drejtësinë', 'reforma', 'sistemi', 'shqiptarët', 'reformën', 'shqiptare', 'drejtësie']","['Po ju them një gjë: me këtë akt ekziston rreziku që për 30 vjetët e ardhshëm drejtësia që deshën shqiptarët të mos jetë ajo drejtësi që pritën dhe ëndërruan, por, duke e mbushur me patronazhistë, do të jetë drejtësi politike dhe, kur drejtësia bëhet politike, drejtësia reale ngelet në dorën e qytetarëve.', 'Drejtësia që fillon nga sistemi i padrejtë i ngritur prej jush dhe përfundon te qytetari, sot mungon në Shqipëri, sepse drejtësi nuk janë mikrokreditë zhvatëse para të cilave ju i mbyllni sytë, madje i legjitimoni, i lejoni t’i zhvatin qytetarët shqiptarë; drejtësi nuk është taksa 15% ndaj profesionistëve të lirë, që, fatmirësisht, Gjykata Kushtetuese e shfuqizoi, sepse profesionistët e lirë e bënë betejën e tyre deri në fund dhe e fituan; drejtësi nuk është mbajtja peng e mjekëve të rinj, duke mos pasur asnjë incentivë për qëndrimin e tyre në vend; drejtësi nuk është mohimi i të drejtës për shëndet e shëndetësi nga vendi ku qytetarë paguajnë taksa; drejtësi nuk është inkuizicioni i mjekut dhe heqja e përgjegjësisë institucionale për gjendjen e shëndetësisë; drejtësi nuk është mohimi i të drejtës së çdo qytetari për minimumin jetik të përcaktuar në Kushtetutë!', '5 vjet pas miratimit në këtë Kuvend të Reformës në Drejtësi shqiptarët nuk kanë drejtësi.']"
92,138,92_rama_edi_ramës_shqiptarëve,"['rama', 'edi', 'ramës', 'shqiptarëve', 'tij', 'nxin', 'shqipërinë', 'shqiptarët', 'urren', 'shqiptarë']","['Edi Rama duhet të vijë në Kuvend të japë llogari, sepse është Kryeministri i shqiptarëve dhe është duke abuzuar me paratë e shqiptarëve.', 'Sali, shqiptarët nuk e kanë harruar këtë. Ishe ti në atë pushtet, apo ishte Edi Rama?!', 'Nuk ka një njeri në Republikën e Shqipërisë të thotë që Edi Rama ka vrarë kundërshtarët e tij politikë ose Edi Rama është vrasës.']"
93,136,93_venecies_venecias_komisionit_komisioni,"['venecies', 'venecias', 'komisionit', 'komisioni', 'kushtetuese', 'venecia', 'opinion', 'gjykatës', 'opinioni', 'opinionin']","['Nuk ka asnjë dokument zyrtar të Komisionit të Venecies për të ndarë. Sapo të vijë, sigurisht që do të ndahet sipas rregullave të Komisionit të Venecies, jo të Kuvendit të Shqipërisë.', 'Këtë të thotë Komisioni i Venecies. Pretendimi juaj, që e citon Komisioni i Venecies, çfarë thotë?', 'Në fakt, Komisioni i Venecies ka thënë krejt të kundërtën e kësaj. Unë do ta lexoj për qytetarët shqiptarë, të plotë, sepse nuk kanë guxuar deri më sot të përmendin një fjali nga ky opinion i shkruar i Komisionit të Venecies; nuk kanë lexuar një paragraf nga ky opinion i Komisionit të Venecies, për të thënë që na dha të drejtë Komisioni i Venecies.']"
94,130,94_votimit_votim_procesin_prezencën,"['votimit', 'votim', 'procesin', 'prezencën', 'kalojmë', 'votimi', 'mikrofon', 'ndërhyrje', 'hedhim', 'bëhuni']","['Ju lutem, bëhuni gati për votim. Kalojmë në procesin e votimit. Hapet votimi për prezencën.', 'Ju lutem, bëhuni gati për votim! Kalojmë në procesin e votimit. Hapet votimi për prezencën.', 'Ju lutem, bëhuni gati për votim! Kalojmë në procesin e votimit. Hapet votimi për prezencën.']"
95,130,95_nato_shqipëria_bashkuara_sigurimit,"['nato', 'shqipëria', 'bashkuara', 'sigurimit', 'amerikës', 'marrëdhëniet', 'anëtar', 'anëtare', 'ukrainës', 'shteteve']","['Ky është një vendim i drejtë që duhet mbështetur, por është një shenjë, dhe jo e vetmja, sikundër ngjarjet e Gramshit apo të tjerat që ende nuk kanë aq vëmendje, sepse vendi ynë, si vend si vend anëtar i NATO-s, është një vend nën sulm; Shqipëria është një vend nën sulm nga fuqi anti-NATO, nga inteligjenca anti-NATO.', 'Taulant Balla – Në vijim të asaj që tha zonja Tabaku, në fillim të seancës sa i përket samitit në Bruksel, besoj se të gjithë biem dakord që Shqipëria dhe Maqedonia e Veriut, dy vende anëtare të NATO-s, sot mbahen peng nga një vend anëtar i NATO-s.', 'Të mos harrojmë se Shqipëria dhe Kroacia janë vende anëtare të NATO-s dhe marrëdhëniet dypalëshe mbështeten edhe në kuadër të bashkëpunimit të NATO-s.']"
96,126,96_emigracioni_emigracionit_emigracionin_emigrimin,"['emigracioni', 'emigracionit', 'emigracionin', 'emigrimin', 'emigrantë', 'emigrantëve', 'emigrantët', 'rinjve', 'masiv', 'paligjshëm']","['Së pari, është kriza e emigracionit, ku qeveria ka dështuar për të promovuar, prodhuar, por edhe për të propozuar politika, sidomos për të rinjtë, për të ndaluar emigracionin.', 'Po ju bëj një pyetje: çfarë do të bëhej me këtë vend, po të mos ishte emigracioni?', 'Patjetër që ka ndikuar emigracioni dhe natyrisht për emigrimin ka vetëm një zgjidhje, rritja e pagave.']"
97,126,97_durrësit_porti_portin_portit,"['durrësit', 'porti', 'portin', 'portit', 'toksike', 'durrës', 'durrësi', 'port', 'mbetje', 'ishëm']","['E thotë prokuroria e Durrësit. Po ju nuk e shikoni të rëndësishme këtë çështje? Nuk mendoni se duhen informuar qytetarët për 100 konteinerë jashtë portit të Durrësit, me mbetje toksike?', 'Patjetër që nuk dihet se çfarë hyn e çfarë del në portin e Durrësit! Ku e dini ju se çfarë hyn e çfarë del në portin e Durrësit?!', 'Bravo të qoftë! Çfarë bëri qeveria juaj për rastin e portit të Durrësit? Ju ia morët kompetencat Bashkisë së Durrësit për investimin që do të bëhej në portin e Durrësit, se të gjithë e dinë çfarë do të ndodhë atje; ia morët taksën vendore.']"
98,125,98_mikrofon_ndërhyrje_lutem_pa,"['mikrofon', 'ndërhyrje', 'lutem', 'pa', 'salla', 'zoti', 'ndërhyni', 'uluni', 'fjalën', 'mos']","['(Ndërhyrje pa mikrofon) Zoti Baçi, ka marrë fjalën. (Ndërhyrje pa mikrofon) Ju lutem, mos flisni nga vendi!', '(Ndërhyrje nga salla pa mikrofon.) Të lutem! Lindita Nikolla – Mos flisni nga vendi, ju lutem!', '(Ndërhyrje pa mikrofon) Ju lutem, e ka fjalën zoti Baçi. (Ndërhyrje pa mikrofon) Ju lutem, mos flisni nga vendi!']"
99,125,99_votimi_elektronikë_hapet_vota,"['votimi', 'elektronikë', 'hapet', 'vota', 'mbyllet', 'abstenim', 'pro', 'tërësi', 'kundër', 'parim']","['Hapet votimi në tërësi me elektronikë. Mbyllet votimi. Janë 73 vota pro, asnjë kundër, asnjë abstenim.', 'Hapet votimi në tërësi me elektronikë. Mbyllet votimi. Janë 73 vota pro, asnjë kundër, asnjë abstenim.', 'Hapet votimi në tërësi me elektronikë. Mbyllet votimi. 73 vota pro, 4 vota abstenim, asnjë kundër.']"
100,124,100_zgjidhje_zgjidhur_zgjidhja_kemi,"['zgjidhje', 'zgjidhur', 'zgjidhja', 'kemi', 'problemi', 'bëjmë', 'ndodhë', 'ne', 'problemet', 'zgjidhjet']","['Ku qëndron problemi dhe pse ne nuk kemi marrë ende një përgjigje dhe një zgjidhje?', 'Përafrimi i zonifikimit, këtu po ndalem te pjesa më nevralgjike e çështjes, ajo që ju mendoni se është “thembra” jonë e Akilit, por ajo që ne mendojmë është se jemi krejt në rregull dhe po e bëjmë detyrën mirë dhe do ta bëjmë detyrën shumë mirë, ne e kuptojmë qartë se mbivendosja e shumë vendimeve, hartave, e ndryshimeve të kufijve të parkut ndër vite ka krijuar një situatë, që me të drejtë raporti i tyre e quante dhe e vlerësonte “konfuze”, dhe që nuk e ndihmonte përcaktimin e qartë të detyrave, ndonjëherë dhe të përgjegjësive, ndaj kemi nisur punën, jemi duke konkluduar punën për detajimin e situatës së trashëguar dhe së bashku me Ministrinë e Turizmit dhe Mjedisit dhe grupet e interesit kemi propozuar variantin më të thjeshtë dhe më të qartë për të gjithë, të një administrimi operativ dhe të një mbikëqyrjeje operative.', 'Unë jam këtu pikërisht, se nuk janë zgjidhur të gjitha dhe, për sa kohë duhen zgjidhur të gjitha, jam unë këtu bashkë me këta dhe, për sa kohë duhen zgjidhur të gjitha, ju jeni aty për të krijuar për çdo zgjidhje një problem, kurse ne jemi këtu që për çdo problem të gjejmë një zgjidhje.']"
101,121,101_tërmeti_banesa_shtëpitë_tërmetit,"['tërmeti', 'banesa', 'shtëpitë', 'tërmetit', 'familje', 'banesat', 'rindërtimit', 'dëmtuara', 'nëntorit', '2019']","['A do t’i strehojë këto 16 familje? Po për 40 familje, të cilave u janë prishur shtëpitë, si rezultat i tërmetit të 26 nëntorit të vitit 2019 (janë 40 familje që presin ndërtimin e banesave private), a do të ndërtohen këto banesa?', 'Besoj se tërmeti i kësaj here 253 Legjislatura e 10-të Viti 2023 nuk është si tërmeti i Dibrës, nuk është si tërmeti i vitit 2017, por tërmeti “McGonigal” është i pashpresë për Kryeministrin që kemi sot në detyrë.', 'Pyetja e parë lidhet me procesin e rindërtimit. Duke qenë se Lezha është një nga ato bashki, e cila në nivel qarku është prekur nga tërmeti i datës 26.11.2019, sot që flasim, janë akoma 56 familje që presin në qiell të hapur, pra pas 5 vjetëve, që t’u ndërtohen banesat; kryesisht janë 40 banesa individuale dhe një pallat me 16 familje, pikërisht në lagjen “Besëlidhja”.']"
102,121,102_peshkimit_peshkimin_peshkimi_peshkut,"['peshkimit', 'peshkimin', 'peshkimi', 'peshkut', 'anijet', 'peshkore', 'anije', 'peshkim', 'anijeve', 'mesdhe']","['Këto anije peshkimi ndahen në dy grupe, ato që janë të peshkimit artizanal, anijet e vogla, dhe ato që janë Viti 2024 126 Legjislatura e 10-të të peshkimit profesional, ku sot janë gati 75 biznese të angazhuara dhe më shumë se 230 anije.', 'Pra, ligji ynë është në përputhje me marrëveshjen. Dua t’i them të gjithë sektorit të peshkimit, pra të gjitha këtyre subjekteve që merren me peshkim, se miratimi i kësaj marrëveshjeje nuk cenon asnjë mbështetje që ka marrë ky sektor nga qeveria, siç janë çmimi i ulët i naftës pa taksa, që ata e marrin si të gjithë kolegët e tyre në Mesdhe dhe i ndihmon për të ulur kostot e peshkimit, mbështetja që ata kanë marrë nga qeveria për frigoriferë apo për ndërrimin e motorëve kur anijet kanë pasur probleme defektesh, sepse këto nuk ndikojnë në rritjen e fuqisë së peshkimit, por përmirësojnë peshkimin në vendin tonë.', 'Qëllimi i këtij projektligji është krijimi i një flote moderne dhe konkurruese për peshkimin jashtë Mesdheut, duke lëshuar leje për peshkimin në det të hapur; ndalimi i peshkimit të paligjshëm, përmes instalimit të sistemit automatik të identifikimit (AIS), në anijet e peshkimit nga viti 2025; përafrimi me rregulloret e Bashkimit Europian për menaxhimin e flotës së peshkimit dhe krijimi i një sistemi kontrolli brenda vitit 2024; rritja e eksporteve të produkteve peshkore përmes rritjes së sasisë së peshkut të kapur.']"
103,120,103_europian_bashkimin_be_bashkimit,"['europian', 'bashkimin', 'be', 'bashkimit', 'integrimit', 'shqipëria', 'anëtarësimit', 'europiane', 'shqipërisë', '2030']","['Për hir të së vërtetës, procesi i integrimit europian është një proces shumë i rëndësishëm në gjithë jetën ekonomike, politike, shoqërore të Shqipërisë, sepse Shqipëria është një vend, i cili çdo sekondë të jetës së saj, të ardhmen e ka të lidhur me integrimin në Bashkimin Europian.', 'Shqipëria është në miljet e fundit të rrugës drejt anëtarësimit në Bashkimin Europian. Ne po punojmë që të përmbushim të gjitha kriteret e anëtarësimit në Bashkimin Europian në vitin 2030.', 'Integrimi i Shqipërisë në Bashkimin Europian ka mbështetjen më të madhe nga qytetarët shqiptarë, rreth 95% e tyre e mbështesin integrimin në Bashkimin Europian, dhe kjo është më e larta ndër të gjitha vendet e rajonit.']"
104,118,104_gjermane_zvicerane_kfw_gjermania,"['gjermane', 'zvicerane', 'kfw', 'gjermania', 'giz', 'gjermanisë', 'federale', 'qeverinë', 'gjerman', 'gjermani']","['Unë nuk di (po të lexosh, ky McGonigal-i ka shkuar edhe në qeverinë gjermane) që SPD-ja gjermane të ngrinte akuza kundër CDU-së gjermane për këtë çështje.', 'Jemi duke diskutuar një marrëveshje me qeverinë gjermane. Së pari, nuk e fsheh asnjëherë, se të paketën në 19 vitet e fundit i kam votuar të gjitha marrëveshjet me qeverinë gjermane, me KfW-në, edhe kur kam qenë në opozitë.', '5 milionë eurosh. Për zbatimin e këtij projekti pala gjermane ka ngarkuar Shoqërinë Gjermane për Bashkëpunim Ndërkombëtar, GIZ, e cila ka zbatuar shumë projekte dhe ka eksperiencë shumë të gjatë në Shqipëri, gjë për të cilën dua ta falënderoj.']"
105,117,105_drogës_drogë_drogave_dea,"['drogës', 'drogë', 'drogave', 'dea', 'kokainës', 'narkoshtet', 'narkotike', 'droga', 'shqipëria', 'droge']","['Së fundi, ju e dini shumë mirë, madje nuk ka mbushur as javën, se DEA ka hapur këtu në Shqipëri një zyrë për të pasur jo më një komunikim që e kishte nëpërmjet Athinës, por në Shqipëri, se është një fenomen jashtëzakonisht shqetësues që tipa apo njerëz të caktuar, interesa apo grupe të caktuara dhe biznese, të cilët zgjohen si biznese të ndershme, bëjnë trafikim të kokainës dhe të drogave të forta dhe të gjitha paratë, të gjithë e dimë, investohen në Shqipëri.', 'Shqipëria nuk është më korridor i drogave të forta.” Ndërsa sot qeveria jote e ka kthyer Shqipërinë edhe në Kolumbi, edhe në Meksikë, edhe në qendrën e drogave të forta, si kokaina dhe heroina, sepse e pinë këta mbrapa dhe pastaj bëhet batërdia me drogë edhe në Shqipëri.', 'Asllan Dogjani – Faleminderit, e nderuar drejtuese e seancës! Të nderuar kolegë deputetë, Kërkesa për të lejuar kultivimin e drogës në Shqipëri, në një kohë kur ajo është e mbushur me drogë, kur problemet shëndetësore e sociale shtohen çdo ditë tek të rinjtë, nga përdorimi i drogës, tregon jo vetëm papërgjegjshmërinë e kësaj qeverie ndaj qytetarëve shqiptarë, por edhe lidhjen e fortë të qeverisë me krimin.']"
106,112,106_audiovizive_ama_videove_platformave,"['audiovizive', 'ama', 'videove', 'platformave', 'ofruesit', 'medieve', 'reklamat', 'shpërndarjes', 'audiovizivë', 'audioviziv']","['Në këtë frymë vjen sot edhe projektligji i propozuar, i cili synon rishikimin e rregullave për transmetuesit audiovizivë, si dhe për ofruesit e platformave të shpërndarjes së videove, me objektiv kryesor mbrojtjen e fëmijëve nga përmbajtjet e dëmshme, sigurimin e aksesit të personave me aftësi të kufizuar në informacion, rritjen e transparencës së pronësisë së ofruesve të shërbimeve medietike, si dhe përforcimin e detyrimeve për ofruesit e shërbimeve audiovizive me kërkesë.', 'Ndryshimet kanë për qëllim rishikimin e rregullave për transmetuesit audiovizivë, si dhe për ofruesit e platformave të shpërndarjes së videove, për mbrojtjen e fëmijëve nga përmbajtjet e dëmshme, përfshirjen e rregullave për sigurimin e aksesit në informacion të personave me aftësi të kufizuar, rritjen e transparencës së pronësisë së ofruesve të shërbimeve medietike, përforcimin e detyrimeve për ofruesit e shërbimeve audiovizive me kërkesë.', '97/2013, “Për mediat Audiovizive në Republikën e Shqipërisë”, të ndryshuar””. Ky projektligj ka për qëllim rishikimin e rregullave për transmetuesit audiovizivë, si dhe për ofertuesit e platformave të shpërndarjes së videove, për mbrojtjen e fëmijëve nga përmbajtjet e dëmshme, përfshirjen e rregullave për sigurimin e aksesit në informacion të personave me aftësi të kufizuar, rritjen e transparencës së pronësisë së ofruesve të shërbimeve mediatike, përforcimin e detyrimeve për ofruesit e shërbimeve audiovizive me kërkesë.']"
107,111,107_seanca_znj_drejton_mbyll,"['seanca', 'znj', 'drejton', 'mbyll', 'orën', 'kryetarja', 'seancën', 'njoftohet', 'natën', 'kuvendit']","['Seanca këtu mbyllet. Seanca e radhës do t’ju njoftohet. Faleminderit! (Seanca u mbyll në orën 13:30 ) 35 Legjislatura e 10-të Viti 2024 Drejton seancën Kryetarja e Kuvendit, znj.', 'Seanca e radhës do t’ju njoftohet. (Seanca u mbyll në orën 18:50) 15 Legjislatura e 10-të Viti 2022 Drejton seancën Kryetarja e Kuvendit, znj.', 'Faleminderit, këtu seanca mbyllet! (Seanca u mbyll në orën 16:30) Viti 2023 10 Legjislatura e 10-të Drejton seancën Kryetarja e Kuvendit, znj.']"
108,110,108_fëmijët_fëmijëve_tanë_fëmijë,"['fëmijët', 'fëmijëve', 'tanë', 'fëmijë', 'fëmijës', 'fëmija', 'zyber', 'miqtë', 'prindërit', 'mendor']","['Në këtë marrëveshje bëhet fjalë edhe për të drejtat e fëmijëve, për parandalimin e dhunës ndaj fëmijëve dhe të rinjve.', 'Nuk mendoni ju se duhet të hetojmë? Ne kemi, grupin e deputetëve “Miqtë e fëmijëve”, dhe atje jemi shumë të mirë të gjithë për të bërë foto së bashku me fëmijët, por, kur vjen puna për çështje konkrete të fëmijëve këtu pastaj ndahemi.', 'Duhet të mendojmë për këta fëmijë si të jenë fëmijët tanë, sepse fëmijët janë të pafajshëm.']"
109,109,109_parlamenti_parlamentin_shqipërisë_parlament,"['parlamenti', 'parlamentin', 'shqipërisë', 'parlament', 'parlamentit', 'shqiptar', 'deputetët', 'kuvendin', 'kuvendit', 'deputetëve']","['Po Parlamenti i Shqipërisë ku është? Parlamenti i Shqipërisë me kryetarin e partisë në fuqi flet për tokën e askujt.', 'Parlamenti shqiptar nuk ka kaluar asnjë dokument formal. Tani po e lëmë përsëri parlamentin shqiptar pa një dokument të tillë.', 'Ne jemi një parlament që s’kemi asnjë dokument tjetër. Nuk është e vërtetë. Parlamenti shqiptar nuk ka kaluar asnjë rezolutë.']"
110,108,110_konvente_konventë_konventës_protokollit,"['konvente', 'konventë', 'konventës', 'protokollit', 'konventa', 'ndryshues', 'ngacmimin', 'ilo', 'ratifikimin', 'legjislacionin']","['Shqyrtimi i projektligjit “Për ratifikimin e konventës nr. 190 të ILO-s”, “Konventa për dhunën dhe ngacmimin”, është një hap më tej në legjislacionin shqiptar për eliminimin e dhunës dhe ngacmimin në botën e punës.', 'Ne po sjellim sot këtu para jush projektligjin “Për ratifikimin e protokollit ndryshues të Konventës për Mbrojtjen e Individëve në lidhje me Përpunimin Automatik të të Dhënave Personale, nr.', 'Kalojmë në pikën tjetër, projektligji “Për ratifikimin e protokollit ndryshues të Konventës për Mbrojtjen e Individëve në lidhje me Përpunimin Automatik të të Dhënave Personale”.']"
111,107,111_veprimtarisë_vjetor_vjetore_raporti,"['veprimtarisë', 'vjetor', 'vjetore', 'raporti', 'vitin', 'raportin', 'paraqesë', 'komisionerit', '2021', '2022']","['7. Raporti i veprimtarisë vjetore të Komisionerit për Mbrojtjen nga Diskriminimi gjatë vitit 2022 (neni 26 i ligjit nr.', 'Raporti vjetor i veprimtarisë së Komisionerit për të Drejtën e Informimit dhe Mbrojtjes së të Dhënave Personale për vitin 2021 (neni 31 i ligjit nr.', 'Kalojmë në pikën tjetër të rendit të ditës: “Raporti i veprimtarisë vjetore të Kontrollit të Lartë të Shtetit për vitin 2021.” Në bazë të nenit 31 të ligjit nr.']"
112,105,112_huas_ratifikimin_ndërmjet_marrëveshjes,"['huas', 'ratifikimin', 'ndërmjet', 'marrëveshjes', 'republikës', 'kfw', 'huamarrësi', 'zhvillim', 'bankës', 'rindërtim']","['Njoftime Projektligji “Për ratifikimin e marrëveshjes së huas ndërmjet Republikës së Shqipërisë dhe Bankës Ndërkombëtare...', 'Vazhdojmë me projektligji “Për ratifikimin e marrëveshjes së huas ndërmjet Republikës s¸ Shqipërisë dhe Bankës Ndërkombëtare për Rindërtim dhe Zhvillim, për financimin shtesë për projektin “Përmirësimi i Sistemit të Shëndetësisë”.', '(Debat në sallë) Projektligji “Për ratifikimin e marrëveshjes së huas ndërmjet Republikës së Shqipërisë (huamarrësi)...']"
113,105,113_mbetjeve_landfill_ajrit_mbetjet,"['mbetjeve', 'landfill', 'ajrit', 'mbetjet', 'pastrimit', 'ndotjen', 'pastrimin', 'mbetje', 'riciklohen', 'ndotur']","['Cili mjedis është shkatërruar? Mjedisi është përmirësuar qenësisht pikërisht nga kjo mazhorancë. Është kjo mazhorancë që ka vendosur moratoriumin e pyjeve; është kjo mazhorancë që ka vendosur moratoriumin e gjuetisë; është kjo mazhorancë që po ribën një ligj dinjitoz për menaxhimin e integruar të mbetjeve, falë edhe asistencës dhe bashkëpunimit me Bashkimin Europian; është kjo mazhorancë që ka bërë edhe investime të tjera në infrastrukturë, qoftë të mbetjeve, qoftë ato mjedisore, ku jo më larg se vetëm 10 vjet më parë gjithçka derdhej në lumenj, nëpër tokë; është kjo mazhorancë që ka ndërtuar, ka performuar më mirë edhe në krijimin e agjencive ligjzbatuese në fushën e krimit mjedisor; është kjo mazhorancë, që prej vitesh të tëra ka bërë një ligj për mbrojtjen e pyjeve dhe që prej kohës kur kam marrë këtë detyrë, mund ta konfirmoj, por sigurisht shkon edhe përtej mandatit tim në këtë post, nuk kemi hequr, nuk kemi kaluar asnjë ligj dhe asnjë VKM për heqje fondesh pyjore e me radhë; është kjo mazhorancë që ka krijuar edhe një sistem dhe po e ndërton të integruar, për të gjitha të dhënat në sistemin mjedisor; është kjo mazhorancë që shtriu nga 17% të territorit, të vendosur po nga ne në periudhën 2015- 2017, me ligjin e zonave të mbrojtura, në 22% të territorit “zonë e mbrojtur”.', 'Po, duhet unifikuar. Ky model nuk duhet të fillojë nga mesi, por duhet të fillojë nga fillimi, atje ku, patjetër, çdo bashki duhet të ketë ndërmarrjen e saj publike, që merret me grumbullimin e mbetjeve e pastaj vazhdon me stacionin e ndërmjetëm të trajtimit të mbetjeve atje, me atë fabrikën e riciklimit, që duhet të shpërndajë të ardhura në çdo bashki e jo thjesht të jetë vetëm një ndërmarrje fitimprurëse atje ku është krijuar e, në fund fare, edhe në landfill.', 'Në vitin 2013 vetëm 15, 6 % e mbetjeve depozitoheshin në landfill. Sot 70 % e mbetjeve të vendit shkojnë në një pikë fundore me kushte sanitare optimale, që është landfill djegës dhe prodhues energjie, thënë ndryshe impiant i menaxhimit të mbetjeve.']"
114,99,114_paratë_para_parave_paguan,"['paratë', 'para', 'parave', 'paguan', 'jepni', 'kujt', 'morëm', 'paraja', 'këto', 'kush']","['Jo si modeli juaj: jap 2 milionë euro për të marrë një pasuri të paluajtshme, të jashtëzakonshme, si modeli i Butrintit, ku ai thotë: të jap 4 milionë euro, por ti në shkëmbim më jep një pasuri të paçmueshme; ti në shkëmbim më jep të ndërtoj; ti në shkëmbim më jep t’i marr unë paratë e biletave, paratë e restoranteve, gjithçka tjetër, dhe ta bëj si dua unë e të mos i jap llogari as Kontrollit të Lartë të Shtetit!', 'Ç’është ky, sekret? Paratë e kujt po japin, po e ripërsëris, paratë e xhepit po japin këta?', 'Këtu duhet të shkojë hetimi, atje ku kanë shkuar paratë, sepse po ndoqëm paratë, do të kuptohet se ku kanë shkuar, si kanë dalë dhe si kanë ikur paratë.']"
115,98,115_minuta_diskutime_diskuton_orë,"['minuta', 'diskutime', 'diskuton', 'orë', 'koha', 'rregullores', 'nenit', 'ndahet', 'debatit', '45']","['(Shprehen grupet parlamentare.) Koha e votimit 9. Diskutime për çështje jashtë rendit të ditës (në mbështetje të nenit 45 të Rregullores së Kuvendit: Çdo deputet mund të flasë jo më shumë se 5 minuta dhe nëse diskuton në emër të grupit parlamentar, jo më shumë se 8 minuta.', 'Koha e votimit 6. Diskutime për çështje jashtë rendit të ditës (në mbështetje të nenit 45 të Rregullores së Kuvendit: Çdo deputet mund të flasë jo më shumë se 5 minuta dhe nëse diskuton në emër të grupit parlamentar, jo më shumë se 8 minuta.', 'Diskutime (Shprehen grupet parlamentare.) Koha e votimit 10. Diskutime për çështje jashtë rendit të ditës (në mbështetje të nenit 45 të Rregullores së Kuvendit, çdo deputet mund të flasë jo më shumë se 5 minuta dhe, nëse diskuton në emër të grupit parlamentar, jo më shumë se 8 minuta.']"
116,98,116_procesverbalit_plenare_lexon_datës,"['procesverbalit', 'plenare', 'lexon', 'datës', 'ditës', 'rendin', 'miratimi', 'seancës', 'fillojmë', 'rendit']","['(Pasi lexon rendin e ditës.) Fillojmë me çështjet sipas rendit të ditës. Miratimi i procesverbalit të seancës plenare të datës 17.10.2024.', '(Pasi lexon rendin e ditës.) Fillojmë me çështjet, sipas rendit të ditës. Miratimi i procesverbalit të seancës plenare të datës 12.9.2024.', '(Pasi lexon rendin e ditës.) Fillojmë me çështjet sipas rendit të ditës: miratimi i procesverbalit të seancës plenare të datës 2.10.2023.']"
117,97,117_diasporës_votën_diasporën_diaspora,"['diasporës', 'votën', 'diasporën', 'diaspora', 'votës', 'vota', 'emigrantëve', 'emigrant', 'kushtetuese', 'diasporë']","['Sa i përket çështjes së diasporës, unë jam pjesë e diasporës, por dikush këtu për një arsye që nuk e kam kuptuar kurrë, nuk më përfshiu, me gjithë dëshirën time të madhe, edhe publike, e kam shprehur dëshirën për të qenë pjesë e votës së diasporës, por dikush ka pandehur se po bëja shumë PR me emrin e diasporës dhe nuk donte të më përfshinte, por nuk më shqetëson fare.', 'Ne kemi marrë për bazë propozimin që kanë sjellë disa deputetë të opozitës për të përfshirë votën e diasporës.', 'Pra, qartazi, sepse e keni sjellë këtë histori vërdallë e vërdallë, duke thënë “jo nuk janë për votën e diasporës”, “nuk e pranojnë votën e diasporës”, “se vota e diasporës do t’i rrëzojë nga pushteti” e të tjera, jeni, apo nuk jeni?']"
118,96,118_ai_amerikës_amerikane_ambasadorët,"['ai', 'amerikës', 'amerikane', 'ambasadorët', 'amerikanë', 'amerikanët', 'tij', 'fliste', 'rublat', 'bashkuara']","['Ja edhe një pasazh tjetër që flet për familjen e tij, të shpallur non grata nga Shtetet e Bashkuara të Amerikës për korrupsion: “Pasi ai erdhi në pushtet, abuzimet e tij ishin të panumërta.', 'Pra, në rast se një person ka konflikt me të gjithë ambasadorët amerikanë, po përjashtoj këtu zotin Rajerson, tregon se nuk janë gabim ambasadorët, gabimi është te ky.', 'Dua t’i them të gjithë opinionit publik që ky është i vetmi që ka pasur pothuajse të njëjtën marrëdhënie konfliktuale; ka sharë, ka fyer, ka denigruar pothuajse të gjitha ambasadorët amerikanë që nga Mariza Lino, tek, i ndjeri, zoti Limpreht, te Xhejms Xhefri, pastaj te Marsi Ris, te Viti 2023 136 Legjislatura e 10-të Xhon Uidhërsi, Aleksandër Arvizu, Donald Lu-ja, dhe natyrshëm në fund dhe me zonjën e nderuar, Juri Kim.']"
119,94,119_rritje_ekonomike_rritja_vitin,"['rritje', 'ekonomike', 'rritja', 'vitin', 'rritur', 'rrit', 'vendor', 'ardhurat', 'bruto', 'miliardë']","['Të ardhurat e vetë pushtetit vendor për vitin 2025 parashikohet të rriten me rreth 3,6 miliardë lekë ose 10% më shumë.', 'Po, si parim është e vërtetë që mund të ndodhë që rritja ekonomike në numra nuk sjell asgjë, por, kur shoqërohet apo kur është 4% në vit dhe kur vetëm 3-mujori i dytë, që kanë dalë numrat, është 4,1% e GDP-së dhe është shoqëruar me rritje të punësimit, madje jo vetëm me rritje të punësimit, por edhe me rritje të pjesëmarrjes në forcat e punës, natyrisht që ka ndikim; kur paga në ekonomi është rritur, sipas Bankës së Shqipërisë, jo sipas qeverisë, me 14%- 15%, dhe nuk flas për rritje në sektorin publik, por për rritjen në ekonomi, pra të pagës në ekonomi, 14%-15%, natyrisht që ka ndikim; kur rritja ekonomike shoqërohet edhe me rritje të konsumit, i cili vetëm për 6-mujorin e parë të këtij viti është 5,23% dhe në tremujorin e dytë 5,26%, natyrisht që rritja ekonomike ka ndikim në ekonomi, pra është rregulli nr.', 'Të ardhurat e pushtetit vendor nga viti 2015, në vitin 2023, janë rritur me rreth 17,4 miliardë lekë, ndërkohë që krahasuar me vitin 2022 janë rritur me rreth 1,5 miliardë lekë.']"
120,93,120_debat_debatin_debati_lutem,"['debat', 'debatin', 'debati', 'lutem', 'debate', 'mbyllim', 'pyetje', 'debatojmë', 'përgjigjet', 'pyetjet']","['Prandaj, ju lutem shumë, nuk keni pse bëni debat për një çështje, për të cilën debat është i humbur qysh në fillim!', 'Jo, ju i bëtë pyetjet dhe tani do të dëgjoni përgjigjet, debat nuk ka. Po të ishte parashikuar debat në këtë pikë, do t’jua jepja fjalën, por debati vjen më pas.', 'Si nuk doli ndonjë prej jush ta bëjë këtë pyetje dhe të bëjë edhe një mocion me debat, pa debat, me pyetje apo me interpelancë?']"
121,92,121_emiratet_arabe_bashkuara_dubai,"['emiratet', 'arabe', 'bashkuara', 'dubai', 'emirateve', 'marrëveshje', 'saudite', 'dubain', 'ekstradimi', 'nusreti']","['Ervin Salianji – Faleminderit! Tani, se ku është arritja e qeverisë shqiptare kur kjo është një marrëveshje e kërkuar nga Emiratet e Bashkuara Arabe, ministri mund ta gjejë, sepse ka arritje, por përfaqësuesit e qeverisë, të dy zëvendësit tuaj në Komisionin e Sigurisë, thanë se kjo është një marrëveshje e kërkuar nga Emiratet e Bashkuara Arabe.', 'Emiratet e Bashkuara Arabe nuk kanë marrëveshje ekstradimi me asnjë vend. Kanë një marrëveshje tepër të vjetër që në kohët kur Emiratet e Bashkuara Arabe nuk ishin një destinacion shumëllojësh, jo vetëm turistik, e cila edhe ajo nuk zbatohet sot.', 'Emiratet e Bashkuara Arabe nuk kanë një marrëveshje të tillë me shtete të rëndësishme, nuk kanë me asnjë shtet.']"
122,92,122_fbi_amerikane_ish_zyrtar,"['fbi', 'amerikane', 'ish', 'zyrtar', 'cia', 'agjent', 'shefin', 'korruptuar', 'lartë', 'agjenti']","['A mendoni që drejtuesi i kundërzbulimit të FBI-së në Nju-Jork mund ta angazhojë FBI-në në një hetim, ku burimi i informacionit nuk është zyrtar, nuk është gjykata, nuk është prokuroria, nuk është OPGJ-ja, nuk është Drejtoria e Hetimit të Pastrimit të Parave?', 'Kjo praktikë të ngjan edhe me skandalet e tjera të qeverisë, si ajo me ish-agjentin e lartë të FBI-së apo me inceneratorët, me koncesionet apo me tenderët, sepse Kryeministri në mënyrë të hapur u ka dhënë miqve të ish-drejtuesit të FBI-së tenderë publike dhe investime strategjike.', 'Në fakt, prej më shumë se 1 muaji, opinioni publik shqiptar dhe ndërkombëtar është njohur me një nga dosjet më të pista të FBI-së: korruptimin nga ana e Kryeministrit në detyrë të Shqipërisë, Edi Rama, të një prej zyrtarëve më të lartë të FBI-së, shefit të zyrës së kundërzbulimit të FBI-së në Nju-Jork, Charles Viti 2023 182 Legjislatura e 10-të McGonigal.']"
123,92,123_vendeve_bashkëpunimin_bashkëpunimit_bashkëpunimi,"['vendeve', 'bashkëpunimin', 'bashkëpunimit', 'bashkëpunimi', 'tona', 'ndërsjellë', 'dyja', 'fusha', 'marrëveshje', 'përbashkët']","['Të nderuar kolegë, ju ftoj ta miratojmë këtë marrëveshje, pasi është një hap kyç për forcimin e lidhjeve ekonomike dhe shoqërore mes dy vendeve tona, si dhe nxit bashkëpunimin e mëtejshëm mes qeverive të të dyja vendeve.', 'Në mbështetje të mëtejshme drejt liberalizimit, transparencës dhe zbatimit të parimeve të OKB- së, të tregtisë dhe forumeve të tjera shumëpalëshe në lidhje me tregtinë dhe investimet, marrëveshja synon edhe bashkëpunimin në fushën e mbrojtjes së mjedisit dhe ruajtjes së ekosistemeve, në fushën e rendit dhe sigurisë, në fushën e mbrojtjes, në fushën kulturore dhe të trashëgimisë kulturore për mirëkuptimin e ndërsjellët midis popujve, bashkëpunim në nivel rajonal dhe bashkiak, sidomos në sferën e mbrojtjes sociale, bashkëpunimit për funksionimin normal të misioneve diplomatike, konsullore dhe të misioneve të tjera zyrtare të njëra-tjetrës, por vlen të theksohet se në tërësinë e saj, duke mbajtur parasysh mbështetjen kryesisht politike e diplomatike, që ka ndërmarrë Shqipëria në raport me Ukrainën, edhe në dritën e agresionit të Rusisë ndaj saj, por edhe zhvillimeve të tjera aktuale ndërkombëtare, është e padiskutueshme se marrëveshja vendos themelet e bashkëpunimit me një respekt të ndërsjellë dhe të angazhimeve pozitive me përfitime të ndërsjella për të dyja vendet tona mike dhe aleate.', 'Në këtë marrëveshje bashkëpunimi bëhet e qartë që të dyja vendet kanë interes të ndërsjellë në forcimin e lidhjeve ekonomike dhe promovimin e pjesëmarrjes së ndërsjellë tregtare në fushën e tregtisë dhe investimeve, energjisë dhe minierave, transportit dhe infrastrukturës, bujqësisë, turizmit dhe mjedisit, arsimit dhe shkencës, kulturës, si dhe dëshirojnë të inkurajojnë bashkëpunimin ekonomik tregtar dhe partneritetet strategjike në sektorë dhe fusha specifike të interesit, mbi bazën e barazisë dhe përfitimeve të ndërsjella.']"
124,92,124_vaksina_vaksinës_vaksinimit_vaksinave,"['vaksina', 'vaksinës', 'vaksinimit', 'vaksinave', 'pfizer', 'vaksinat', 'doza', 'dozave', 'pediatrike', 'vaksinash']","['Së dyti, lidhur me sasinë e dozave të vaksinave, që do të administrohen përgjatë vitit 2022, duke marrë parasysh numrin e ndryshuar në bazë të këtij amendimi të tretë të marrëveshjes me Pfizer, por edhe mundësinë e marrjes në dorëzim të dozave të vaksinave, që 283 Legjislatura e 10-të Viti 2022 Shqipëria do të mund të marrë nga shtetet e tjera apo organizata ndërkombëtare, a e ka parashikuar Ministria e Shëndetësisë numrin e dozave që pritet të administrohen për popullatën, duke marrë parasysh faktin se parashikohet aplikimi edhe për grupmoshat pediatrike, pasi të merret miratimi nga Komiteti i Ekspertëve?', 'Kjo marrëveshje, që ne kalojmë sot për miratim në Kuvendin e Shqipërisë, na vë në dispozicion edhe 1 milionë doza të reja të vaksinës Pfizer, të cilat do të vijnë sipas një kalendari, duke filluar nga muaji maj dhe deri në muajin dhjetor të këtij viti, duke përcaktuar të gjitha afatet e kohës dhe të jetëgjatësisë së vaksinës, në mënyrë që të kemi të gjithë mundësinë për t’i përdorur në kohë sipas planit të përgjigjes së vaksinimit në vendin tonë.', 'Nëpërmjet Planit tonë Kombëtar të Vaksinimit anti- COVID, nëpërmjet planit tonë të përgjigjes 2021-2023 janë të parashikuar këta hapa, pra nuk është se thjesht po blejmë vaksina për të blerë vaksina, por po blejmë vaksina për t’iu përgjigjur nevojës së popullatës për të qenë të mbrojtur dhe për t’u përgjigjur të gjitha atyre varianteve të reja që mund të vijnë në të ardhmen, pasi vetë kontrata me Pfizer-in lejon që, nëse do të ketë një virus të ri dhe nëse do të ketë një adaptim të vaksinës, të mundet të përfitojmë nëpërmjet kësaj marrëveshjeje vaksinën e adaptuar, gjithashtu, në momentin që do të miratohet nga Komiteti Teknik i Ekspertëve të kemi mundësi të kemi dozën e duhur të vaksinave për fëmijët e moshës pediatrike, ashtu sikurse ka ndodhur edhe në vende të tjera.']"
125,91,125_kompani_kompanitë_sigurimeve_treg,"['kompani', 'kompanitë', 'sigurimeve', 'treg', 'kompanive', 'tenderët', 'sigurimit', 'tendera', 'firma', 'tenderë']","['Vetëm 4 kompani ngelen. Të jeni të sigurt që nga 10, do të përfundojnë në 9 kompani, sepse 1 kompani do të ketë mundësi, pasi çdo ditë, ata që marrin para në sistemin bankar...', 'Pse e keni për 300 kompani? Pse nuk e keni për 200 kompani? Pse nuk e keni për 10?', 'Janë të njëjtat kompani dhe nuk ndryshojnë: as del një kompani, as hyn një kompani tjetër, as bashkohen disa kompani për t’u bërë më të mëdha apo për të kapur një pjesë më të madhe të tregut.']"
126,90,126_rezolutë_rezoluta_projektrezolutë_rezolutën,"['rezolutë', 'rezoluta', 'projektrezolutë', 'rezolutën', 'rezolutës', 'ftoj', 'miratojmë', 'rezolutat', 'miratuar', 'dakord']","['Unë do t’ju them disa gjëra. Së pari, është thënë që është miratuar një rezolutë.', 'Ne do të dalim me një rezolutë. Dikush thotë që do të ishte mirë të kishim rezolutën tonë.', 'Ky Kuvend edhe sot do të miratojë një rezolutë dhe ka miratuar një rezolutë edhe në vitin e kaluar.']"
127,90,127_protestë_protesta_protestat_protestojmë,"['protestë', 'protesta', 'protestat', 'protestojmë', 'protestojnë', 'banorët', 'korrik', 'protestosh', 'protestuar', 'protestuesve']","['Të dalësh e të protestosh për një çështje që i përket drejtësisë, për një çështje që ju keni votuar t’ia besoni drejtësisë, nuk është një protestë, që ka për qëllim të besojë tek ajo, por është një protestë që ka për qëllim të bëjë presion tek ajo.', 'Banorët e Krujës kanë kohë që janë ngritur në protestë për këtë problem që i shqetëson, por protesta bie në veshin e shurdhër të qeverisë.', 'Mos mendoni këtu, sepse dëgjova ministren, se është protestë për paga, është protestë për dinjitet, është protestë për liri akademike, është protestë për autonomi universitare, është protestë për kërkim shkencor.']"
128,90,128_vasili_nderuar_petrit_kryetare,"['vasili', 'nderuar', 'petrit', 'kryetare', 'kolegë', 'tabaku', 'zonja', 'deputetë', 'bano', 'eralda']","['Petrit Vasili – E nderuar Kryetare e Kuvendit, Të nderuar kolegë deputetë, Sot, në mënyrë normale, do të ishte diskutimi më i gjatë dhe më intensiv në lidhje me këtë çështje.', 'Fjalën e ka zoti Vasili, 10 minuta në dispozicion. Petrit Vasili – E nderuar drejtuese e seancës, Të nderuar kolegë, Sot ne vazhdojmë të diskutojmë për raportimet që bëjnë institucionet e pavarura.', 'Të nderuar kolegë deputetë, Të nderuar qytetarë, (Ndërhyrje pa mikrofon) E nderuar zonja Kryetare e Kuvendit...']"
129,90,129_eksportet_eksporteve_importet_rritje,"['eksportet', 'eksporteve', 'importet', 'rritje', 'sasi', 'importeve', 'rritur', 'produkteve', 'çmimeve', 'çmimet']","['Nëse ka, në fakt, një shembull më konkret të performancës të këtyre eksporteve, ka qenë kultura e ullirit, pikërisht gjatë 5-mujorit të parë të këtij viti, ku eksportet kanë arritur një sasi prej 2600 tonë ose rreth 38 herë më shumë në sasi dhe 26,7 herë më shumë në Viti 2023 48 Legjislatura e 10-të vlerë, krahasuar vetëm me një vit më përpara.', 'Në qoftë se flasim për eksportet e këtij viti, në periudhën janar-shtator kemi një rritje në sasi me gati 19% dhe vetëm në vendet e Bashkimit Europian me 22%, që vjen si një tregues jo vetëm i rritjes së eksporteve edhe në vitin korrent që flasim, por edhe për faktin se në vendet e Bashkimit Europian kjo është edhe një rritje më e qenësishme, që flet edhe për cilësinë e këtyre produkteve.', 'Pra, janë rritur eksportet, kryesisht për shkak të rritjes së çmimit, por importet janë rritur më shumë se eksportet.']"
130,90,130_shprehen_grupet_votimit_diskutime,"['shprehen', 'grupet', 'votimit', 'diskutime', 'parlamentare', 'koha', 'shtesa', 'nr', 'miratim', 'projektligji']","['Diskutime (Shprehen grupet parlamentare.) Koha e votimit 6. Projektligji “Për disa shtesa dhe ndryshime në ligjin nr.', 'Diskutime (Shprehen grupet parlamentare.) Koha e votimit 7. Projektligji “Për disa shtesa dhe ndryshime në ligjin nr.', 'Diskutime (Shprehen grupet parlamentare.) Koha e votimit 8. Projektligji “Për disa ndryshime dhe shtesa në ligjin nr.']"
131,89,131_naftës_naftë_karburantit_litër,"['naftës', 'naftë', 'karburantit', 'litër', 'shqipëri', 'karburanteve', 'çmimi', 'kushton', 'lekë', 'litri']","['Çmimi naftës është 189 lekë litri. Çfarë ndodh në Maqedoni? Çmimi i naftës është 196 lekë litri.', 'Një litër naftë në Kosovë dhe Maqedoninë e Veriut kushton 1 euro, në Itali 1,6 euro, ndërsa në vendin tonë kushton 1,7 euro.', 'Në një kohë që çmimi i naftës këtu në Shqipëri është 2,05 euro për litër, në Maqedoni është 1,37 euro, kurse në Kosovë është 1,7 euro.']"
132,89,132_basha_lulzim_bashari_zoti,"['basha', 'lulzim', 'bashari', 'zoti', 'demokratike', 'evgjeni', 'zotin', 'partisë', 'kryetari', 'nikolla']","['Menjëherë pas replikës së zotit Basha, do ta marrë fjalën zoti Berisha, për procedurë. Lulzim Basha – Që e gjithë kjo betejë po bëhet për drejtësi, s’ka diskutim.', 'Lindita Nikolla - Ju lutem, zoti Basha, përfundojeni fjalën tuaj, sepse ka mbaruar koha! Lulzim Basha -...', 'Tani kam një pyetje të dytë për ju: ku është Lulzim Basha? Pse nuk vjen në sallë Lulzim Basha?']"
133,88,133_administrative_administrativ_sanksioneve_paralajmërimi,"['administrative', 'administrativ', 'sanksioneve', 'paralajmërimi', 'disiplinore', 'prokurimit', 'masa', 'sanksionet', 'sanksione', 'dënim']","['Elisa Spiropali – Mirë, zoti Braçe dhe më pas zoti Bushati. Erion Braçe - Pra, edhe një herë, ju po thoni që ky përkufizim këtu, dënim administrativ, ka për qëllim që të sanksionojë që masa e parë administrative apo dënimi i parë administrativ, do të jetë këshillimi?', 'Parashikimi në legjislacionin e fushës së mbrojtjes së mjedisit të dënimit me gjobë ose me një masë administrative si kundërvajtje, si titull ekzekutiv, gjykohet se do të sjellë efektivitet në ekzekutimin e sanksioneve që vendosen nga organet e ndryshme administrative.', 'Si synim të dytë, projektligjet parashikojnë që në legjislacionin e mbrojtjes së mjedisit dënimi me gjobë të jetë titull ekzekutiv, me qëllim që pas shterimit të ankimimit administrativ të sjellë efektivitet në ekzekutimin e sanksioneve që vendosen nga organet administrative.']"
134,86,134_kpp_ja_klsh_klp,"['kpp', 'ja', 'klsh', 'klp', 'ankesave', 'prokurimit', 'ekonomikë', 'kontraktore', 'auditimit', 'audituese']","['Open Contracting Partnership ka nxjerrë një artikull dedikuar KPP- së për përfitimet e sistemit të ankesave, ndërkohë në raportin e SIGMA-s dhe OECD-së për vitin 2021, përmirësimi i ndjeshëm i performancës së KPP-së është vlerësuar me vlerësimin maksimal, 5 nga 5, për sistemin e apelimit elektronik dhe uljen e ankesave të trajtuara jashtë afatit.', 'Në lidhje me fazën e dytë të masave të marra për të rritur transparencën në fushën e prokurimit publik, KPP-ja vlerëson nismën e ndërmarrë nga Kuvendi i Shqipërisë për ndryshimin e ligjit të prokurimit publik, ku disa ndryshime thelbësore kanë ardhur si pasojë e propozimeve të KPP-së.', 'KPP-ja, në vitet 2022 dhe 2023 ka realizuar pyetësor të vazhdueshëm mbi indikatorët e performancës së KPP-së, të hapur për operatorët ekonomikë.']"
135,85,135_gjenocidit_srebrenicë_gjenocidi_gjenocidin,"['gjenocidit', 'srebrenicë', 'gjenocidi', 'gjenocidin', 'srebrenicës', 'përkujtimin', 'viktimave', 'gjenocid', 'nderimin', 'rezolutë']","['Ju, të nderuar kolegë, e quani këtë rezolutë “Për përkujtimin dhe nderimin e viktimave të gjenocidit Srebrenicës”.', 'Kush është dakord? Kundër? Nuk ka. Miratohet. Vijojmë me projektrezolutën “Për përkujtimin dhe nderimin e viktimave të gjenocidit në Srebrenicë”.', 'Në përputhje të plotë me rezolutat e Parlamentit Europian të viteve 2005, 2009 dhe të vitit 2015 për përkujtimin e gjenocidit në Srebrenicë, rezoluta shqiptare i kërkon qeverise të nderojë viktimat e gjenocidit në Srebrenicë dhe të shpallë datën 11 korrik si Ditën e Përkujtimit të Gjenocidit në Srebrenicë.']"
136,85,136_krizë_kriza_krizën_krize,"['krizë', 'kriza', 'krizën', 'krize', 'krizat', 'krizës', 'krizash', 'përballuar', 'globale', 'krizave']","['Po bëhemi gati për këtë sezon duke u përballuar edhe me krizat, por tashmë kemi mësuar t’u përshtatemi situatave të paparashikuara që na vijnë nga natyra, nga krizat shëndetësore apo nga kriza të tjera globale.', 'Megjithatë, për të shkuar pak më tej, u them kolegëve të opozitës se nuk kemi përballuar vetëm këto kriza, edhe këtë që po e përballojmë me shumë sukses, deri tani të paktën, por kemi përballuar edhe një krizë tjetër, krizën që latë pas ju në vitin 2013.', 'Ne as na bëhet qejfi dhe as jemi arrogantë përballë kësaj krize. Ne kemi vetëm një detyrë, që na ka rënë mbi shpatulla, siç na ra tërmeti, siç na ra pandemia dhe kemi treguar që dimë t’i menaxhojmë krizat: ne duhet ta përballim veten me këtë krizë, duhet t’i mbrojmë qytetarët, ashtu siç po bëjmë me mbrojtjen për sa i përket energjisë elektrike dhe për sa u përket të gjitha paketave, që ju i dini shumë mirë, sepse këto kohë janë dhe aftësia e një qeverie sot është si ta menaxhojë krizën, sepse është një krizë botërore, e cila, fatkeqësisht, pa bërë fare tellallët e tmerrit, na duhet të themi që nga të gjitha të dhënat, nga çfarë shprehin ekspertët, si ata ekonomikë, si ata energjetikë, do të vijë duke u vështirësuar.']"
137,84,137_aftësi_kufizuara_personat_kufizuar,"['aftësi', 'kufizuara', 'personat', 'kufizuar', 'personave', 'punësimit', 'social', 'persona', 'punësimin', 'sociale']","['Së dyti, në lidhje me personat me aftësi ndryshe, pra personat me aftësi të kufizuara që quheshin më parë, sipas kategorive, sa do t’u rritet paga këtyre personave, të cilët kanë nevojë më shumë sesa të tjerët për sa i përket pagesës, sepse kanë probleme të mëdha shëndetësore?', 'Duke u kthyer tek aspektet e ligjit “Për nxitjen e punësimit” unë dua të ndalem te një instrument i rëndësishëm, i cili, në fakt, shkon në të njëjtin drejtim me reformën që ne kemi ndërmarrë sa i përket mbështetjes së personave me aftësi ndryshe, është pikërisht krijimi i fondit social të punësimit të personave me aftësi të kufizuara, një instrument më tepër, i cili do të garantojë që punësimi i personave me aftësi të kufizuar qoftë në institucionet shtetërore, qoftë në ato private të jetë mbi 9 000.', 'Të nderuar qytetarë, sjell në vëmendje për të gjithë personat me aftësi të kufizuar dhe familjarët e tyre se personat me aftësi të kufizuara, janë apo nuk janë të punësuar, nuk do ta humbasin për asnjë moment pagesën e aftësisë së kufizuar.']"
138,83,138_krimit_kriminale_krimin_organizuar,"['krimit', 'kriminale', 'krimin', 'organizuar', 'krimi', 'kriminelët', 'kriminalitetit', 'shqipëri', 'amerikën', 'policia']","['Mendoj që kjo projektmarrëveshje është një investim i përbashkët në luftën kundër kriminalitetit dhe në një farë mënyre rrit dinjitetin e Shqipërisë për sa u përket përpjekjeve të saj për të luftuar krimin në përgjithësi dhe në mënyrë të veçantë krimin e organizuar apo edhe krime të tjera me natyrë të rëndë.', 'Për çfarë më duhen mua sondazhet e këtyre, kur edhe raporti i Departamentit Amerikan të Shtetit thotë se Shqipëria është bazë e krimit të organizuar për Europën, Amerikën, Amerikën Latine dhe Lindjen e Mesme?', 'Me këtë rast dua të theksoj se çdo marrëveshje e kësaj narkoqeverie për luftën kundër krimit të organizuar është fund e krye një falsitet, një formalitet, pasi Shqipëria është vendi ku krimi i organizuar, siç thotë raporti i DASH-it, e ka shndërruar në qendrën operacionale të organizatave kriminale të rajonit, Europës, Amerikës së Veriut, Amerikës së Jugut dhe Lindjes së Mesme.']"
139,82,139_dhuna_dhunës_dhunën_dhunë,"['dhuna', 'dhunës', 'dhunën', 'dhunë', 'ngacmimi', 'punës', 'dhune', 'dhunshëm', 'ngacmimet', 'fenomen']","['Unë dua t’ju kujtoj që ka edhe një dhunë tjetër, ajo që quhet “dhuna strukturore”.', 'Kur diskutojmë për dhunën në vendin e punës, gjëja e parë që mendojmë është një sulm fizik, por, në fakt, dhuna në vendin e punës është një shqetësim shumë i madh dhe më i gjerë.', 'Viti 2022 156 Legjislatura e 10-të Dhuna në institucionet e punës nuk është ajo dhuna tradicionale që ne mund të supozojmë, siç është dhuna fizike, por lidhet me ngacmimet e formave të ndryshme, edhe ato morale.']"
140,81,140_plazhit_plazh_plazhe_plazhi,"['plazhit', 'plazh', 'plazhe', 'plazhi', 'plazhet', 'bregdetare', 'bregdetit', 'detit', 'plazhin', 'plazheve']","['Kjo duhet të verifikohet nga autoritetet përkatëse, sepse sot në qytetin e Vlorës plazhi është kthyer tërësisht në një plazh privat dhe banorëve të qytetit u ofrohet të bëjnë plazh në atë që quhet “plazhi i vjetër i qytetit”, si plazh publik, ku deti është me mbetje.', 'Plazhet që ju shikoni sot, qoftë në Ksamil apo në Sarandë, për brezat më të rinj, janë plazhe, në fakt, të krijuara rishtazi nga investitorë të ndryshëm, bashkë me zhvillimin e hotelerisë që, me gjithë guximin e tyre për të krijuar hapësira plazhi, edhe ato që shihni si plazhe në qytet sot, nuk kanë ekzistuar fare, por prapë e bëjnë Sarandën me vijën bregdetare më të shkurtër, ku plazhet janë, ashtu siç themi ne andej nga Jugu, më krëk.', 'Kontrolli i Lartë i Shtetit thotë se duhet vendosur një raport i drejtë mes plazhit publik dhe plazhit privat, ku ndarja e sipërfaqes të lejuar plazh privat dhe plazh publik të bëhet proporcionalisht sipas një raporti të drejtë, ku të prevalojë interesi publik, duke rritur aksesin e lirë të qytetarëve në plazhe.']"
141,81,141_as_bëjmë_jemi_dot,"['as', 'bëjmë', 'jemi', 'dot', 'lobime', 'ne', 'nuk', 'gjë', 'na', 'dimë']","['Në këtë moment, të paktën gjë që mund të bëjmë, që të tregojmë se të gjithë jemi të investuar në këtë çështje, nuk e bëjmë.', 'Ne nuk kemi ardhur këtu të bëjmë as histori dhe as të tregojmë përralla, as të tregojmë nëse njerëzit kanë gojë apo nuk kanë gojë, nëse u dhemb apo nuk u dhemb goja, nëse flasin apo nuk flasin.', 'Ne nuk jemi të mirë në lobime, gjë e cila është vërtetuar katërcipërisht. Ju i keni kontaktet për lobime, ju harxhoni para për lobime dhe vazhdoni ta bëni, është puna juaj, gjë për të cilën as ju gjykojmë e as merremi me këtë, sepse e dini vetë.']"
142,80,142_neneve_77_55_73,"['neneve', '77', '55', '73', 'miratim', 'votash', '78', 'shumicë', '83', 'kushtetutës']","['Projektligji “Për tatimin mbi të ardhurat” (në mbështetje të neneve 78 dhe 83, pika 1, nenit 155 të Kushtetutës dhe neneve 55 dhe 73-77 të Rregullores, shumicë e thjeshtë votash për miratim) Pyetje Shprehet nismëtari.', 'Projektligji “Për bletarinë” (në mbështetje të neneve 78 dhe 83, pika 1, të Kushtetutës dhe neneve 55 dhe 73-77 të Rregullores, shumicë e thjeshtë votash për miratim) Pyetje Shprehet nismëtari.', '3/2022” (në mbështetje të neneve 78, 83, pika 1, dhe 121, pika 1, të Kushtetutës dhe neneve 55 dhe 73-77 të Rregullores, shumicë absolute votash për miratim) Pyetje Shprehet nismëtari.']"
143,79,143_depozituar_njoftoj_këshilli_projektligje,"['depozituar', 'njoftoj', 'këshilli', 'projektligje', 'ministrave', 'kuvend', 'jave', 'njoftimet', 'vërejtje', 'akte']","['Ju njoftoj se në Kuvend gjatë kësaj jave janë depozituar dy projektligje nga Këshilli i Ministrave dhe një kërkesë për interpelancë.', 'Kalojmë te njoftimet. Ju njoftoj se në Kuvend gjatë kësaj jave janë depozituar dy projektligje nga Këshilli i Ministrave dhe dy projektligje propozim deputeti.', 'Kalojmë te njoftimet. Ju njoftoj se në Kuvend gjatë kësaj jave janë depozituar dy projektligje nga Këshilli i Ministrave dhe një projektligj propozim deputeti.']"
144,78,144_konkurrencës_konkurrencë_garë_autoriteti,"['konkurrencës', 'konkurrencë', 'garë', 'autoriteti', 'konkurrencën', 'antikonkurruese', 'operatorëve', 'biznesit', 'fituese', 'real']","['Megjithë përpjekjet e bëra, gjykoj se Autoriteti i Konkurrencës nuk ka mundur që ta përmbushë misionin e tij për arsyet e mëposhtme: Autoriteti i Konkurrencës, për mendimin tim, nuk arriti të jetë efektiv në punën e tij.', 'Sepse s’ka drejtësi dhe prandaj s’ka garë. Sepse s’ka garë, prandaj s’ka konkurrencë. Se nuk ka konkurrencë, prandaj nuk ka zhvillimin.', 'Pra, ku e kemi garën? Ku e kemi rritjen e konkurrencës? Absolutisht që nuk ka garë.']"
145,78,145_seanca_njoftohet_orën_mbyllet,"['seanca', 'njoftohet', 'orën', 'mbyllet', 'radhës', 'seancën', '00', 'mbyll', 'natën', 'faleminderit']","['Këtu mbyllet seanca. Seanca e radhës do t’ju njoftohet. Faleminderit! (Seanca u mbyll në orën 19:30) ', 'Këtu mbyllet seanca e sotme. Seanca e radhës do t’ju njoftohet. Natën e mirë! (Seanca u mbyll në orën 22:00) ', 'Këtu mbyllet seanca. Faleminderit! Seanca e radhës do t’ju njoftohet. (Seanca u mbyll në orën 13:00 ) ']"
146,76,146_rinjtë_rinjve_rinore_garancisë,"['rinjtë', 'rinjve', 'rinore', 'garancisë', 'punësimit', 'rinisë', 'rininë', 'profesional', 'punës', 'rinj']","['Kjo mbështetje e shtuar për buxhetin e të rinjve tregon edhe një herë vëmendjen që kemi treguar ndaj politikave rinore për të mbështetur të rinjtë tanë.', 'Së pari, për sa i përket garancisë rinore, projektligji e zgjeron konceptin për këtë program, duke parashikuar se skema e garancisë rinore është pjesë e programeve të punësimit, që mbështet të rinjtë deri në moshën 29 vjeç, të cilët nuk janë në punë, në arsim apo në formim profesional.', 'Në këtë projektligj parashikohet një pagesë për të rinjtë që zgjedhin trajnim profesional. Sa është numri i të rinjve që kanë përfituar nga programi i garancisë rinore për nxitjen e punësimit, nëse keni përgjigje?']"
147,76,147_prokurori_prokurorisë_urdhrin_prokuroria,"['prokurori', 'prokurorisë', 'urdhrin', 'prokuroria', 'prokurorinë', 'zbatoni', 'prokurorit', 'prokurorin', 'penale', 'dëshmitar']","['Pra, ata hetojnë dhe ju zbatoni urdhrin. Ju nuk duhet të pengoni prokurorinë... (Ndërhyrje pa mikrofon) Këtë duhet të bëni...', 'Duhet të zbatoni ligjin. Duhet të respektoni urdhrin e Prokurorisë. Mirë që nuk jepni përgjigje, mirë që nuk shpjegoni, mirë që nuk bëni transparencë mbi çfarë keni bërë, por të paktën respektoni urdhrin e prokurorisë.', 'Kur do ta zbatoni urdhrin e prokurorisë? Duhet të jepni shpjegime, këtë duhet të bëni.']"
148,76,148_minutazhin_minuta_interpelancën_96,"['minutazhin', 'minuta', 'interpelancën', '96', 'dispozicion', 'respektuar', '20', 'fillojmë', 'përcaktuar', 'parashtruar']","['Fillojmë duke respektuar minutazhin e përcaktuar në nenin 96 të Rregullores. Zoti Naço, keni 7 minuta në dispozicion për të parashtruar interpelancën.', 'Fillojmë duke respektuar minutazhin e përcaktuar në nenin 96 të Rregullores. Zoti Shehaj, keni të drejtën për të parashtruar interpelancën deri në 7 minuta.', 'Fillojmë, duke respektuar minutazhin e përcaktuar në nenin 96 të Rregullores. Zonja Zhupa, keni të drejtë të parashtroni interpelancën dhe keni 7 minuta në dispozicion.']"
149,75,149_luftë_lufta_luftës_lufte,"['luftë', 'lufta', 'luftës', 'lufte', 'luftën', 'peshon', 'bota', 'aleatë', 'renegatë', 'botërore']","['Si ka mundësi, që për 14 muaj nuk i ka rënë në sy askujt? Në mënyrë normale lind pyetja: a ka bashkëpunëtorë, kur jemi në luftë dhe qeveria del e thotë me të madhe se jemi në luftë?', 'Por po ju them se kjo është një situatë lufte dhe në luftë ka nevojë të jemi të bashkuar.', 'Ju kam dëgjuar për ditë me radhë të thoni nuk ka luftë, ku është lufta, nuk kemi dëgjuar për luftë, ne nuk dimë gjë?']"
150,75,150_ngushëllimet_tragjike_shpreh_mia,"['ngushëllimet', 'tragjike', 'shpreh', 'mia', 'martinit', 'humbi', 'jetën', 'familjes', '14', 'familjarëve']","['Sot nga kjo foltore u shpreh ngushëllimet e mia të ndjera familjes, miqësisë, shoqërisë, të afërmve të atij djali.', 'Zoti Çelaj, vijoni. Isuf Çelaj – Si fillim, dua t’i shpreh ngushëllimet e ndjera familjes së fëmijës 14-vjeçar, i cili u vra me thikë në ambientet e shkollës “Fan Noli” sot në Viti 2024 108 Legjislatura e 10-të Tiranë.', 'Në emër të këtyre vlerave, që na bëjnë të jemi vërtet njerëz, dua të them dy fjalë për ngjarjen tragjike që ndodhi ditën e djeshme, dhe dua t’u shpreh ngushëllimet e mia më të sinqerta familjes!']"
151,74,151_amnistinë_amnisti_amnistia_amnistisë,"['amnistinë', 'amnisti', 'amnistia', 'amnistisë', 'fiskale', 'mesazh', 'mesazhi', 'spak', 'gjkko', 'ut']","['Sa i takon amnistisë, sigurisht që do të jetë objekt diskutimi në këtë seancë. Ne kemi hedhur për konsultim ligjin për amnistinë.', 'Për amnistinë pyesni ata që kanë përfituar nga kjo amnisti, por, në fund të fundit, pyesni drejtësinë, drejtësia, Prokuroria e Përgjithshme ka nxjerrë edhe një udhëzim për këtë amnisti, edhe SPAK-u po bashkëpunon ngushtësisht me ne.', 'Nga ana tjetër, ne shikojmë se çdo ditë e më shumë po largohemi, duke vazhduar me amnistinë fiskale, dhe Kryeministri thotë se amnistinë fiskale nuk e anuloj.']"
152,74,152_penale_procedime_procedimeve_prokurorë,"['penale', 'procedime', 'procedimeve', 'prokurorë', 'gjykim', 'regjistruara', 'pandehur', 'hetim', 'numrit', '2021']","['Më konkretisht janë regjistruar 28 procedime penale me 34 persona nën hetim dhe, krahasuar kjo me vitin 2021, janë regjistruar 18 procedime penale me 9 persona nën hetim.', 'Referuar të dhënave statistikore për këtë grup veprash janë regjistruar 262 procedime penale me 201 të pandehur dhe 169 procedime me 187 të pandehur janë dërguar për gjykim, ose krahasuar me vitin 2021, kemi një rritje me 162% të numrit të procedimeve të regjistruara, një rritje 212,9% të numrit të procedimeve, një rritje 114,9% të numrit të të pandehurve të dërguar për gjykim, si dhe një rritje mbi 4 herë, nga 19 në 91, të numrit të personave të dënuar për veprat penale kundër korrupsionit.', 'Në lidhje me rekomandimin për rritjen e numrit të regjistrimit të procedimeve të regjistruara dhe të dërguara për gjykim, dhe cilësinë e hetimit të veprave penale në fushën e narkotikëve, trafiqeve dhe terrorizmit, nënvizojmë se gjatë vitit 2022 janë mbartur dhe regjistruar 24 procedime penale me 8 persona në hetim për vepra penale me qëllime terroriste dhe janë dërguar në gjykatë me kërkesë për gjykim 3 procedime penale dhe 3 persona të pandehur, të akuzuar për vepra penale me qëllime terroriste, që është një tregues pozitiv në krahasim me vitin 2021, ku janë regjistruar 20 procedime penale, por nuk ka pasur kërkesa për gjykim.']"
153,73,153_faqen_internet_depozituara_sistemin,"['faqen', 'internet', 'depozituara', 'sistemin', 'materialet', 'titujt', 'gjeni', 'çështjeve', 'parlament', 'ndërsa']","['Titujt e çështjeve të depozituara i gjeni në sistemin këtu në sallë, ndërsa materialet në sistemin e-parlament dhe në faqen e Kuvendit në internet.', 'Titujt e çështjeve të depozituara i gjeni në sistemin këtu në sallë, ndërsa materialet në sistemin e- parlament dhe në faqen e Kuvendit në internet.', 'Titujt e çështjeve të depozituara i gjeni në sistemin këtu në sallë, ndërsa materialet në sistemin e- parlament dhe në faqen e Kuvendit në internet.']"
154,72,154_fondeve_fondi_fonde_financiare,"['fondeve', 'fondi', 'fonde', 'financiare', 'buxhetore', 'financimit', 'fond', 'financim', 'fondit', 'nevojave']","['Unë vë re që, nga viti në vit, ne kemi kapacitete të shtuara në kuadër të thithjes së fondeve, vë re që kemi më shumë fonde të përfituara, të cilat kanë ndikuar drejtpërdrejt në përmirësimin e të mirës publike dhe që janë përfituar nga qytetarët, por kemi ende shumë punë për të bërë në këtë drejtim, ndaj dhe e përshëndes krijimin e agjencisë dhe koordinatorin ndërkombëtar për këto fonde, sepse kjo do të harmonizojë programimin, thithjen e fondeve, rritjen e kapaciteteve dhe drejtimin e nevojave atje ku është më prioritet, në mënyrë që ne të ecim në bazë të një plani pune të mirëkoordinuar.', 'Pra, mbulimi i nevojave për financim, nëpërmjet mbështetjes buxhetore, është një ndër instrumentet më të favorshme të financimit.', 'Të nderuar deputetë, Mbulimi i nevojave për financim, nëpërmjet mbështetjeve buxhetore, është një ndër instrumentet më të favorshme të financimit, duke qenë se kemi të bëjmë me kredi me terma të butë dhe të akorduara nga institucione ndërkombëtare serioze, që mbështesin zhvillimin e shteteve, pjesë të Axhendës 2030 për Zhvillimin e Qëndrueshëm.']"
155,71,155_kalendarin_kryetarëve_plenare_konferencën,"['kalendarin', 'kryetarëve', 'plenare', 'konferencën', 'punimeve', 'kalendar', 'kalendarit', 'data', 'rregullores', 'kuvendit']","['Në bazë të nenit 26, pika 6, dhe nenit 27, pika 4, të Rregullores, kur në Konferencën e Kryetarëve nuk arrihet mirëkuptim për programin dhe kalendarin e punimeve, Kryetari i Kuvendit e harton vetë atë dhe ia paraqet për miratim Kuvendit në seancë plenare.', 'Në Konferencën e Kryetareve nuk pati mirëkuptim në lidhje me kalendarin e punimeve. Në bazë të nenit 27, pika 4, të Rregullores, kur në Konferencën e Kryetarëve nuk arrihet mirëkuptimi për kalendarin e punimeve, Kryetari i Kuvendit e harton vetë atë dhe ia paraqet për miratim Kuvendit në seancë plenare.', 'Në Konferencën e Kryetarëve nuk pati mirëkuptim lidhur me kalendarin e punimeve. Në bazë të nenit 27, pika 4, të Rregullores: “Kur në Konferencën e Kryetarëve nuk arrihet mirëkuptimi për kalendarin e punimeve, Kryetari i Kuvendit e harton vetë atë dhe ia paraqet për miratim Kuvendit në seancë plenare.']"
156,71,156_plenare_seancën_rendin_sotme,"['plenare', 'seancën', 'rendin', 'sotme', 'hapim', 'njohur', 'ditës', 'bëj', 'nenit', '30']","['Hapim seancën plenare. Në bazë të nenit 30 të Rregullores, ju bëj të njohur rendin e ditës për seancën e sotme plenare.', 'Hapim seancën plenare. Në bazë të nenit 30 të Rregullores, ju bëj të njohur rendin e ditës për seancën e sotme plenare.', 'Hapim seancën plenare. Në bazë të nenit 30 të Rregullores, ju bëj të njohur rendin e ditës për seancën e sotme plenare.']"
157,70,157_ftoj_projektligj_marrëveshje_votojmë,"['ftoj', 'projektligj', 'marrëveshje', 'votojmë', 'marrëveshjeje', 'votojnë', 'unanimisht', 'kolegët', 'votoni', 'ta']","['Të nderuar kolegë, ju ftoj që ta votojmë së bashku këtë marrëveshje, këtë projektligj, pasi, pa dyshim, do të jetë një përfitim shumë i madh për qytetarët e vendit tonë.', 'Ndaj, për sa më sipër, të nderuar deputetë, ju ftoj ta votojmë këtë projektligj. Faleminderit!', 'Prandaj, në këtë kuadër, të nderuar kolegë, ju ftoj ta mbështesim dhe votojmë këtë projektligj.']"
158,69,158_medies_gazetarët_media_mediet,"['medies', 'gazetarët', 'media', 'mediet', 'lirinë', 'gazetarëve', 'shqipëri', 'mediatik', 'lajmit', 'medieve']","['E, pra, nuk keni bërë as progres, por vetëm regres në lirinë e medies dhe, kur flitet për lirinë e medies këtu, përsëri doni të na hiqni fjalën, sepse keni frikë të përballeni me një realitet në Shqipëri, që sot e di i madh dhe i vogël, sepse mediet, sidomos emisionet investigative ju trembin, sepse ju zhveshin nga propaganda; se tregojnë një anë të realitetit, që shqiptarët e vuajnë çdo ditë; se tregojnë aferat tuaja; se tregojnë sesi vjedhin drejtorët me “5D”, me “5M” apo me “5 yje”, sepse i keni kaluar vjedhjet në “vjedhje me 5 yje”, të cilat i përfitoni vetëm ju, ministrat tuaj, Kryeministri juaj dhe, në fakt, qytetarët nuk duhet ta shikojnë këtë vjedhje as në media, përveçse ta ndiejnë në xhepat e tyre, duhet të mbyllni çdo gojë.', 'Përsëri keni bllokuar një seancë, një mbledhje në Komisionin e Medies për të diskutuar, për të folur, për të thirrur edhe Kryeministrin në lidhje me lirinë e medies në Shqipëri, sepse një demokraci nuk kuptohet, në qoftë se nuk ka lirinë e fjalës, lirinë e shtypit.', 'Por juve ju dhemb, sepse Kryeministri i Shqipërisë i trajton gazetarët në mënyrën më të keqe të mundshme, ju dhemb sepse Shqipëria ka rënë në raportin e Freedom House, pikërisht edhe nga sjellja që kanë zyrtarët e lartë publikë dhe nga aksesi që i jepni medies për të marrë informacion, Shqipëria ka rënë 3 vende në “Reporterët pa kufi”, duke zbritur në vendin e 99-të, si e fundit në Ballkan për lirinë e medies, sepse juve ju dhemb fjala e gazetarëve, sepse ju keni frikë nga pyetjet e gazetarëve të pavarur, sepse ju i shtyni gazetaret me dorë dhe i prekni me dorë kur bëjnë pyetje, që nuk i pëlqejnë Kryeministrit tuaj.']"
159,69,159_grek_greke_greqia_greqi,"['grek', 'greke', 'greqia', 'greqi', 'athinës', 'grekë', 'çame', 'greqisë', 'varreza', 'vorio']","['Konteksti dihet: nga mungesa e reciprocitetit ndaj Greqisë, varreza greke, shkolla greke, tabela rrugore në greqisht, kreu grek i kishës shqiptare, busti i Micotaqis, deri në terrorizmin në Peshkëpi, kundrejt terrorizmit në Banjë, Kosovë.', 'Përgjegjës për këtë, së pari, është shteti grek që e shkaktoi gjenocidin kundër popullsisë çame në Greqi në vitin 1944 dhe nuk 113 Legjislatura e 10-të Viti 2022 e njohu kurrë atë, edhe sot e kësaj dite, dhe, së dyti, shteti shqiptar, i cili kishte dhe ka detyrimin kombëtar të kërkimit të zgjidhjes.', 'Përgjegjës për këtë, së pari, është shteti grek, i cili e shkaktoi gjenocidin kundër popullsisë çame në Greqi në vitin 1944, përmes Zervës, dhe nuk e njohu kurrë atë edhe sot e kësaj dite.']"
160,68,160_zjarri_zjarret_flakët_zjarrfikëse,"['zjarri', 'zjarret', 'flakët', 'zjarrfikëse', 'zjarrit', 'zjarrin', 'zjarreve', 'forcat', 'djegur', 'shuarjen']","['A quhet sukses që të digjen 800 hektarë dhe pastaj të shuhet zjarri?! Siç duket, zjarri atje u shua se nuk kishte çfarë të digjte më, ndryshe do të vazhdonte akoma.', 'Ka një periudhë kohore kur zjarri është i ndaluar kategorikisht. Ajo që po na ndodh është se kësaj radhe jo vetëm u vihet zjarri mbetjeve të produkteve bujqësore, por u vihet zjarri edhe mbetjeve urbane brenda lagjeve të fshatrave.', 'Pas shtatë ditësh, që ju dërguat atje Forcat e Armatosura, ushtarët, që të luftonin me flakët, me mjete rrethanore, me një helikopter “Cougar”, i cili nuk ia dilte dot në atë sipërfaqe, në atë terren të thyer, me erën e fortë, që e favorizonte zjarrin, atëherë ju kërkuat ndihmën e shtetit tonë fqinj, Italisë, që dërgoi dy avionë për ta fikur zjarrin, sepse ju dështuat në fikjen e zjarreve, siç dështuat edhe në Zadrimë, siç dështuat edhe në Kallmet.']"
161,67,161_lindin_bebes_lindur_bonusit,"['lindin', 'bebes', 'lindur', 'bonusit', 'fëmijëve', 'jetojnë', 'jashtë', 'bonusin', 'bebeve', 'bonusi']","['Bazuar në analizën e kryer për përfitueshmërinë e këtij programi të politikës për mbështetjen e familjeve të reja, si dhe në vlerësimet e kryera konstatohet se prindërit e fëmijëve të lindur jashtë Republikës së Shqipërisë përfitojnë pagesa të ngjashme për lindjen e fëmijës si jashtë vendit, atje ku lind fëmija, edhe brenda vendit, duke përfituar në këtë mënyrë pagesa të dyfishta.', 'Bazuar në analizën e kryer për përfitueshmërinë e programit dhe të politikës për mbështetjen e familjeve me fëmijë të porsalindur, si dhe në vlerësimet e kryera, konstatohet se prindërit e fëmijëve të lindur jashtë Republikës së Shqipërisë përfitojnë pagesa të ngjashme për lindjen e fëmijëve, edhe sipas legjislacionit në vendet ku ata jetojnë, duke përfituar kështu pagesa ose shpërblime të dyfishta.', 'Në radhë të parë, ky ligj përpiqet të vendosë një drejtësi sociale, që të ketë një lloj barazie midis përfitimeve që marrin fëmijët e lindur në Shqipëri dhe atyre që lindin jashtë, që të mos ketë dy përfitime, të mos ketë dublikime, sepse ata që lindin në Shqipëri e përfitojnë një shpërblim për bonusin e bebes këtu dhe ata që lindin jashtë e përfitojnë në vendin ku jetojnë, ku janë rezidentë.']"
162,67,162_ekonomia_ekonomike_rritje_shqiptare,"['ekonomia', 'ekonomike', 'rritje', 'shqiptare', 'rritet', 'rritja', 'rritjes', 'trendin', 'ekonomisë', 'vitit']","['Për fatin tuaj të keq, deputetë të opozitës, dhe për fatin e mirë të shqiptarëve, ekonomia shqiptare është shëndetshme, po rritet në mënyrë të qëndrueshme, rreth 4,1% në 3-mujorin e dytë të këtij viti.', 'Ndërkohë, sfida më e madhe është rritja e ekonomisë. Banka e Shqipërisë, sot që flasim, thotë që ekonomia ka vazhduar të rritet, patjetër, është ngadalësuar ritmi i rritjes, por ka vazhduar të rritet me 2,2% në 6-mujorin e fundit.', 'Ekonomia shqiptare pritet të rritet me 3,8% në vitin 2025. Gjithashtu, është i rëndësishëm konstatimi se Shqipëria ka vazhduar trendin e fortë të rritjes në gjysmën e parë të vitit 2024, me rritjen reale të prodhimit të brendshëm bruto, i cili është ngritur në 4,1%.']"
163,67,163_klimatike_mjedisit_mjedisi_mjedis,"['klimatike', 'mjedisit', 'mjedisi', 'mjedis', 'ndryshimet', 'klimën', 'ndryshimeve', 'mjedisore', 'efektet', 'merremi']","['Po, detyrë e qeverisë është të adresojë ndryshimet klimatike dhe efektet që vijnë prej tyre.', 'Dhe ndryshimet klimatike që po vijnë nuk janë afatshkurtra, do të jenë afatgjata dhe duan programe afatgjata, për të ndalur impaktin e madh, që ndryshimet klimatike do të kenë mbi të gjithë këta sektorë.', 'Kjo vjen ndoshta edhe pse ende nuk e kemi komunikuar në komunikimin publik pse janë të rëndësishme, jo thjesht për të bërë teori, jo thjesht për të respektuar detyrimet ligjore që kemi në konventat ndërkombëtare lidhur me ndryshimet klimatike, por sidomos për t’u përgatitur dhe për të parandaluar pasojat që ndodhin nga ndryshimet klimatike.']"
164,67,164_investitorëve_investitorë_huaj_shqipëri,"['investitorëve', 'investitorë', 'huaj', 'shqipëri', 'huaja', 'investitorët', 'investimet', 'strategjikë', 'investime', 'investim']","['Këtu dëgjova disa nga ju që thoni se nuk ka dhe nuk vijnë këtu investitorë të huaj.', 'Ne tashmë i kemi zero investimet e huaja në Shqipëri, vazhdoni të mbaheni me ato që kanë ardhur në kohën e qeverisjes “Berisha”, teksa nuk mund të thoni dot një investim të madh të huaj që ka ardhur në Shqipëri si rezultat i punës së qeverisë “Rama”, dhe “investitorë strategjikë” quani vetëm oligarkët dhe klientët e pushtetit.', 'Duke lexuar listën e përfituesve të investitorëve strategjikë, u përpoqa të shoh se cilat janë investimet e huaja që kanë ardhur në Shqipëri, cila është lista me investitorët e huaj, çfarë kapitali shtesë ka marrë Shqipëria.']"
165,67,165_mcgonigal_neza_with_agron,"['mcgonigal', 'neza', 'with', 'agron', 'fbi', 'of', 'defendant', 'minister', 'prime', 'albania']","['Këto thotë aktakuza. Hera e gjashtë: pika 28, faqja 7: “Defendant McGonigal had met with the Prime Minister of Albania in Albania and with a kosovar politician in Kosovo”.', 'Hera e shtatë: pika 34, faqja 8: “On November 20, 2017, defendant McGonigal met with the Prime Minister of Albania in Albania”.', 'Po krimi apo komprometimi në këtë fakt ku janë? Hera e dytë, pika 22, faqja 6: “On September 9, 2017, in Albania, defendant McGonigal met with person “B” and the Prime Minister of Albania”.']"
166,66,166_çmimet_çmimeve_rritur_rritje,"['çmimet', 'çmimeve', 'rritur', 'rritje', 'çmime', 'çmimi', 'rriten', 'rritja', 'çmimit', 'produkteve']","['Ka muaj që them se që në shtator ka nisur rritja e çmimeve, por kam dëgjuar gënjeshtra me kostum se nuk janë rritur çmimet.', 'E njëjta situatë po ndodh edhe me çmimet në ekonomi. Të gjitha çmimet e produkteve bazë janë rritur mbi 2 herë; disa produkte të përdorimit të përditshëm të shportës janë rritur 30% dhe disa të tjera janë rritur deri në 100%.', 'A e dini pse rriten çmimet? Sot çmimet e produkteve që vijnë në vendin tonë janë rritur, ndaj edhe kostoja është jashtëzakonisht e lartë.']"
167,66,167_pika_projektvendimi_78_nenit,"['pika', 'projektvendimi', '78', 'nenit', 'kushtetutës', '55', '21', 'neneve', 'caktimin', 'përhershme']","['Koha e votimit 24. Projektvendimi “Për një ndryshim në vendimin nr. 69/2021 “Për caktimin e anëtarësisë së komisioneve të përhershme të Kuvendit”, i ndryshuar” (në mbështetje të nenit 78 të Kushtetutës, të neneve 21 dhe 55 të Rregullores së Kuvendit; shumicë e thjeshtë votash për miratim).', 'Për një ndryshim në vendimin nr. 69/2021 “Për caktimin e anëtarësisë së komisioneve të përhershme të Kuvendit”, i ndryshuar”” (në mbështetje të nenit 78, pika 1 e Kushtetutës dhe neneve 21, pika 1, dhe 55, pika 1 e Rregullores, shumicë e thjeshtë votash për miratim) 15.', '14. Projektvendimi “Për një ndryshim në vendimin nr. 70/2021 “Për caktimin e anëtarëve zëvendësues në përbërjen e komisioneve të përhershme të Kuvendit”, i ndryshuar (në mbështetje të nenit 78, pika 1 e Kushtetutës, dhe neneve 21, pika 1 dhe 55, pika 1 të Rregullores, shumicë e thjeshtë votash për miratim).']"
168,66,168_park_parkut_butrintit_parkun,"['park', 'parkut', 'butrintit', 'parkun', 'kombëtar', 'mbrojtur', 'parku', 'zonë', 'zona', 'mbrojtura']","['Ndoshta ju, si ministre e Kulturës, nuk keni lidhje me këtë, por ju keni qenë personi që e keni mbështetur edhe heqjen nga zona e mbrojtur të Parkut Kombëtar të Butrintit.', 'E gjithë kjo zonë reduktohet dhe largohet nga zona e mbrojtur e Parkut Kombëtar të Butrintit.', 'Ina Zhupa – Faleminderit, e nderuar Kryetare! 291 Legjislatura e 10-të Viti 2022 Gjendem sërish përpara jush për të kërkuar shpjegim nga ministrja e Kulturës në lidhje me kontratën e koncesionit të Parkut Kombëtar të Butrintit, në fakt, jo të parkut, por të qytetit antik të Butrintit, sepse kanë garantuar që Butrintin ta ndajnë në dy copa: në njërën copë qytetin antik, atje ku prodhohen biletat dhe t’ia japin këtë me koncesion një fondacioni në administrim privat; pjesën e Parkut Kombëtar ta ndajnë më vete dhe t’ua japin këtë pjesë-pjesë për resorte disa privatëve të tjerë, duke hequr nga zona e mbrojtur 800 hektarë të peizazhit dhe të Parkut Kombëtar të Butrintit, që është zonë e mbrojtur.']"
169,65,169_ajror_aviacionit_civil_lundrimit,"['ajror', 'aviacionit', 'civil', 'lundrimit', 'ajrore', 'hapësirës', 'icao', 'albcontrol', 'ofruesin', 'trafikut']","['Ky është një komision teknik që përcakton rregullat e funksionimit të lundrimit ajror, standardet ndërkombëtare dhe praktikat e zbatimit për sa u përket çështjeve të lundrimit ajror.', 'Për t’iu përshtatur sa më mirë këtyre dinamikave të reja dhe këtij aktiviteti kaq të madh të aviacionit civil në vendin tonë, Ministria e Infrastrukturës dhe Energjisë ka propozuar projektligjin “Për ofruesin e shërbimeve të lundrimit ajror, Albcontrol”.', 'Komisioni i Lundrimit Ajror, që është ndryshimi që kërkojmë të kalojmë sot dhe të miratojmë këtu në Parlament për nenin 56 të Konventës, është një organ teknik brenda Organizatës Ndërkombëtare të Aviacionit Civil, përgjegjës për zhvillimin e standardeve dhe praktikave të rekomanduara të lidhura me navigimin ajror.']"
170,65,170_familjes_familjen_adoptimin_familja,"['familjes', 'familjen', 'adoptimin', 'familja', 'konceptin', 'prindi', 'gender', 'bashkëjetesa', 'familjet', 'nëne']","['Edhe në lidhje me këtë çështje prisja reagimin tuaj. Pyetja tjetër: a nuk e konsideroni ju atë ceremoni si një tentativë të thellë diskriminimi ndaj asaj që është themeli i familjes, nëna dhe babai, duke tentuar t’i zëvendësojnë me konceptin gender, që bie ndesh me themelet e shoqërisë njerëzore: prindi 1 dhe prindi 2?', 'Së pari, konceptin e shenjtë të familjes të përbërë nga një burrë, një grua dhe me shpresë fëmijët, për të shkuar te familjet e tjera, të cilat nuk janë të pajtueshme me ligjet tona.', 'Gjithashtu, edhe në konceptin e bashkëjetesës kam një pyetje: çfarë kuptoni ju me “bashkëjetesë”? Mendoni se bashkëjetesa mund të zëvendësojë familjen, kur familja është e shenjtë dhe kjo është e shkruar në Kodin e Familjes?']"
171,63,171_procesverbalin_vërejtje_elektronike_rrugë,"['procesverbalin', 'vërejtje', 'elektronike', 'rrugë', 'procesverbalet', 'procesverbali', 'njoftimet', 'ndonjë', 'marrë', 'miratohet']","['Procesverbalin e keni marrë në rrugë elektronike. A ka ndonjë vërejtje? Nuk ka. Miratohet. Kalojmë te njoftimet.', 'A ka vërejtje për procesverbalin, të cilin e keni marrë në rrugë elektronike? Nuk ka.', 'Procesverbalin e keni marrë në rrugë elektronike. A ka vërejtje për të? Nuk ka. Miratohet.']"
172,63,172_propagandë_propagandës_propaganda_propagandën,"['propagandë', 'propagandës', 'propaganda', 'propagandën', 'propagande', 'bëni', 'punoni', 'gebelsiane', 'trau', 'hidhni']","['Është një propagandë e dështuar, pavarësisht se e bëni nga mëngjesi deri në darkë, është një propagandë që është duke ju kthyer dita- ditës kundër.', 'Kjo ishte për sa i përket të gjithë pyetjes suaj. Ndërkohë, për sa i përket propagandës, ne nuk bëjmë propagandë, zonjë, se nuk kemi kohë të bëjmë propagandë, se jemi në krye të punës.', 'Kam dëgjuar sot e gjithë ditën vetëm propagandë. Jeni të zotë për të bërë propagandë.']"
173,63,173_civil_administratës_shërbimit_publike,"['civil', 'administratës', 'shërbimit', 'publike', 'civilë', 'administrata', 'organizative', 'departamenti', 'shërbimin', 'rekrutimit']","['Departamenti i Administratës Publike është një institucion i ngarkuar me ligjin “Për shërbimin civil” për menaxhimin e shërbimit civil për të gjitha institucionet e aparatit qendror, pra institucionet e Këshillit të Ministrave, ministritë dhe të gjitha institucionet e varësisë së Këshillit të Ministrave; nuk është një institucion i pavarur, sikurse ju thoni.', 'Gjithashtu, po SIGMA i referohet faktit që, sot përmirësimet kryesore, në drejtim të menaxhimit të shërbimit civil dhe të të gjithë administratës publike janë veçanërisht në drejtim të disponueshmërisë së përdorimit të të dhënave në shërbimin civil, ekzistencës së një organi qendror dhe të aftë koordinues, sikurse është Departamenti i Administratës Publike, dhe natyrisht zbatimit në praktikë të procedurave të rekrutimit për shërbimin civil.', 'Departamenti i Administratës Publike raporton këtu për disa çështje të rëndësishme. E para ka të bëjë me politikat në shërbimin civil, udhëheqjen e reformës në këtë fushë dhe zbatimin e politikave të shërbimit civil në institucionet e administratës shtetërore.']"
174,63,174_punës_lirë_punësuar_lira,"['punës', 'lirë', 'punësuar', 'lira', 'profesionet', 'profesionistët', 'punë', 'pune', 'profesionistë', 'paguhen']","['Kontrolloni orën e punës, kontrolloni respektimin e parimit të punës, për të cilën paguhen nga shteti, por se çfarë bëjnë ata në orën e lirë të punës, nuk është kompetenca juaj ta vendosë, sepse bie ndesh me të drejtën e njeriut, bie ndesh me të drejtën e profesionistit, bie ndesh edhe me konceptin e urdhrave në tërësi.', 'Kështu, për shembull, vitin e kaluar, në Bashkinë tonë të Divjakës, na u desh të ndërroheshin kryetarët që të merrnim vesh punësimet fiktive: studentë, njerëz që nuk ishin fare aty të bënin punën e tyre, paskan qenë të punësuar, madje edhe me rroga të majme, ndërkohë që asnjë ditë nuk kanë figuruar në vendin e punës dhe as dihej që ishin të punësuar.', 'E thashë, nuk jam për ata të cilët abuzojnë për t’iu shmangur taksave apo bëjnë këto lojëra, që ndoshta edhe zhonglerët më të mirë do t’i kishin zili, por jam për ata profesionistë që punojnë ndershmërisht dhe kanë nevojë të stimulohen, si dhe që t’i rrisin kapacitetet e tyre edhe duke punësuar kolegët e vet në bizneset e tyre, sepse ne sot jemi për të stimuluar profesionistët që janë në fashën e profesioneve të lira.']"
175,62,175_buxhet_buxheti_buxhetin_asgjë,"['buxhet', 'buxheti', 'buxhetin', 'asgjë', 'ky', 'shtetit', 'përgjigjja', 'madh', 'ndryshe', 'qytetarët']","['Realisht, të dashur qytetarë, këto duhet të jenë qëllimet e një buxheti. Por çfarë ndodh, në fakt, me këtë buxhet?', 'Këtë praktikë, fatkeqësisht, ky buxhet e ka më të theksuar se çdo buxhet tjetër. Faleminderit!', 'Ky vetëm për njerëzit nuk është, ky nuk është buxhet për qytetarët, sepse ky është buxhet i qeveritarëve.']"
176,62,176_punonjës_punonjësve_punësuar_numri,"['punonjës', 'punonjësve', 'punësuar', 'numri', 'mijë', '000', 'administratës', '707', '1000', 'numrin']","['Tashmë e ka të qartë çdo qytetar, nga 19 mijë punonjës në vitin 2015, sot llogariten rreth 34 mijë punonjës vendorë, pa përfshirë punonjësit me kontratë.', 'E vërteta është që numri i punonjësve nga 14 401 punonjës, që ishte në 384 njësi, po flas për punonjësit e administratës...', 'Kjo do të thotë se nga totali i punonjësve, flasim në nivel qendror, 71% janë punonjës që u përkasin shërbimeve të caktuara, ngelen vetëm 23 mijë, në total, punonjës të administratës publike, dhe unë nuk e di se cilës shifër i referoheni ju për të thënë që kjo është shifra më e lartë në rajon.']"
177,62,177_verifikimin_komisionit_komisioneve_komisioni,"['verifikimin', 'komisionit', 'komisioneve', 'komisioni', 'mënyrës', 'ligjeve', 'komisionet', 'rekomandimet', 'hetimor', 'ngritjen']","['Miratohet. Për projektvendimin “Për ngritjen e komisionit hetimor të Kuvendit “Për verifikimin e mënyrës së zbatimit të ligjit nr.', 'Projektvendimi “Për ngritjen e komisionit hetimor të Kuvendit “Për verifikimin e mënyrës së zbatimit të ligjit nr.', 'Projektvendimi “Për ngritjen e Komisionit hetimor të Kuvendit “Për verifikimin e mënyrës së zbatimit të ligjit nr.']"
178,62,178_amf_ja_sigurimeve_sigurimit,"['amf', 'ja', 'sigurimeve', 'sigurimit', 'katastrofat', 'embrionale', 'primeve', 'tregjeve', 'bashkëpunim', 'kompanitë']","['Së fundi, miratimi i ndryshimeve në ligjin për AMF-në është një emergjencë për të cilën AMF-ja duhet të nisë punën për miratimin e ndryshimeve të nevojshme në ligjin aktual për Autoritetin e Mbikëqyrjes Financiare.', 'Unë fjalimin tim do ta ndaj në dy drejtime. Së pari, në arritjet që ka realizuar AMF-ja në përmbushje të rezolutës së vitit 2023 dhe, së dyti, në detyrat që duhet të bëjë AMF-ja për vitin 2024.', 'AMF-ja nuk ka punuar seriozisht për ngritjen e një skeme të sigurimit nga katastrofat, mbështetur në punën dhe projektin e mëparshëm të Bankës Botërore, që asnjëherë nuk u mor në konsideratë nga qeveria dhe vetë AMF-ja.']"
179,62,179_kibernetike_kibernetik_sulmet_hakerat,"['kibernetike', 'kibernetik', 'sulmet', 'hakerat', 'iranianë', 'sulm', 'sigurisë', 'sulmeve', 'sulme', 'sistemet']","['Kryeministri, qeveria shqiptare, ka përgatitur një status të veçantë për të gjithë ata që punojnë në fushën e sigurisë kibernetike, por edhe të teknologjive të informacionit në përgjithësi, për t’u dhënë bonuse, paga më të larta të krahasueshme me tregun, në mënyrë që ne ta kthejmë qeverinë apo institucionet e sigurisë kibernetike në qendra ekselence.', 'Investimet në fushën e sigurisë kibernetike, siç e thashë, janë domethënëse për Shqipërinë. Gjej rastin të vlerësoj mbështetjen dhe financimin e komandës amerikane në Europë për Ministrinë e Mbrojtjes, pikërisht, në ndërtimin e strukturave për mbrojtjen kibernetike.', 'Sipas raportit të ekspertëve të FBI-së dhe CISA- s, sulmi kibernetik i hakerave iranianë ka filluar 14 muaj para datës 16 korrik 2022, pra më 14 maj 2021, gjë që lidhet me daljen e listës së patronazhistëve të publikuar në datën 11 prill 2021, duke e vënë kështu portalin e-Albania në dispozicion të maxhorancës për qëllime politike, gjë të cilën e tregon edhe konkluzioni i ekspertëve të huaj se sulmi e ka zanafillën e daljes së kësaj liste nga e-Albania, me të dhëna shumë sensitive për qytetarët shqiptarë, pasi një muaj mbrapa hakerat iranianë filluan sulmin, duke lundruar në sistemet informatike të shtetit tonë.']"
180,61,180_caktohet_zëvendësues_anëtar_komisionin,"['caktohet', 'zëvendësues', 'anëtar', 'komisionin', 'deputetja', 'anëtare', 'zëvendësuese', 'deputeti', 'caktimin', 'çështjet']","['Deputeti Bledar Çuçi caktohet anëtar zëvendësues në Komisionin për Çështjet Europiane. Ky akt kërkon shumicë të thjeshtë votash për miratim.', 'Zoti Petro Koçi caktohet anëtar zëvendësues në Komisionin për Çështjet Ligjore. Ky akt kërkon shumicë të thjeshtë votash.', 'Zoti Niko Peleshi caktohet anëtar në Komisionin për Politikën e Jashtme, dhe zonja Lindita Nikolla caktohet anëtare në Komisionin për Edukimin dhe Mjetet e Informimit Publik.']"
181,61,181_fondet_be_europian_bashkimi,"['fondet', 'be', 'europian', 'bashkimi', 'fondeve', 'bashkimit', 'fonde', 'europianë', 'paraaderimit', 'paratë']","['Kjo është e vërteta! Lidhur me fondet, është e vërtetë që ne kemi frikë. E tha edhe kolegia, zonja Zhupa, edhe fondet e IPARD-it monitoroheshin nga Bashkimi Europian.', 'Me të njëjtin model ju doni që të na mbushni mendjen se do të bëni një gjë ndryshe; lëre më pastaj kur “Team Lali” sot këtu na dha garanci dhe na tha të mos kemi merak se janë fonde gjermane, që nuk mund të vidhen kur vijnë nga jashtë, por harruat që ju keni vjedhur fondet e BE-së, fondet IPARD-it, edhe ato para të BE-së ishin, para të huaja.', 'Pra, kur ju keni vjedhur fondet e BE-së, që monitorohen nga vetë Bashkimi Europian, merre me mend çfarë mund të ndodhë me fondet e këtij buxheti që monitorohen nga vetë ju!']"
182,60,182_kushtetutën_kushtetutës_kushtetuta_shkelje,"['kushtetutën', 'kushtetutës', 'kushtetuta', 'shkelje', 'shkelni', 'shkelur', 'shkel', 'kushtetuese', 'shkelim', 'rregulloren']","['Problemi juaj është kur ju e shkelni Kushtetutën. Tani po përsëris atë që kam thënë që në seancën e parë: Kushtetuta ndalon çdo lloj mandati imperativ.', 'Sepse, ju të shkelni çdo ligj, Rregulloren dhe Kushtetutën e këtij vendi, të miratuar dhe të njohur nga të gjithë, dhe ne të rrimë, t’ju dëgjojmë?!', 'E shkel edhe ai Kushtetutën, sepse ju ka ju model, pra ju që bëtë një ligj me porosi për të, kështu që normal që ndihet mbret aty që ta shkelë Kushtetutën.']"
183,60,183_paradites_ora_rendi_enjte,"['paradites', 'ora', 'rendi', 'enjte', 'procesverbalit', '44', 'miratimi', '00', 'datës', 'seanca']","['Lindita Nikolla E enjte, 14.09.2023 Seanca e paradites, ora 10:00 Rendi i ditës: 1. Miratimi i procesverbalit të seancës plenare të datës 4.9.2023 (neni 44, pika 2, i Rregullores së Kuvendit).', 'Lindita Nikolla E enjte, 13.10.2022 Seanca e paradites, ora 10:00 Rendi i ditës: 1. Miratimi i procesverbalit të seancës plenare të datës 6.10.2022 (neni 44, pika 2, i Rregullores) 2.', 'Lindita Nikolla E enjte, 06.10.2022 Seanca e paradites, ora 10:00 Rendi i ditës: 1. Miratimi i procesverbalit të seancës plenare të datës 3.10.2022 (neni 44, pika 2, i Rregullores) 2.']"
184,59,184_bebes_bonusi_bonusit_porsalindur,"['bebes', 'bonusi', 'bonusit', 'porsalindur', 'bonusin', 'bebeve', '000', 'fëmijë', 'lindjen', 'foshnjës']","['Programi social, i quajtur “Bonusi i bebes”, jep mbështetje për çdo të porsalindur dhe familjen e tij, përmes garantimit të shpërblimit financiar për çdo fëmijë të ardhur në jetë, pavarësisht statusit socialo-ekonomik, si dhe në kuadër të incentivave për rritjen e natalitetit.', 'Gjithashtu, projektligji parashikon rritjen e numrit të lindjeve nëpërmjet bonusit të bebes, por asnjë indikator nuk tregon se rritja e lindshmërisë ka ndodhur për shkak të dhënies së bonusit të bebes.', 'Por nuk është vetëm bonusi i bebes, problem janë edhe shumë gjëra të tjera. Bonusi i bebes është 40 000 lekë të rinj për lindjen e parë, 80 000 lekë të rinj për lindjen e dytë dhe 120 000 për lindjen e tretë.']"
185,59,185_territorit_adresave_kombëtar_planifikimin,"['territorit', 'adresave', 'kombëtar', 'planifikimin', 'zhvillimit', 'planifikimit', 'adresës', '107', 'regjistri', 'zhvillimin']","['107/ 2014 “Për planifikimin dhe zhvillimin e territorit”, të ndryshuar”, që të krijojë një institucion, që në të ardhmen rrezikon të shndërrohet në një institucion monstruoz, si Këshilli i Kombëtar i Territorit dhe Ujit.', 'Projektligji miratohet. Projektligji “Për disa shtesa dhe ndryshime në ligjin nr. 107/2014 “Për planifikimin dhe zhvillimin e territorit”, të ndryshuar”.', 'Monitorimin e ligjit “Për planifikimin dhe zhvillimin e territorit” dikur e kryente Agjencia Kombëtare e Planifikimit të Territorit, sot Agjencia e Zhvillimit të Territorit, e cila është një hallkë ndërmjetëse që i shërben Këshillit Kombëtar të Territorit, ndërsa sot, pas shtesës, edhe Këshillit Kombëtar të Ujit.']"
186,59,186_ekonomia_shqiptare_ekonominë_ekonomisë,"['ekonomia', 'shqiptare', 'ekonominë', 'ekonomisë', 'shqipëri', 'ekonomi', 'ekonomike', 'tregu', 'garanci', 'sovrane']","['Por kjo situatë, pengesë e konkurrencës, praktikisht oligarki në tregjet më të mëdha, situatë përcaktimi çmimesh, situatë e një stanjacioni, që në 10 vjetët e fundit nuk lëviz, ku është e pamundur që një biznes i ri të hapet, të hyjë në treg, të motivohet që të punojë, ku ndarja e tregut është e përcaktuar, është simboli dhe shembulli më i keq se si sot funksionon ekonomia shqiptare.', 'Por, fatkeqësisht, ekonomia po shkon keq e më keq, njerëzit po ikin, Shqipëria po zbrazet, në Shqipëri nuk kanë ngelur më as 2 milionë njerëz, kjo është e vërteta, pastaj bëni filozofi me 15-20 vjet më parë, kur ka qenë koha më e mirë e rritjes së ekonomisë shqiptare, koha e rritjes së prodhimit, infrastrukturës, pagave e me radhë.', 'Zonja Ibrahimaj, është ministrja kundërfirmuese dhe flet pa kufizim. Delina Ibrahimaj – E nderuar drejtuese e seancës, Të nderuar deputetë, U dëgjua sot të thuhet këtu që ekonomia shqiptare po ecën pa drejtim, në fakt, ekonomia shqiptare ka kohë që e ka marrë drejtimin dhe drejtimi është ai i rritjes ekonomike.']"
187,59,187_73_referuar_nenit_pyetje,"['73', 'referuar', 'nenit', 'pyetje', 'pika', 'rregullores', 'paraqitjen', 'fillojmë', 'diskutimin', 'projektligjit']","['Referuar nenit 73, pika 2, të Rregullores, a ka pyetje? Nuk ka. Fillojmë diskutimin me paraqitjen e projektligjit nga nismëtari.', 'Referuar nenit 73, pika 2, të Rregullores, a ka pyetje? Nuk ka. Fillojmë diskutimin me paraqitjen e projektligjit nga nismëtari.', 'Referuar nenit 73, pika 2, të Rregullores, ka pyetje? Nëse nuk ka pyetje, fillojmë diskutimin me paraqitjen e projektligjit nga nismëtari.']"
188,58,188_akep_komunikimeve_it_elektronike,"['akep', 'komunikimeve', 'it', 'elektronike', 'roli', 'rrjeteve', 'shërbimeve', 'rregullator', 'internetit', 'postare']","['AKEP-i nuk ndërton stacione, por është rregullator. Pra, është e pamundur të pretendohet... (Ndërhyrje pa mikrofon) AKEP-i nuk është agjenci që investon.', 'Roli, funksioni dhe kompetencat e AKEP-it, si një organ rregullator në fushën e komunikimeve elektronike dhe shërbimeve postare, përcaktohen në ligjin nr.', 'Është e qartë që kjo nuk është puna e AKEP-it, por sektori i dërgesave ka marrë hov kohët e fundit dhe roli i AKEP-it (sepse në shumë raste nuk është roli apo detyra i AKEP-it 100% të rregullojë një gjë, siç është rasti i telave nëpër shtylla apo rasti i postës), si pjesë e rëndësishme e grupeve të punës, në gjykimin tim, duhet të jetë më i fortë dhe zëri i AKEP-it duhet të jetë më i prerë në lidhje me këto fusha, si dhe ndikimi që duhet të ketë.']"
189,57,189_neni_interpelancë_njoftime_rregullores,"['neni', 'interpelancë', 'njoftime', 'rregullores', 'ministren', '96', '80', '44', 'zonjën', 'kushtetutës']","['2. Njoftime (neni 44, pika 3, i Rregullores së Kuvendit) 3. Interpelancë me Ministren e Shëndetësisë dhe Mbrojtjes Sociale, zonjën Albana Koçiu, kërkuar nga deputeti Tritan Shehu (neni 80 i Kushtetutës dhe neni 96 i Rregullores së Kuvendit).', 'Njoftime (neni 44, pika 3, i Rregullores së Kuvendit) 3. Interpelancë me ministren e Shëndetësisë dhe Mbrojtjes Sociale, zonjën Albana Koçiu, kërkuar nga deputeti Agron Shehaj (neni 80 i Kushtetutës dhe neni 96 i Rregullores së Kuvendit).', 'Njoftime (neni 44, pika 3, i Rregullores) 3. Interpelancë me ministren e Arsimit dhe Sportit, zonjën Evis Kushi kërkuar nga deputetja Ina Zhupa (neni 80 i Kushtetutës dhe neni 96 i Rregullores) 4.']"
190,57,190_nr_datë_normativ_ligjin,"['nr', 'datë', 'normativ', 'ligjin', 'ndryshime', 'shtesa', 'njoftime', 'aktin', '44', '12']","['Njoftime (neni 44, pika 3, i Rregullores) 3. Akti normativ nr. 35, datë 24.12.2021, “Për disa ndryshime dhe shtesa në ligjin nr.', 'Projektligji “Për miratimin e aktit normativ nr. 3, datë 12.03.2022, “Për disa ndryshime dhe shtesa në ligjin nr.', '4. Akti normativ nr. 5, datë 18.10.2023 “Për disa shtesa dhe ndryshime në ligjin nr.']"
191,56,191_diskriminimi_diskriminim_diskriminimit_diskriminuar,"['diskriminimi', 'diskriminim', 'diskriminimit', 'diskriminuar', 'diskriminimin', 'format', 'shtrembërosh', 'diskriminuese', 'gjendjen', 'etninë']","['Raporti nuk merret fare me këto çështje, se ky është diskriminim, është diskriminim ndaj jetës, diskriminim ndaj fëmijëve, është vdekja e tyre.', 'Do të jem i qartë dhe konkret. Një nga elementet e diskriminimit, që e dënon ligji, është diskriminimi ndaj jetës, diskriminimi shëndetësor, diskriminimi i grupeve shoqërore në përballjen me sistemin shëndetësor dhe sistemin social për të mbrojtur jetën e tyre.', 'Së dyti, a nuk është kjo për ju një formë e rëndë diskriminimi, për arsye të mirëfillta politike, e kësisoj kemi të bëjmë me një diskriminim thjesht politik, me një diskriminim të pastër politik?']"
192,56,192_depozitave_kreditit_kursim_depozitat,"['depozitave', 'kreditit', 'kursim', 'depozitat', 'sigurimit', 'depozituesve', 'shoqëritë', 'banka', 'bankar', 'miliardë']","['Në fund të vitit 2021 totali i depozitave në sistemin bankar ishte 1433 miliardë lekë, ndërsa totali i depozitave në shoqëritë e kursim-kreditit ishte 9,6 miliardë lekë.', 'Së fundi, raporti i mbulimit që ofron Fondi i Sigurimit të Depozitave të shoqërive të kursim-kreditit përkundrejt depozitave të siguruara nga këto institucione financiare në fund të vitit 2022, ishte 2,61%.', 'Në fund të vitit 2023 depozitat e siguruara në shoqëritë e kursim-kreditit janë 7,8 miliardë lekë, sa 71% e totalit të depozitave.']"
193,54,193_periudhën_konferenca_mblodh_punimeve,"['periudhën', 'konferenca', 'mblodh', 'punimeve', 'kalendarin', 'kryetarëve', 'njoftoj', 'datën', 'miratoi', 'mirëkuptim']","['Ju njoftoj se në datën 30 tetor 2024 u mblodh Konferenca e Kryetarëve, e cila miratoi kalendarin e veçantë për shqyrtimin e projektligjit “Për buxhetin e vitit 2025” dhe kalendarin e punimeve të Kuvendit për periudhën 4 – 22 nëntor 2024.', 'Ju njoftoj se në datën 30.01.2023 u mblodh Konferenca e Kryetarëve, e cila miratoi me mirëkuptim kalendarin e punimeve të Kuvendit për periudhën 5-25 shkurt 2023.', 'Ju njoftoj se sot u mblodh Konferenca e Kryetarëve, e cila miratoi në mirëkuptim kalendarin e punimeve të Kuvendit për periudhën 9 – 30 qershor 2023.']"
194,54,194_paraqitjen_projektligjit_fillojmë_diskutimin,"['paraqitjen', 'projektligjit', 'fillojmë', 'diskutimin', 'nismëtari', 'nismëtarja', 'kufizim', 'pyetje', 'projektligjin', 'pakufizuar']","['Nuk ka pyetje. Fillojmë diskutimin me paraqitjen e projektligjit nga nismëtari. Zonja Denaj, fjala për ju.', 'A ka pyetje? Nuk ka. Fillojmë diskutimin me paraqitjen e projektligjit nga nismëtari. Zoti Manja, keni fjalën.', 'A ka pyetje për projektligjin? Nuk ka. Atëherë fillojmë diskutimin me paraqitjen e projektligjit nga nismëtari.']"
195,54,195_abortin_abortit_shtatzënisë_aborti,"['abortin', 'abortit', 'shtatzënisë', 'aborti', 'gruas', 'stimuluar', 'fetusin', 'uterusit', 'abort', 'fetusit']","['Kur Gjykata Supreme amerikane hodhi poshtë sentencën: “Wade vis-a-vis Roe” duke e quajtur abortin të paligjshëm dhe ku para 4 ditësh shteti i Floridës, një shtet liberal, e uli afatin e abortit në 6 javë, ne kërkojmë ta kthejmë në 14 javë, duke e futur në periudhën e pjekjes së fetusit.', 'Pra, politikat që kërkon të bëjë kjo qeveri, duke stimuluar më shumë abortin, duke e bërë abortin më atraktiv dhe më të lehtë për gruan, janë politika të kundërta me atë që duhet të realizohet.', 'Ne hapim abortin. Aborti nuk është një e drejtë universale e gruas; është gabim i madh.']"
196,53,196_bletarisë_bletëve_mjaltit_bletarinë,"['bletarisë', 'bletëve', 'mjaltit', 'bletarinë', 'bletarë', 'bletarët', 'bletarëve', 'koshere', 'produkteve', 'bletës']","['Në vende të ndryshme të BE-së, dhe jo vetëm, por edhe në vendin tonë, vitet e fundit për të përmirësuar prodhimin dhe tregtimin, duke pasur parasysh rritjen e incidencës në shëndetin e kolonive të bletëve të llojeve të caktuara, të pushtimeve të koshereve, në veçanti të përhapjes së sëmundjes së varrozës dhe të problemeve që ajo ka shkaktuar në reduktimin e prodhimit të mjaltit, lindi nevoja për një kontroll më të mirë të bletëve.', 'Ne integrojmë për herë të parë me këtë projektligj bashkëveprimin midis Ministrisë së Bujqësisë dhe njësive të vetëqeverisjes vendore me aktorët e sektorit të bletarisë për hartimin e programeve 3-vjeçare të zhvillimit të bletarisë.', 'Pra, për herë të parë sektori i bletarisë na vjen sot me një kuadër të rregulluar ligjor, i cili përcakton rregullat për mbarështimin e bletëve, transportin, shtegtimin, riprodhimin e tyre, si dhe përpunimin, etiketimin, magazinimin dhe tregtimin e produkteve të bletarisë.']"
197,53,197_ekonominë_ekonomistë_ekonomi_ekonomik,"['ekonominë', 'ekonomistë', 'ekonomi', 'ekonomik', 'ekonomiste', 'ekonomisë', 'ekonomike', 'rritja', 'mirëqenies', 'dëgjojmë']","['Nuk po flas për ata që nuk janë ekonomistë, por ata që pretendojnë se janë ekonomistë, t’i marrin dhe t’i shohin, madje edhe ata që nuk janë ekonomistë mund ta bëjnë, se sot ka forma shumë të lehta...', 'Për çfarë të luftojmë? Prandaj them që masa do të ndikojë direkt edhe në sektorin privat, për të mbajtur specialistë dhe njerëz aq të nevojshëm për ekonominë tonë, qoftë për ekonominë në sektorin publik, por mbi të gjitha për ekonominë në sektorin privat.', 'Së pari, ku janë idetë tuaja këto vite për zhvillimin ekonomik të vendit?! Unë këtu dua të citoj (në fakt, e kisha librin aty, që edhe t’jua tregoja) një studiues, i cili me pasion ka përgatitur një libër studimor mbi 300 faqe “Narkoshteti i Edi Ramës”, zotin Ndriçim Kulla: “Një ide sa më e saktë e vizionit të zhvillimit dhe ekonomisë, që ka promovuar qeverisja e Ramës në këta vite: ekonomi kanabisi, ekonomi djegësish, ekonomi rrugësh dhe qendra qytezash dhe fshatrash të fryra nga korrupsioni, pa kurrfarë ndikimi thelbësor në rrogat, xhepat dhe Viti 2024 190 Legjislatura e 10-të ekonominë e familjeve shqiptare.” Kapitulli 6, faqja 216, është: “Rrethi 6 i ferrit që Edi Rama i ka ndërtuar Shqipërisë, narkoshteti në lëngim që po e drobit Shqipërinë gjer në palcë” dhe një nëntitull në këtë kapitull është: “Sot pushteti i pangopur në Shqipëri i ngjan një kafshe të zhveshur nga organi i dëgjimit...”, dhe nga organi i dëgjimit ne duhet të dëgjojmë qytetarët shqiptarë, duhet të dëgjojmë grupet e interesit, duhet të dëgjojmë këta ekspertë, këta profesionistë, jo t’i trysnojmë.']"
198,53,198_euros_euron_valutën_euro,"['euros', 'euron', 'valutën', 'euro', 'eurobond', 'monedha', 'leku', 'vendase', 'pagesave', 'euroja']","['Doja të dija: çfarë ka bërë Guvernatori për këtë çështje shumë të rëndësishme? Unë nuk jam kundër euros, sepse, nëse duhet ta kthejmë, le ta vendosim dhe ta kthejmë euron, por ka edhe vende të BE-së të cilat nuk e emetojnë euron.', 'Erion Braçe – Faleminderit, edhe një herë! Natyrisht, kjo nismë është e lidhur ngushtë me atë që po ndodh në treg, veçanërisht me kursin e monedhës, kryesisht me euron, ndërkohë që leku është forcuar përkundrejt të gjitha monedhave, jo thjesht dhe vetëm përkundrejt euros.', 'Kjo për shkak të uljes së vlerës së euros e të valutave ndërkombëtare. Po të shohim vetëm euron, vitin e kaluar çmimi mesatar i euros ishte 118, 9 lekë, ndërsa sot është me 101 lekë.']"
199,52,199_gjykatës_kushtetuese_pagës_pagave,"['gjykatës', 'kushtetuese', 'pagës', 'pagave', 'pagën', 'paga', 'gjyqtarëve', 'gjykatën', 'anëtarëve', 'piramidës']","['Njëkohësisht, është ruajtur edhe e drejta e kryetarit të Gjykatës Kushtetuese, për të përfituar një pagë që është 20 për qind më e lartë sesa ajo e gjyqtarit të Gjykatës Kushtetuese.', 'Por, nëse ti më thua mua se një anëtar i Gjykatës Kushtetuese, që jep 5 vendime në vit dhe e gjithë trupa 35 vendime në vit, paska këtë ngarkesë të madhe saqë duhet t’ia bëjmë pagën sa dyfishi i pagës së Presidentit të Republikës, i cili emëron tre anëtarë; sa trefishi i pagës së deputetëve, që emërojnë tre anëtarë të tjerë dhe sa dyfishi i pagës së anëtarëve të Gjykatës së Lartë, që emërojnë tre anëtarët e tjerë, po ta them, i nderuar koleg dhe e përsëris, dhe ky nuk është sulm ndaj Gjykatës Kushtetuese, por një tentativë e qartë, që qeveria i bën një favor Gjykatës Kushtetuese për ta pasur atë tërësisht nën kontroll.', 'Për ta vendosur Gjykatën Kushtetuese në majën e piramidës së sistemit të pagave, kemi parashikuar që, përveç pagës mujore, gjyqtari i Gjykatës Kushtetuese të përfitojë një shtesë, për shkak të natyrës së veçantë të punës, në masën 58% për qind të pagës, sepse dhënia e shtesës, për shkak të natyrës së veçantë të punës, e vendos anëtarin e Gjykatës Kushtetuese dhe Gjykatën Kushtetuese në majën e piramidës së sistemit, pasi ligji i statusit të magjistratëve ka përcaktuar një formulë tjetër të pagës së magjistratëve, pra të sistemit të drejtësisë, dhe reforma në drejtësi e nxori Gjykatën Kushtetuese jashtë kësaj piramide.']"
200,52,200_borxhi_borxh_borxhit_borxhin,"['borxhi', 'borxh', 'borxhit', 'borxhin', 'publik', 'banka', 'qytetar', 'ulur', 'shqiptarë', '2013']","['Duhet ta themi se sot vendet e tjera të rajonit, por edhe shumë vende të Bashkimit Europian, kanë një rritje të ndjeshme të borxhit, ndërkohë që në Shqipëri borxhi është ulur në nivelin 57,5% për vitin 2023.', 'Unë kam përpara një tabelë. Mbaj mend që ministri aktual dhe disa ministra më parë kanë thënë se borxhi publik në Shqipëri është ulur, por ju asnjëherë nuk e thoni sa është borxhi publik sot dhe sa ishte borxhi publik më 2013-ën.', 'Vetëm 6,3 miliardë ishte borxhi publik më 2013-ën, ndërsa sot e kemi 14,1 miliardë. Qytetarët shqiptarë duhet ta dinë që ne sot kemi 8 miliardë më shumë borxh, ose: sa ç’është buxheti i vitit 2024, kanë borxh qytetarët shqiptarë.']"
201,52,201_amendamentin_propozohet_nenin_amendamenti,"['amendamentin', 'propozohet', 'nenin', 'amendamenti', 'tabelën', 'pika', 'vijojmë', 'propozon', '11', 'fondit']","['Amendamenti nuk miratohet. Vijojmë me amendamentin e pestë të deputetëve Vasili dhe Xhixho: Në nenin 11, pika 2, propozohet për një shtesë në buxhetin e vitit 2025 për programin “Arsimi i mesëm”.', 'Mbyllet votimi. 22 vota pro. Asnjë abstenim. 67 vota kundër. Amendamenti nuk miratohet. Vijojmë me amendamentin e dytë të deputetëve Vasili dhe Xhixho: në nenin 11, pika 2, propozohet për një shtesë në buxhetin e vitit 2025 për programin “Për kujdesin social”.', 'Mbyllet votimi. 22 vota pro. Asnjë abstenim. 67 vota kundër. Amendamenti nuk miratohet. Vijojmë me amendamentin e tretë të deputetëve Vasili dhe Xhixho: në nenin 11, pika 2, propozohet për një shtesë në buxhetin e vitit 2025 për programin “Zhvillimi i sportit”.']"
202,51,202_sociale_shërbimeve_mbrojtjes_social,"['sociale', 'shërbimeve', 'mbrojtjes', 'social', 'shërbimet', 'shërbime', 'nevojë', 'ndihmës', 'nëpërmjet', 'shtylla']","['Programi i mbrojtjes sociale ka në fokus mbrojtjen e individëve dhe familjeve në nevojë, nëpërmjet skemave tona të mbrojtjes sociale, programit të ndihmës ekonomike, mbështetjes nëpërmjet programit të pagesave për personat me aftësi ndryshe, po kështu edhe ngritjen, zgjerimin dhe garantimin e shërbimeve sociale në komunitete.', 'Ndaj, edhe një herë, dua t’ju falenderoj për thirrjen në këtë interpelancë dhe për dhënien e mundësisë për të shpjeguar edhe një herë, jo vetëm rëndësinë që kanë shërbimet sociale dhe integrimi i tyre me programet e mbrojtjes sociale dhe të përfshirjes sociale, por, mbi të gjitha, për të treguar punën që jemi duke bërë në funksion të qëndrueshmërisë së shërbimeve dhe të garantimit se askush nuk do të mbetet pas, por do të mbështetet nëpërmjet programeve të mbrojtjes sociale, nëpërmjet mbështetjes dhe rritjes së financimit për këto programe dhe nëpërmjet programeve të shërbimeve sociale në territor, ku qeveria nuk po i lë bashkitë vetëm, por po i mbështet nëpërmjet instrumenteve financiare të qëndrueshme të gjitha bashkitë e vendit për të ngritur shërbime sociale në territor për të gjitha kategoritë, duke filluar nga fëmijët dhe duke vazhduar me gratë, me të rinjtë dhe me të moshuarit.', 'Në fushën e mbrojtjes sociale Ministria e Shëndetësisë dhe Mbrojtjes Sociale synon zbatimin me sukses të reformës së programit të përkujdesjes sociale në tri shtylla kryesore: atë të ndihmës ekonomike, të aftësisë së kufizuar dhe të shërbimeve sociale.']"
203,51,203_banorët_qarkut_problemet_banorëve,"['banorët', 'qarkut', 'problemet', 'banorëve', 'krujë', 'vlorës', 'bashkisë', 'skënderbeg', 'skrapar', 'qytetin']","['Gjatë javës që kaloi, por edhe nga kontaktet e vazhdueshme që mbaj me banorët e Bashkisë së Krujës, me njësitë e saj administrative, Fushë- Krujë, Thumanë, Bubq, Nikël, Cudhi, si dhe me institucionet e tjera vendore jam njohur e kam evidentuar disa probleme që janë më sensitive për qytetarët dhe po i trajtoj këtu, me qëllimin e mirë të sensibilizimit të të gjitha strukturave dhe personave përgjegjës, të cilët duhet t’i përkushtohen seriozisht e të bëjnë maksimumin e mundshëm për të shmangur çdo pengesë subjektive nga ana e tyre, si vazhdimi i punës për likuidimin e pasojave të tërmetit.', 'Problemi që dua të ngre sot, është sa i prekshëm, aq edhe delikat dhe prek të gjithë banorët e qytetit të Vlorës, të Selenicës, por edhe të të gjithë qarkut.', 'Si deputet i qarkut të Vlorës, unë kam qenë dhe jam në komunikim të vazhdueshëm me banorët e Bashkisë së Himarës.']"
204,50,204_rtsh_ja_drejtues_paligjshme,"['rtsh', 'ja', 'drejtues', 'paligjshme', 'informacionit', 'bungo', 'pavarësinë', 'skenografive', 'studio', 'mëparshëm']","['Pra, duhet të ketë një transparencë të shpenzimeve të RTSH-së, se ku shkojnë paratë, si bëhen punësimet dhe si shfrytëzohen këto në drejtim të informimit publik, mision për të cilën ekziston RTSH-ja.', 'Pjesë e këtyre skandaleve shumë herë ka qenë edhe vetë RTSH-ja. Zoti Bungo ka meritën që e ka denoncuar këtë fenomen, ku të drejtat televizive të blera nga RTSH-ja kalonin dhe u jepeshin platformave të tjera digjitale, vetëm sepse kishin ish-punonjës të tyre drejtorë të RTSH-së.', 'Një shqetësim, që lidhet me RTSH-në, është fakti se për një vit drejtorët e rëndësishëm të RTSH- së kanë qenë të komanduar njerëz nga jashtë.']"
205,50,205_lexoni_libër_lexojeni_leximi,"['lexoni', 'libër', 'lexojeni', 'leximi', 'libra', 'librat', 'lexuar', 'lexoj', 'librin', 'lexon']","['Pra, ka edhe një nivel tjetër mbrojtjeje. Thënë kjo, rikthehem tek ajo që përmenda më sipër: ju nuk doni të lexoni, se nuk po them që s’dini të lexoni.', 'Çfarë do të bëni?! Do ta lexoni?! Do ta lexoni si çeçoja, sepse nuk keni çfarë të bëni tjetër!', 'Por ju nuk lexoni, kështu që do t’ju thosha të lexoni vetëm një libër, “Breznitë e Hankonatëve”, sepse, po ta lexoni, do ta kuptonit pse ju ndjek mallkimi i “Basri Hankonit” tuaj, i cili mori dhe i ndërroi kutitë, metodën egjiptiane.']"
206,50,206_turp_turpi_pandëshkueshmëria_shfaqje,"['turp', 'turpi', 'pandëshkueshmëria', 'shfaqje', 'dikush', 'zarf', 'mbeturinë', 'madh', 'frikë', 'degradimin']","['Ky është një turp, i cili nuk mund të vazhdojë më, si deri më sot.', 'U vjen turp t’u vijë nipi apo mbesa, se nuk u japin dot një karamele, ngaqë nuk kanë lekë ta blejnë karamelen; nuk kanë lekë të blejnë një pako kafe; kanë frikë të shkojnë në xhenaze, se nuk hedhin dot 2-mijëlekëshin, u vjen turp; kanë frikë të ndezin kaloriferin, ndaj rrinë të mbuluar me batanije; kanë frikë të ftojnë dikë për drekë, nuk e hapin derën, se mos u hyn njeri dhe nuk i japin dot drekë, ngaqë është frigoriferi bosh; kanë frikë të shkojnë në dyqan për të pyetur sa është çmimi për një palë mbathje.', 'Vetëm kjo ka ngelur këtu! A ka turp më të madh se kaq?! Të na vijë turp si neve, ashtu edhe juve, për çfarë po ndodh në këtë vend!']"
207,50,207_vrasje_viktima_dashje_vrasjet,"['vrasje', 'viktima', 'dashje', 'vrasjet', 'vrasjeve', 'viktimash', 'ën', 'vrarë', '124', 'vdekjen']","['Sigurisht, s’mund të jem krenar dhe s’mund të ndihemi krenar asnjëherë për mesatarisht 60 vrasje me dashje dhe 74 viktima në vit, që nga viti 2014 deri në vitin 2021, por duke parë shifrat, që mesatarisht nga viti 2006 deri në vitin 2013 ka pasur 105 vrasje me 117 viktima, pa diskutim që këtu duhet të bëjmë diferencën të gjithë dhe duhet t’i japim falënderime Policisë së Shtetit për punën që ka bërë në lidhje me parandalimin e vrasjeve me dashje.', 'Në 2008-ën ishin 88 vrasje me dashje, me numër viktimash 93. Dhe duke ardhur në rritje, viti 2011 11 Legjislatura e 10-të Viti 2022 ka 124 vrasje, me 142 viktima.', 'Në 2012-ën 126 vrasje në vit, me 157 viktima, vrasje me dashje flasim gjithmonë. Në 2013-ën 107 vrasje, me 124 viktima.']"
208,49,208_ipa_iii_ii_programit,"['ipa', 'iii', 'ii', 'programit', 'programi', 'përfituese', 'programet', 'projekteve', 'fondet', 'zbatohen']","['Për sa i përket procesit të programit të fondeve IPA III, tashmë është finalizuar programi vjetor i fondeve IPA për vitin 2021.', 'Në fakt, kisha si qëllim të bëja një analizë të programit IPA I, se si ka kaluar dhe çfarë ka ndryshuar me IPA II për të mbërritur pastaj te risitë që presim të vijnë nga IPA III.', 'Mua më vjen mirë që Në Kuvend është paraqitur një raport i plotë, jo vetëm për IPA III, por edhe IPA II dhe IPA I.']"
209,49,209_ratifikimin_republikës_marrëveshjes_ndërmjet,"['ratifikimin', 'republikës', 'marrëveshjes', 'ndërmjet', 'ministrave', 'këshillit', 'projektligji', 'shqipërisë', 'projektligjin', 'qeverisë']","['Vijojmë me pikën tjetër të rendit të ditës: projektligjin “Për ratifikimin e marrëveshjes ndërmjet Këshillit të Ministrave të Republikës së Shqipërisë dhe qeverisë së Republikës së Polonisë, për bashkëpunimin në fushën e mbrojtjes”.', 'Projektligji miratohet. Vazhdojmë me projektligjin “Për ratifikimin e marrëveshjes ndërmjet Këshillit të Ministrave të Republikës së Shqipërisë dhe qeverisë së Republikës së Maqedonisë së Veriut për krijimin e task-forcave të përbashkëta në fushën e sigurisë”.', 'Faleminderit! Lindita Nikolla - Këtu mbyllet kjo pikë e rendit të ditës. Kalojmë te projektligji “Për ratifikimin e marrëveshjes të bashkëpunimit ekonomik ndërmjet Këshillit të Ministrave të Republikës së Shqipërisë dhe qeverisë së Republikës së Azerbajxhanit”.']"
210,49,210_neni_miratuan_miratohet_abstenim,"['neni', 'miratuan', 'miratohet', 'abstenim', 'votimin', 'tërësi', 'njëjtën', 'kalojmë', 'miratohen', 'procedurë']","['Pro? Kundër? Abstenim? Miratohet. (Neni 2 deri te neni 20 u miratuan me të njëjtën procedurë votimi.) Kalojmë në votimin në tërësi.', 'Neni 1. Pro? Kundër? Abstenim? Miratohet. Neni 2. Pro? Kundër? Abstenim? Miratohet. (Nenet nga 3 deri në 24 u miratuan me të njëjtën procedurë votimi.) Kalojmë në votimin në tërësi.', 'Neni 1. Pro? Kundër? Abstenim? Miratohet. Neni 2. Pro? Kundër? Abstenim? Miratohet. (Nenet 3 deri në 19 u miratuan me të njëjtën procedurë votimi.) Kalojmë në votimin në tërësi.']"
211,49,211_celulare_telefonisë_antena_antenat,"['celulare', 'telefonisë', 'antena', 'antenat', 'celular', 'operatorë', 'antenave', 'mbulim', 'tregu', 'vodafone']","['Unë jam deputete e një qarku, i cili ka zona të tëra pa mbulim të internetit dhe pa mbulim të telefonisë celulare.', 'Pyetja e parë ka të bëjë me krijimin e oligopolit të komunikimit në Shqipëri. Ne kishim katër operatorë të telefonisë celulare dhe një operator të telefonisë fikse, pra ishin pesë operatorë, ndërsa sot kemi vetëm dy operatorë “Vodafone” dhe “One”.', 'Pyetja e pestë, por jo më pak e rëndësishme, ka të bëjë me antenat e telefonisë celulare.']"
212,48,212_biznesi_biznes_biznese_biznesit,"['biznesi', 'biznes', 'biznese', 'biznesit', 'biznesin', 'fituari', 'sakrifica', 'bizneset', 'konsumator', 'vogël']","['Ne nuk e nisëm nga marrëdhënia biznes-konsumator, por e nisëm nga marrëdhënia biznes-qeveri, pastaj biznes-biznes dhe, së fundi, biznes-konsumator.', 'Cili është i fituari i madh këtu, biznesi i disa individëve apo qytetarët, njerëzit e thjeshtë, që deri dje kanë tentuar të fitojnë përmes këtij biznesi, duke rrezikuar edhe jetën e tyre?', 'I keni rënë në këtë mënyrë çdo biznesi të vogël, çdo biznesi të madh, çdo biznesi të ndershëm, atij që, në sajë të fuqisë së mendjes dhe fuqisë së ekonomisë, sigurisht që na nderon.']"
213,48,213_minimale_lekë_paga_mijë,"['minimale', 'lekë', 'paga', 'mijë', 'tatimpagues', 'pagë', 'pagës', '000', 'mesatare', '40']","['Dje miratuam rritjen e pagës minimale. Në vitin 2013 paga minimale ishte 22 mijë lekë.', 'Paga minimale Do të kemi 7% rritje të pagës minimale deri në 34 mijë lekë për të shkuar te premtimi që paga minimale të jetë 40 mijë deri në fund të mandatit që asnjë shqiptar të mos paguhet më pak se kaq.', 'Sot ne kemi një rritje të pagës minimale. Në qoftë se flasim për vitin 2022, na kujtohet të gjithëve se paga minimale nga 30 mijë lekë në muaj, kaloi në 34 mijë lekë në muaj, ndërsa sot që flasim, që nga 1 prilli i këtij viti, paga minimale ka shkuar 40 mijë lekë në muaj.']"
214,47,214_administrata_administratë_administratës_publike,"['administrata', 'administratë', 'administratës', 'publike', 'administratën', 'zyrat', 'depolitizuar', 'çdokush', 'depolitizimin', 'misionin']","['Të gjithë e dimë cila është administrata. Profesionalizmi në administratë në gjithë këto vite ka ardhur duke u zbehur, duke rënë.', 'Në të tilla rrethana, pse duhet të kemi një administratë pothuajse dy herë më të madhe sesa administrata e vitit 2013?', 'Për sa kohë janë ende të dhimbshme përgjigjet e pyetjeve: përse nuk kemi një administratë model në shërbimet publike, përse nuk kemi një administratë tepër profesionale dhe përse kemi ende raste të abuzimit me pozicionet e punës në administratën publike, sigurisht ky është një moment për të reflektuar dhe për të kuptuar sesi mund të përmirësohet kjo administratë.']"
215,47,215_kryeministri_kryeministër_migjeniane_harron,"['kryeministri', 'kryeministër', 'migjeniane', 'harron', 'shqiptar', 'ai', 'shqiptarëve', 'pretendon', 'tij', 'flasë']","['Ndërkohë që Kryeministri, në emër të Shqipërisë, është aktor dhe faktor në diplomacinë ndërkombëtare, njëri nga akuzatorët e tij, më i çarturi, ai që foli këtu, është non grata në të dyja anët e Atlantikut dhe me gjasë nesër edhe gjetkë, tjetrit i mbyllet dera në fytyrë edhe nga partitë socialiste europiane për shkak të zgjedhjeve të gabuara ndër vite, kurse disa të tjerë janë non grata edhe brenda gardhit të Partisë së tyre Demokratike.', 'Të vazhdoj me Librazhdin, ku varfëria është ulur këmbëkryq? Është migjeniane, sepse u revoltua ministri parafolës (se kështu e përdorin, parafolës), iku, sepse pretendon që situata nuk është migjeniane, ndërkohë që foli në mënyrë migjeniane dhe atij lypësit te skica e Migjenit, që na del çdo ditë në kryqëzimet e Tiranës, thirrjes së tij, revoltës së tij “unë dua të jetoj”, a e dini si iu përgjigj ministri dhe ministrat e tjerë?!', 'Po të ishte Albin Kurti apo kushdo qoftë Kryeministër i Kosovës në atë tryezë, do të ishin 3 kryeministra shqiptarë, një kryeministër shqipfolës dhe një kryeministër, i cili një nga shtyllat e mbështetjes kishte faktorin shqiptar.']"
216,47,216_taksë_fshatarët_paguajnë_fshatari,"['taksë', 'fshatarët', 'paguajnë', 'fshatari', 'ndriçimi', 'taksa', 'fshat', 'gjelbërimi', 'gjelbërim', 'fshatarëve']","['A e dini ju, zoti Ministër, se fshatari paguan taksë varrezash? Pra, në total fshatarët paguajnë 7 taksa.', 'Kjo është e vërteta. Fshatarët paguajnë taksë për pastrimin. E dini këtë, zonja Ministre? Ata paguajnë taksë për pastrimin, por në fshat nuk bëhet asnjë pastrim.', 'Paguajnë taksë bujqësore, taksë për infrastrukturën arsimore, taksë për truallin, taksë për tabelë informuese; ka gjithë ato taksa që paguhen nga fshatarët!']"
217,46,217_sicpa_2021_shpëtimit_pullave,"['sicpa', '2021', 'shpëtimit', 'pullave', 'vitit', 'inspektimeve', 'monitorim', 'kërkim', 'veprimtaria', 'sigma']","['Po ashtu, Shqipëria nuk shënoi pothuajse asnjë progres ndaj rekomandimeve të vitit 2021. Ndaj, në vijim unë po rendis disa rekomandime, të cilat nuk u morën kurrë parasysh, ato janë: rritja e kapaciteteve për planifikimin dhe monitorimin e politikave për të siguruar që organet mbikëqyrëse qendrore dhe vartëse të administratës të jenë të mirëstrukturuara dhe të përcaktuara qartë në rolet dhe funksionet e tyre; përgatitja e strategjive të reja për menaxhimin e administratës publike dhe financimet publike në përputhje me këtë strategji sektoriale, duke rishikuar në të njëjtën kohë efektivitetin e strukturave aktuale të monitorimit.', 'dhe SICPA Albania sh.p.k., për projektimin, financimin, dizenjimin, prodhimin dhe ngritjen e një sistemi për emetimin, shpërndarjen, gjetjen dhe monitorimin e pullave fiskale e të pullave të kontrollit të barnave, është lidhur në vitin 2011.', 'e “Sicpa Security Solutions Albania” sh.p.k. për projektimin, financimin, dizenjimin, prodhimin dhe ngritjen e një sistemi për emetimin, shpërndarjen, gjetjen dhe monitorimin e pullave fiskale e të pullave të kontrollit të barnave, miratuar me ligjin nr.']"
218,46,218_maqedonia_veriut_serbia_mali,"['maqedonia', 'veriut', 'serbia', 'mali', 'zi', 'hercegovina', 'euro', 'kosova', 'bosnjë', 'bosnja']","['Kosova e ka diku te 26,8%, Shqipëria e ka 27,54%, Maqedonia e Veriut e ka 30,1% dhe më pas Serbia, Bosnjë-Hercegovina, Mali i Zi, ku të gjithë mbledhin mbi 40% të prodhimit të brendshëm bruto.', 'Vetëm Kosova është pas nesh, me 350 euro. Serbia, Maqedonia e Veriut, Bosnja dhe Hercegovina, si dhe Mali i Zi kanë një pagë mesatare të paktën 20% apo 30% më të lartë sesa Shqipëria.', 'Shqipëria e ka 10,3, Bosnjë- Hercegovina e ka 3,4, Kosova e ka 8,7, Mali i Zi 2,4, Maqedonia e Veriut 5,6.']"
219,46,219_japoneze_japonisë_muzeun_restaurimin,"['japoneze', 'japonisë', 'muzeun', 'restaurimin', 'konservimin', 'japonez', 'japonia', 'japoninë', 'ekspozues', 'historik']","['Të nderuar kolegë, Të nderuar qytetarë, Si relator i projektligjit “Për ratifikimin e marrëveshjes me shkëmbim notash ndërmjet Këshillit të Ministrave të Republikës së Shqipërisë dhe qeverisë së Japonisë, mbi bashkëpunimin ekonomik japonez për projektin për përmirësimin e pajisjeve për konservimin, restaurimin dhe mjedisin ekspozues në Muzeun Historik Kombëtar të Shqipërisë”, duke përcjellë edhe dakordësinë e të gjithë kolegëve në Komisionin për Çështjet Ligjore, Administratën Publike dhe të Drejtat e Njeriut, ju ftoj ta miratojmë këtë projektligj!', 'Mbyllet votimi për prezencën! 93 deputetë janë prezentë. Vazhdojmë me votimin e projektligjit “Për ratifikimin e marrëveshjes me shkëmbim notash ndërmjet Këshillit të Ministrave të Republikës së Shqipërisë dhe qeverisë së Japonisë për bashkëpunimin ekonomik japonez për projektin për përmirësimin e pajisjeve për konservimin, restaurimin dhe mjedisin ekspozues në Muzeun Historik Kombëtar të Shqipërisë”.', 'Faleminderit! Lindita Nikolla – Faleminderit! Këtu mbyllet interpelanca. Vijojmë me pikën tjetër të rendit të ditës: projektligj “Për ratifikimin e marrëveshjes me shkëmbim notash, ndërmjet Këshillit të Ministrave të Republikës së Shqipërisë dhe qeverisë së Japonisë, mbi bashkëpunimin ekonomik japonez për projektin për përmirësimin e pajisjeve për konservimin, restaurimin dhe mjedisin ekspozues në Muzeun Historik Kombëtar të Shqipërisë”.']"
220,46,220_europian_screening_bashkimit_bashkimin,"['europian', 'screening', 'bashkimit', 'bashkimin', 'procesin', 'procesi', 'auditimit', 'zyrën', 'be', 'europiane']","['Po ashtu, është për t’u vlerësuar veprimtaria e punës së ILDKPKI-së, me fokus: regjistrimin dhe trajtimin në zbatim të kompetencave ligjore, si mekanizëm i jashtëm raportimi për sinjalizimin dhe kërkesat për mbrojtjen nga hakmarrja; nxitjen e bashkëpunimit ndërkombëtar, ku krahas vijimit të marrëdhënieve të ngushta dhe të frytshme me delegacionin e Bashkimit Europian në Shqipëri, Këshillin e Europës në Shqipëri, zyrën e OSBE- së në Tiranë, agjencitë e Shteteve të Bashkuara të Amerikës, si USAID-i, u intensifikua komunikimi me zyrat Viti 2023 180 Legjislatura e 10-të homologe apo agjencitë antikorrupsion në rajon e më gjerë, ku vlen për t’u theksuar edhe nënshkrimi i marrëveshjes së mirëkuptimit në shtator të këtij viti, e nënshkruar me Agjencinë Kombëtare të Integritetit të Rumanisë; angazhimin e mëtejshëm për përmirësimin e kanaleve të raportimit të sinjalizimeve dhe mekanizmat e mbrojtjes për sinjalizuesit, nëpërmjet përmbushjes së angazhimeve të marra në marrëveshjen e bashkëpunimit me Iniciativën Rajonale Antikorrupsion (RAI), të financuar nga BE-ja, si dhe ndjekjes së një politike të hapur me qytetarët e shoqërisë civile dhe forcimin e bashkëpunimit me medien investigative, në veçanti duke trajtuar me përparësi, korrektësi dhe brenda afateve ligjore kërkesat e publikut për publikimin e deklaratave të interesave privatë.', 'Kjo është edhe një domosdoshmëri, që buron, së fundi, nga procesi i diagnozës apo screening, siç quhet, që Komisioni Europian ka bërë për Shqipërinë, si dhe nga të gjitha detyrat e procesit në përgjithësi të anëtarësimit të Shqipërisë në Bashkimin Europian.', 'Menjëherë më pas, nga shtatori i vitit 2022, për 14 muaj, Shqipëria nisi dhe zhvilloi intensivisht dhe me profesionalizëm të vlerësuar nga Komisioni Europian dhe vendet anëtare procesin bazë të përgatitjes së negociatave në Bashkimin Europian, shqyrtimin e imët të gjendjes së sistemeve, tregjeve dhe legjislacionit të vendit përkundrejt kritereve dhe standardeve për anëtarësim në Bashkimin Europian në 36 fusha të qeverisjes publike, ekonomisë dhe shoqërisë, një proces i njohur si screening.']"
221,46,221_ligj_ligjin_ligji_ligjet,"['ligj', 'ligjin', 'ligji', 'ligjet', 'sillni', 'doni', 'kanabisin', 'keni', 'dekriminalizimin', 'gënjyet']","['Jo, ligji, edhe aktuali, nuk ngatërron asgjë. Ligji ka problem të akomodojë ato zgjedhje që ju duhen, për të emëruar ata njerëz që ju duhen, sepse e kanë bërë gati ligjin dhe e kanë qepur kostumin sipas personave që do të emërojnë.', 'Pra, tri herë e kanë kundërshtuar edhe Shkëlqim Cani, edhe Arben Ahmetaj. Arben Ahmetaj, për hir të së vërtetës, megjithëse është numri 2 i organizatës suaj kriminale, që quhet “Rilindje”, ka kërkuar që të përllogariten më saktë, sepse nuk janë bërë përllogaritje të sakta në kërkesën për shërbimin e inceneratorit, dhe se ky proces duhej të bëhej nga shteti dhe jo nga privati.', 'Pra, ju Rregulloren e bëni paçavure sa herë të doni. Kur ju kërkojnë grupet kriminale të kaloni me urgjencë ligjin për kanabisin, nuk ka rëndësi për ju Rregullorja.']"
222,46,222_rinjtë_largohen_rinjve_rinj,"['rinjtë', 'largohen', 'rinjve', 'rinj', 'ikin', 'vendi', 'ardhmen', 'masivisht', 'shohin', 'largimit']","['2/3-at e të rinjve duan të largohen nga vendi. Ata e shohin të ardhmen jashtë vendit”.', 'Ky është modeli që keni ngritur në politikë, që sot të rinjtë largohen nga vendi për shkak se nuk e gjejnë veten këtu.', 'Uluni e mendoni për të ardhmen e këtij vendi, se njerëzit tanë po largohen. Janë larguar të rinjtë.']"
223,45,223_gjinore_grave_gruas_gratë,"['gjinore', 'grave', 'gruas', 'gratë', 'grata', 'non', 'deputete', 'kuotën', 'shqiptare', 'vajzave']","['Të nderuar kolegë, Përpara se të flas për politikën huamarrëse dhe strategjinë e veprimit për procedurat e arritjes së marrëveshjes ndërmjet Këshillit të Ministrave të Republikës së Shqipërisë dhe Agjencisë Franceze për Zhvillim për një hua të bazuar në politikat për mbështetjen e barazisë gjinore, në aksesin ndaj mundësive ekonomike në Shqipëri, më lejoni të shpreh kënaqësinë time për mbështetjen që i jep qeveria shqiptare përfaqësimit të grave në të gjitha nivelet, politike e shoqërore me nisma konkrete, më e fundit është kjo, nëpërmjet një mbështetje buxhetore, pra një hua prej 50 milionë eurosh për të mbështetur palët e interesuara shqiptare në zbatimin e veprimeve ambicioze të politikave, për të nxitur barazinë gjinore në aksesin për mundësitë ekonomike në mbështetje të gruas dhe kauzës së saj, si dhe për të përmirësuar kuadrin ligjor për akses të barabartë gjinor.', 'Ky propozim ka të bëjë me kuotën gjinore, ku unë pata mundësinë që edhe gjatë diskutimit tim të jap përmbajtjen e këtij propozimi, por një çështje që dua ta theksoj lidhet pikërisht me faktin që kuota gjinore është një standard që duhet ta ruajmë dhe ta garantojmë për të pasur minimumin e numrit të grave deputete, për të qenë deputete në Kuvendin e Shqipërisë dhe për të përfaqësuar gratë në Parlament.', 'Për çfarë e dua unë kuotën gjinore? Kuotën gjinore për gratë e dua, sepse dua që gratë të mbrohen nga antisistemi, nga burrat dhe gratë e tjera më të forta, jo nga pikëpamja elektorale, por nga pikëpamja e parasë, që me lekë dhe njohje të tjera kanë mundësi të zhbëjnë meritën e gjithkujt për të ardhur në sallën e Kuvendit të Republikës së Shqipërisë, për këtë vlen mbrojtja e grave me kuotë gjinore, për këtë vlen, dhe kjo ishte gjysma tjetër që thashë.']"
224,45,224_inflacioni_inflacion_inflacionin_ulët,"['inflacioni', 'inflacion', 'inflacionin', 'ulët', 'inflacionit', 'banka', 'shqipëri', 'instat', 'shqipëria', 'rajonit']","['Në muajin mars inflacioni në vendin tonë ishte 5,7%, ndërsa i ushqimeve ishte 9,3%. Si e gjithë bota, edhe Shqipëria është përfshirë në një valë inflacioni total, jo vetëm tek inflacioni i çmimeve dhe njëkohësisht i pijeve joalkoolike.', 'Dua t’ju kujtoj se sipas raportit të fundit të Bankës së Shqipërisë, nga një mesatare prej 4,4%, që ishte inflacioni mesatar i katër muajve të parë të vitit, 1,6% vinte nga inflacioni vendas dhe 2,8% nga inflacioni i importuar.', 'Në Shqipëri ka një ndryshim që inflacioni është më i ulët sesa inflacioni në vendet e Bashkimit Europian dhe në vendet e tjera të rajonit.']"
225,45,225_shtetësinë_shtetësisë_shqiptare_shtetësia,"['shtetësinë', 'shtetësisë', 'shqiptare', 'shtetësia', 'pasaportë', 'pasaportën', 'pasaporta', 'futbollit', 'shtetas', 'skive']","['Ligji aktual “Për shtetësinë shqiptare” e ka të përcaktuar marrjen e shtetësisë nëpërmjet origjinës. Si është zbatuar ky ligj?', 'Ky ligj vjen dy vjet pas miratimit të ligjit “Për shtetësinë shqiptare”, ndaj nuk e di çfarë e ka detyruar qeverinë që të marrë këtë iniciativë dhe të bëjë këto ndryshime radikale në ligjin “Për shtetësinë shqiptare”.', 'Në lidhje me ligjin “Për shtetësinë” do të them këtë gjë. Të nderuar kolegë, duhet të jemi shumë të kujdesshëm me shtetësinë shqiptare.']"
226,44,226_aktivisti_aplikacionin_aplikacioni_aplikacion,"['aktivisti', 'aplikacionin', 'aplikacioni', 'aplikacion', 'share', 'like', 'aplikacionit', 'platformë', 'administratës', 'pikë']","['Aplikacioni “Aktivisti”, që ju ... Më falni, që po jua them, por duhet të kesh guxim të tejskajshëm të thuash para shqiptarëve dhe para gjithë deputetëve që aplikacionin e kanë plotësuar vetëm socialistët dhe jo administrata, ndërkohë që ne kemi mijëra raste kur administrata është terrorizuar dhe kërcënuar për të plotësuar aplikacionin kriminal të “Rilindjes”, i quajtur “Aktivisti”, edhe pse si patronazhistët, ashtu edhe aplikacionin “Aktivisti” e kanë denoncuar institucionet ndërkombëtare, zonjë!', 'Aplikacioni “Aktivisti”, i Partisë Socialiste, është një aplikacion për të gjithë qytetarët që kanë dëshirë dhe që me vullnet të lirë mund të përdorin informacionin atje, por ndërkohë aplikacionet e tjera, që përdor administrata shtetërore, janë komplet një gjë tjetër dhe nuk kanë lidhje me aplikacionin “Aktivisti”.', 'Aplikacioni “Aktivisti” është një aplikacion partie, nuk është aplikacion i administratës publike. Në aplikacionin “Aktivisti” mund të hyjë çdo anëtar i Partisë Socialiste.']"
227,44,227_amendamentin_hedhim_votim_votimi,"['amendamentin', 'hedhim', 'votim', 'votimi', 'elektronikë', 'hapet', 'mbyllet', 'vota', 'abstenim', 'pro']","['Faleminderit! Lindita Nikolla – Faleminderit! E hedhim në votim amendamentin. Hapet votimi me elektronikë. Mbyllet votimi.', 'Faleminderit! Lindita Nikolla – Faleminderit! E hedhim në votim amendamentin. Hapet votimi me elektronikë. Mbyllet votimi.', 'Faleminderit! Lindita Nikolla – Faleminderit! Hedhim në votim amendamentin. Hapet votimi, me elektronikë. Mbyllet votimi.']"
228,44,228_veterinare_produkteve_mjekësore_shtazore,"['veterinare', 'produkteve', 'mjekësore', 'shtazore', 'kafshëve', 'veterinar', 'kompetent', 'produktet', 'oie', 'produkte']","['Shkurtimisht, dua të them edhe nja dy teknikalitete. Kështu, në Komisionin e Regjistrimit të Produkteve Mjekësore Veterinare shtohet një anëtar nga autoriteti kompetent i veterinarisë, si një element shtesë për garantimin e kompetencës së kontrollit, si dhe humbjen e menjëhershme të vlefshmërisë së certifikatës së tregtimit të produkteve mjekësore veterinare, me mbarimin e kësaj vlefshmërie si në një nga vendet e BE-së ashtu edhe nga EMA, si dhe detyrimi që mbajtësi i certifikatës të njoftojë menjëherë strukturën përgjegjëse për veterinarinë dhe autoritetin kompetent.', 'Së gjashti, ndryshimet ligjore kanë ndikim të drejtpërdrejtë ekonomik, sepse rrisin cilësinë dhe sigurinë e produkteve mjekësore veterinare; përmirësojnë produktivitetin e fermerëve dhe krijojnë edhe mundësi eksporti; rrisin mundësinë për investime në fushën e produkteve të prodhimeve në Shqipëri të produkteve mjekësore veterinare, ashtu siç janë futur në treg edhe produktet mjekësore humane.', 'Me ndryshimet e propozuara synohet që të ofrohet mbështetje për konsumatorët, fermerët, klinikat, farmacitë veterinare, si dhe operatorët e prodhimit dhe importuesit e produkteve mjekësore veterinare, kjo duke rritur standardet e prodhimit dhe të tregtimit të produkteve mjekësore veterinare, të prodhuara në vend, me qëllim garantimin e sigurisë dhe të efektivitetit të tyre.']"
229,44,229_votime_procedura_votash_elektronikë,"['votime', 'procedura', 'votash', 'elektronikë', 'shumicë', 'akt', 'votimit', 'thjeshtë', 'kërkon', 'hapur']","['Ky akt kërkon shumicë të thjeshtë votash. Procedura e votimit: dy votime me elektronikë. Votimi është i hapur.', 'Ky akt kërkon shumicë të thjeshtë votash. Procedura e votimit: dy votime me elektronikë. Votimi është i hapur.', 'Ky akt kërkon shumicë të thjeshtë votash. Procedura e votimit: dy votime me elektronikë. Votimi është i hapur.']"
230,44,230_belinda_balluku_kushi_ministren,"['belinda', 'balluku', 'kushi', 'ministren', 'evis', 'infrastrukturës', 'zonjën', 'interpelancë', 'nderuar', 'nasip']","['Interpelancë me Ministren e Infrastrukturës dhe Energjisë zonjën Belinda Balluku, kërkuar nga deputeti Xhelal Mziu (neni 80 i Kushtetutës dhe neni 96 i Rregullores së Kuvendit) 5.', 'Interpelancë me Ministren e Infrastrukturës dhe Energjisë, zonjën Belinda Balluku, kërkuar nga deputeti Nasip Naço (neni 80 i Kushtetutës dhe neni 96 i Rregullores së Kuvendit) 6.', '(Pas pushimit) Lindita Nikolla – Interpelancë me ministren e Infrastrukturës dhe Energjisë, zonjën Belinda Balluku, kërkuar nga deputeti Nasip Naço.']"
231,43,231_autorit_autorëve_drejtat_agjencitë,"['autorit', 'autorëve', 'drejtat', 'agjencitë', 'agjencive', 'lidhura', 'krijimtarisë', 'drejtave', 'drejtën', 'kolektiv']","['Ky është një koncept absurd, sepse krijimtaria ka vazhduar dhe është riprodhuar kudo dhe agjencitë nuk kishin pse të mos e mblidhnin të drejtën e autorit (këtu po flasim për të drejtën e autorit dhe jo për të drejtën e agjencive).', 'Projektligji “Për disa shtesa dhe ndryshime në ligjin nr. 35/2016 “Për të drejtat e autorit dhe të drejtat e lidhura me to” përmban plotësime të mira për të sanksionuar me ligj edhe te ne të drejtën e autorit, respektimin e një të drejte themelore të njeriut.', 'Kalojmë te projektligji “Për disa shtesa dhe ndryshime në ligjin nr. 35/ 2016 “Për të drejtat e autorit dhe të drejtat e tjera të lidhura me to”.']"
232,43,232_vendor_pushtetit_reforma_shqipëria,"['vendor', 'pushtetit', 'reforma', 'shqipëria', 'vendore', 'qarqe', 'shqipëri', 'bashki', 'territoriale', 'nivele']","['Sfidat e përmirësimit të qeverisjes vendore në Shqipëri dhe nxitjes së zhvillimit të harmonizuar ekonomik në të gjitha qarqet e vendit, e infrastrukturës vendore dhe shërbimeve më të mira dhe më të përgjegjshme ndaj qytetarit, e reduktimit të burokracisë dhe e thjeshtimit të procedurave lokale e administrative, vendosin sot në plan të parë përgatitjen dhe miratimin e një ligji të ri për prefektin e qarkut, i cili do ta ndihmojë këtë institucion të përshtatet dhe të gjejë rolin dhe misionin e tij në rrugën integruese të vendit drejt Bashkimit Europian, që prefekti të jetë vërtet përfaqësues i qeverisë në qarqe dhe territore.', 'Sikurse e thekson edhe zoti Ylli Asllani, ish- kryetari i Bashkisë së Gjirokastrës dhe një nga ekspertët më të mirë të pushtetit vendor në këta 30 vjet në vend, ky proces ka në bazën e vet devijimin nga modeli demokratik i një pakete ligjesh, sikurse janë ligjet: “Për vetëqeverisjen vendore”; “Për ndarjen territoriale të njësive të vetëqeverisjes vendore në Republikën e Shqipërisë”; “Për bashkëqeverisjen”; “Për zhvillimin rajonal dhe kohezionin”; “Për planifikimin dhe zhvillimin e territorit”; “Për turizmin”; “Për investimet strategjike”; “Për zonat e mbrojtura”; “Për realizimin e procedurës së ndërtimit të Teatrit Kombëtar”; “Për koncesionet dhe partneritetin publik- privat” e të tjera.', 'Bazuar në analizën tonë të detajuar më sipër, arrijmë në përfundimin, se: modeli i pushtetit vendor në Shqipëri duhet të jetë me dy nivele: nivelin e parë që përfaqësohet nga bashkitë dhe nivelin e dytë që përfaqësohet nga qarqet apo rajonet; Shqipëria me 2,8 milion banorë, sipas censusit të vitit 2011 dhe 4,5 milionë banorë sipas Regjistrit të Gjendjes Civile dhe me një sipërfaqe 28 mijë kilometra katrorë, ka nevojë për një ndarje territoriale administrative të nivelit të parë, me 94 bashki; niveli i dytë i pushtetit vendor mund të organizohet me 6 qarqe apo rajone.']"
233,43,233_vota_rezultati_pro_abstenim,"['vota', 'rezultati', 'pro', 'abstenim', 'dekretit', 'kundër', 'presidentit', 'votë', 'votimit', 'miratohet']","['Hapet votimi. Mbyllet votimi. Janë 99 vota pro, 3 kundër dhe 1 abstenim. Miratohet. Projektvendimi për miratimin e dekretit të Presidentit të Republikës së Shqipërisë nr.', 'Hapet votimi. Mbyllet votimi. Janë 73 vota pro, 35 kundër dhe asnjë abstenim. Miratohet. Projektvendimi për miratimin e dekretit të Presidentit të Republikës së Shqipërisë nr.', 'Hapet votimi. Mbyllet votimi. Janë 110 vota pro, asnjë kundër dhe asnjë abstenim. Miratohet. Projektvendimi për miratimin e dekretit të Presidentit të Republikës së Shqipërisë nr.']"
234,43,234_ndërkombëtarë_ndërkombëtare_partnerët_vlefshme,"['ndërkombëtarë', 'ndërkombëtare', 'partnerët', 'vlefshme', 'vendeve', 'bashkëpunimin', 'praktikat', 'bashkëpunimit', 'vende', 'eksperiencat']","['Së treti, sa u përket marrëdhënieve ndërkombëtare dhe ndërinstitucionale, Komisioni në vitin që lamë pas ka vijuar përpjekjet transformuese për të ngritur në një nivel të ri marrëdhëniet me partnerët ndërkombëtarë dhe organet simotra, me synimin e vetëm shkëmbimin e eksperiencave, ngritjen e kapaciteteve dhe bashkëpunimin ndërkufitar, për një prokurim të hapur dhe të qëndrueshëm.', 'Ndërsa, për sa i përket perspektivës ndërkombëtare, ky hap shihet si një hap pozitiv nga partnerët tanë ndërkombëtarë dhe dërgon një sinjal shumë të fuqishëm për agjencitë ndërkombëtare të vlerësimit, si dhe për investitorët e huaj.', 'Më mirë ndoshta që po e sjellim, edhe pse me vonesë, por po marrim eksperiencat e shtuara të vendeve partnere, po marrim prej tyre dhe po mësojmë të mirat dhe të këqijat e të gjithë pjesës së menaxhimit të fondacioneve dhe po çojmë përpara një sfidë të madhe, sepse ende më tepër besojmë në faktin që të kemi pranë nesh një tjetër partner, një tjetër organizatë ndërkombëtare, që të na japë rekomandime, dhe rekomandimet e tyre për Viti 2022 194 Legjislatura e 10-të ne patjetër që janë të vlefshme, ashtu siç kanë qenë të vlefshme në Gjirokastër, siç janë të vlefshme në Berat, siç janë të vlefshme në çdo site që menaxhohet nga UNESCO-ja.']"
235,43,235_jetik_minimumin_minimumit_minimumi,"['jetik', 'minimumin', 'minimumit', 'minimumi', '200', 'përcaktuar', 'përcaktimi', 'përcaktimin', 'avokati', 'popullit']","['Pra, nuk e dini ju që duhet minimumi jetik?! Nëse ju besoni se shifra jonë është e pajustifikuar, cila është shifra juaj për minimumin jetik dhe pse nuk e keni përfshirë këtë në buxhet?', 'Përcaktimi i minimumit jetik dhe miratimi i tij është një pritshmëri e qytetarëve. Më duhet të them se në vitin 2014, për herë të parë, Avokati i Popullit hartoi një raport për minimumin jetik.', 'Si mund të flisni ju dhe të miratoni buxhet për qytetarët, kur nuk keni futur projektligjin për minimumin jetik, kur ju nuk vini më parë për minimumin jetik?']"
236,42,236_ton_tiranës_euro_29,"['ton', 'tiranës', 'euro', '29', 'inceneratori', 'bar', 'inceneratorin', 'milionë', 'plastmasë', 'paguajmë']","['Duke i krahasuar këto dy çështje dhe duke shtuar njëkohësisht edhe faktin se në raportin e Kontrollit të Latë të Shtetit për inceneratorin e Tiranës pohohet që kostoja për ton mbetje nuk është ajo e shprehura në kontratë, 29 euro për ton, sepse KLSH-ja ka konstatuar që kostoja e përllogaritjeve është 40,61 euro për ton, KLSH-ja shprehet: “Kjo ngarkon me përgjegjësi jo vetëm shoqërinë, supervizorin, por edhe autoritetin kontraktues dhe Bashkinë e Tiranës, e cila vazhdon rregullisht pagesat deri më sot”.', 'Inceneratori i Tiranës është më interesanti, sepse është thjesht një fushë me bar. Ndërkohë që në dy inceneratorët e tjerë, për të cilët sot ka të arrestuar, kemi të paktën një godinë për t’u hedhur hi syve shqiptarëve, në inceneratorin e Tiranës kemi një fushë me bar, që e paguajmë, të paktën, 70 mijë euro në ditë, kemi një fushë me bar që e paguajmë 29 euro për ton mbetje për incenerim imagjinar.', 'Ishin raportet e KLSH-së që thoshin se kostoja e inceneratorit të Tiranës, që nuk ekziston, nuk është 29 euro për ton, por është 41 euro për ton.']"
237,42,237_shqipërisë_parlamentin_kuvendi_shqetësimet,"['shqipërisë', 'parlamentin', 'kuvendi', 'shqetësimet', 'çështje', 'partitë', 'shqetësime', 'parlamenti', 'kuvendin', 'forum']","['Kuvendi i Shqipërisë është i gatshëm të veprojë konform Rregullores, prandaj u kërkon të gjithë deputetëve të opozitës, të cilët janë formalisht pjesë e Grupit Parlamentar të PD-së (më duhet ta theksoj “formalisht”, sepse asnjë Kuvend dhe asnjë Parlament nuk ndjek secilin deputet se çfarë mendon dhe çfarë bën, por ndjek atë që ka deklaruar, dhe ju kujtoj se në fillim të kësaj legjislature keni deklaruar se cilit grup të cilës parti i përkisni...', 'Këto kanë qenë të qarta për të gjitha partitë politike që përfaqësohen në Kuvendin e Shqipërisë dhe, po ashtu, ka qenë e qartë që për Kuvendin e Shqipërisë është shumë e domosdoshme që grupet të krijohen dhe të funksionojnë normalisht, sepse çdo komunikim i rëndësishëm i Kryetares së Kuvendit ndodh me grupet parlamentare dhe me drejtuesit e grupeve parlamentare.', 'Duke i qëndruar frymës që tha zonja ministre 15 Legjislatura e 10-të Viti 2023 për Parlamentin, që nuk na ka hije, të paktën, për këtë çështje, asgjë tjetër përveçse një qëndrimi të përbashkët, duke i shfrytëzuar edhe ata që janë nga kjo anë, pavarësisht qëndrimeve ndaj parimeve, të cilat duhet ta karakterizojnë opozitën, kjo seancë duhej bërë sa më parë, pra duke hedhur poshtë dakordësinë e Konferencës së Kryetarëve, dje apo pardje apo kur e keni bërë, pa miratimin e Partisë Demokratike të Shqipërisë, duke pasur parasysh se kjo është një çështje urgjente, për të cilën është shprehur gjysma e botës, si: Parlamenti Europian, ligjvënës të Shteteve të Bashkuara të Amerikës, institucione të sigurisë e të tjerë.']"
238,42,238_neneve_121_77_absolute,"['neneve', '121', '77', 'absolute', '83', '73', 'pika', 'republikës', '55', 'ratifikimin']","['5. Projektligji “Për ratifikimin e marrëveshjes ndërmjet Republikës së Shqipërisë dhe Republikës së Italisë në fushën e sigurimeve shoqërore” (në mbështetje të neneve 78, 83, pika 1, dhe nenit 121, pika 1 të Kushtetutës, dhe neneve 55 dhe 73-77 të Rregullores, shumicë absolute votash për miratim).', 'Projektligji “ Për ratifikimin e marrëveshjes kuadër ushtarake ndërmjet Këshillit të Ministrave të Republikës së Shqipërisë dhe Qeverisë së Republikës së Turqisë” (në mbështetje të neneve 78, 83, pika 1, e 121, të Kushtetutës, dhe neneve 55 dhe 73-77 të Rregullores; shumicë absolute votash për miratim).', 'Diskutime (Shprehen grupet parlamentare.) Koha e votimit 9. Projektligji “Për ratifikimin e marrëveshjes për bashkëpunimin ekonomik ndërmjet Këshillit të Ministrave të Republikës së Shqipërisë dhe qeverisë së Republikës së Azerbajxhanit” (në mbështetje të neneve 78, 83, pika 1, dhe nenit 121, pika 1, të Kushtetutës, dhe neneve 55 dhe 73-77 të Rregullores, shumicë absolute votash për miratim) Pyetje Shprehet nismëtari.']"
239,42,239_organikës_pagave_strukturës_klasifikimit,"['organikës', 'pagave', 'strukturës', 'klasifikimit', 'pavarura', 'nr', 'miratimin', 'ndryshuar', '9584', 'trajtimeve']","['Projektvendimi “Për disa shtesa dhe ndryshime në vendimin nr. 92/2017 “Për miratimin e strukturës organizative, organikës dhe klasifikimit të pagave të personelit të Kolegjit të Posaçëm të Apelimit”, i ndryshuar (neni 78 i Kushtetutës, neni 50 i Rregullores së Kuvendit si dhe neni 18 i ligjit nr.', 'Projektvendimi “Për disa shtesa dhe ndryshime në vendimin e Kuvendit nr. 95/2016, “Për miratimin e strukturës, organikës dhe klasifikimin e pagave të Autoritetit për të Drejtën e Informimit mbi Dokumentet e ish-Sigurimit të Shtetit”, i ndryshuar” (neni 78 i Kushtetutës, ligji nr.', 'Projektvendimi “Për disa shtesa dhe ndryshime në vendimin e Kuvendit nr. 95/2016, “Për miratimin e strukturës, organikës dhe klasifikimin e pagave të Autoritetit për të Drejtën e Informimit mbi Dokumentet e ish-Sigurimit të Shtetit”, i ndryshuar” (neni 78 i Kushtetutës, ligji nr.']"
240,42,240_milionë_euro_grant_kfw,"['milionë', 'euro', 'grant', 'kfw', 'vlerën', 'eurosh', 'grantit', 'zhvillim', 'banka', 'gjermane']","['Projekti kushton 110 milionë euro, ku 50 milionë euro merren hua për herë të parë nga qeveria gjermane, pjesa tjetër është grant dhe 29 milionë euro jepen nga qeveria dhe nga Bashkia e Tiranës.', 'Kostoja totale e projektit vlerësohet të jetë 110,37 milionë euro. Kostoja e investimit do të mbulohet nga një kredi koncesionare në vlerën 50 milionë euro të qeverisë gjermane nëpërmjet Bankës Gjermane për Zhvillim (KfW-s), nga një grant i Bashkimit Europian në vlerën 31,2 milionë euro, si dhe nga Bashkia e Tiranës nëpërmjet kontributit lokal në vlerën 29,17 milionë euro.', 'Ky projekt financohet nga Banka Gjermane për Zhvillim, KfW nëpërmjet marrëveshjes së huas në vlerën 21 milionë euro, ku 20 milionë euro do të jenë kredi dhe 1 milion euro do të jenë grant për projektin “Zhvillimi i Integruar Rajonal”.']"
241,41,241_strategjike_strategjik_investimeve_investitorit,"['strategjike', 'strategjik', 'investimeve', 'investitorit', 'investitor', 'ligji', 'investitorë', 'investitorët', 'private', 'kayo']","['Departamenti Amerikan i Shtetit, të cilin ju keni dëshirë ta citoni, në një raport të fundit për klimën e investimeve në Shqipëri, ka thënë: “Ligji i investimeve strategjike korrupton logjikën investuese dhe nuk është aspak miqësor me investitorët e huaj”.', 'Ligji i investimeve strategjike është diskutuar për herë të parë në këtë parlament në vitin 2015.', 'Tani, për qartësimin tuaj dhe më shumë të opinionit publik, zonja Xhaçka nuk është anëtare e Komitetit të Investimeve Strategjike, organit të vetëm vendimmarrës për dhënien e statusit të investitorit strategjik, dhe rrjedhimisht nuk mund të jetë pjesë e vendimmarrjes së këtij organi, që përjashton qartazi përfshirjen e saj në gjendjen e konfliktit të interesit të dukshëm apo në dukje, domethënë, siç iu duket juve, apo të mundshëm, pasi kjo zyrtare e lartë dhe as institucioni që ajo drejton nuk përfaqësojnë në asnjë mënyrë, qoftë edhe drejtpërsëdrejti apo tërthorazi, vendimmarrjet e Komitetit të Investimeve Strategjike.']"
242,41,242_euro_serbia_288_milionë,"['euro', 'serbia', '288', 'milionë', 'bujqësinë', 'jep', 'kosova', 'hektar', 'maqedonia', 'ipard']","['Maqedonia e Veriut jep 196 euro për hektar, ndërkohë që Shqipëria jep vetëm 45 euro; Kosova jep 69 euro për hektar në mënyrë të drejtpërdrejtë.', 'Vlera e subvencionit për sipërfaqe: Kosova jep 474 euro për hektar, Mali i Zi jep 250 euro për hektar, Maqedonia e Veriut jep 200 euro për hektar, Serbia jep 68 euro për hektar, kurse Shqipëria jep plot zero.', 'Subvencionimi duhet të jetë mbi prodhimin, jo mbi tokën bujqësore, jo mbi sipërfaqen. Kosova, me një buxhet 3,3 miliardë euro, e Viti 2024 80 Legjislatura e 10-të subvencionon bujqësinë me 90 milionë euro, Maqedonia, me një buxhet 5,5 miliardë euro, e subvencionon me 170 milionë euro të buxhetit, plus 100 milionë euro të IPARD-it, kurse ne, me 7 miliardë euro buxhet, 70 milionë euro ishin në skemë për të subvencionuar drejtpërdrejt fermerin dhe nuk kemi asnjë lekë nga IPARD-i.']"
243,41,243_shqiptaro_fondacioni_amerikan_tika,"['shqiptaro', 'fondacioni', 'amerikan', 'tika', 'projekte', 'fondacion', 'kulturës', 'themeluar', 'projektet', 'fondacionit']","['Ky është ndryshimi. E dyta, partneri ynë është Fondacioni Shqiptaro- Amerikan. Nëse ju keni probleme me Fondacionin Shqiptaro-Amerikan, ky është problemi juaj, nuk është problemi ynë.', 'Fondacioni Shqiptaro-Amerikan është themeluar në vitin 2009, pra ka ndryshuar trajtë ajo iniciativë. E dyta, ju akuzoni këtu një fondacion, i cili është fondacion jofitimprurës, i financuar nga qeveria e Shteteve të Bashkuara të Amerikës, dhe ju këtu bëni akuza, a thua se Fondacioni Shqiptaro-Amerikan është Ministria juaj e Kulturës, e cila kalanë e Lezhës e bëri me disko dhe e ktheu në një hapësirë ku shkohej për të bëre shiringa droge.', 'Fondacioni Shqiptaro-Amerikan nuk jep kredi. Fondacioni Shqiptaro- Amerikan nuk kërkon nga shteti shqiptar asgjë tjetër përveç partneritetit.']"
244,41,244_shprehet_komisioni_nismëtari_dhënie,"['shprehet', 'komisioni', 'nismëtari', 'dhënie', 'mendimi', 'tregtinë', 'veprimtaritë', 'përgjegjës', 'prodhuese', 'çështjet']","['Pyetje Shprehet nismëtari. Shprehet Komisioni përgjegjës për Veprimtaritë Prodhuese, Tregtinë dhe Mjedisin. Shprehet për dhënie mendimi Komisioni për Çështjet Ligjore, Administratën Publike dhe të Drejtat e Njeriut.', 'Pyetje Shprehet nismëtari. Shprehet Komisioni përgjegjës për Veprimtaritë Prodhuese, Tregtinë dhe Mjedisin. Shprehet për dhënie mendimi Komisioni për Çështjet Ligjore, Administratën Publike dhe të Drejtat e Njeriut.', 'Pyetje Shprehet nismëtari. Shprehet Komisioni përgjegjës për Veprimtaritë Prodhuese, Tregtinë dhe Mjedisin. Shprehet për dhënie mendimi Komisioni për Çështjet Ligjore, Administratën Publike dhe të Drejtat e Njeriut.']"
245,41,245_lindje_lindjeve_çeqe_lindur,"['lindje', 'lindjeve', 'çeqe', 'lindur', 'fëmijë', '761', 'numri', 'foshnjore', '000', 'bebe']","['Për vitin 2022 janë mbështetur 42 741 fëmijë të porsalindur dhe janë shpërndarë 24 504 çeqe për fëmijët e lindur brenda vendit dhe 18 257 çeqe për fëmijët e lindur jashtë vendit.', 'Vetëm në vitin 2022 janë trajtuar 42 mijë e 761 fëmijë të porsalindur, nga të cilët kanë marrë çeqe 18 mijë e 257 fëmijë të lindur jashtë vendit.', 'Për vitin 2022 janë mbështetur 42 mijë e 761 fëmijë të porsalindur, janë shpërndarë 24 mijë e 504 çeqe për fëmijët e lindur brenda vendit dhe 18 mijë e 257 çeqe për fëmijët e lindur jashtë vendit.']"
246,41,246_nenin_interpelanca_80_96,"['nenin', 'interpelanca', '80', '96', 'kushtetutës', 'bazuar', 'kërkohet', 'shpjegimeve', 'rregullores', 'objekt']","['Interpelanca kërkohet bazuar në nenin 80, pika 1 e Kushtetutës dhe në nenin 96 të Rregullores së Kuvendit.', 'Interpelanca kërkohet bazuar në nenin 80, pika 1, të Kushtetutës, dhe në nenin 96 të Rregullores së Kuvendit.', 'Interpelanca kërkohet bazuar në nenin 80, pika 1, të Kushtetutës dhe në nenin 96 të Rregullores së Kuvendit.']"
247,41,247_elektronikë_votime_votimi_hapet,"['elektronikë', 'votime', 'votimi', 'hapet', 'parim', 'procedura', 'votimit', 'hapur', 'dy', 'mbyllet']","['Procedura e votimit: dy votime me elektronikë. Votimi është i hapur. Hapet votimi në parim me elektronikë.', 'Procedura e votimit: dy votime me elektronikë. Votimi është i hapur. Hapet votimi në parim me elektronikë.', 'Votimi është i hapur. Procedura e votimit: dy votime me elektronikë. Hapet votimi në parim me elektronikë.']"
248,41,248_demokraci_demokracia_demokracisë_demokratik,"['demokraci', 'demokracia', 'demokracisë', 'demokratik', 'demokracinë', 'vend', 'mazhoranca', 'demokratike', 'pakicave', 'quhet']","['Demokracia në rrugë, jo ajo e molotovëve, se ajo është pseudodemokraci, pra demokracia e lëvizjes së qytetarëve me këmbë, me biçikletë, me transport publik, me automjete, por edhe e atyre që ëndërronin me tram, besoj se është një gjë jashtëzakonisht e rëndësishme, është një realitet, për të cilin ne duhet të japim llogari dhe duhet të angazhohemi.', 'Në demokraci mazhoranca nuk mund t’i marrë të gjitha. Në qoftë se mazhoranca i merr të gjitha, atëherë nuk kemi të bëjmë më me demokraci.', 'Nuk mund të quhet demokraci një vend ku mazhoranca fiton 90% të bashkive, nuk mund të quhet demokraci një vend ku qeveria e korruptuar, pavarësisht skandaleve, konsolidon pushtetin politik vit pas viti; nuk mund të quhet demokraci një vend ku pothuajse të gjithë ministrat e qeverisë shkojnë në SPAK për të dhënë llogari dhe merren në pyetje, ku një pjesë e ministrave janë në burg; ku zëvendëskryeministri është në arrati; ku të gjithë tenderat dhe koncesionet janë nën hetim nga SPAK-u dhe përsëri qytetarët mendojnë se rotacioni është pothuajse i pamundur.']"
249,41,249_dhënie_mendimi_shprehet_komisioni,"['dhënie', 'mendimi', 'shprehet', 'komisioni', 'tregtinë', 'veprimtaritë', 'prodhuese', 'mjedisin', 'jashtme', 'politikën']","['Shprehet për dhënie mendimi Komisioni për Veprimtaritë Prodhuese, Tregtinë dhe Mjedisin. Shprehet për dhënie mendimi Komisioni për Politikën e Jashtme.', 'Shprehet për dhënie mendimi Komisioni për Politikën e Jashtme. Shprehet për dhënie mendimi Komisioni për Veprimtaritë Prodhuese, Tregtinë dhe Mjedisin.', 'Shprehet për dhënie mendimi Komisioni për Politikën e Jashtme. Shprehet për dhënie mendimi Komisioni për Veprimtaritë Prodhuese, Tregtinë dhe Mjedisin.']"
250,41,250_tërësi_elektronikë_votimin_miratohet,"['tërësi', 'elektronikë', 'votimin', 'miratohet', 'abstenim', 'kalojmë', 'hapet', 'votimi', 'kundër', 'pro']","['Pro? Kundër? Abstenim? Miratohet. Kalojmë në votimin në tërësi. Hapet votimi në tërësi me elektronikë.', 'Pro? Kundër? Abstenim? Miratohet. Kalojmë në votimin në tërësi. Hapet votimi në tërësi me elektronikë.', 'Miratohet. Neni 9. Pro? Kundër? Abstenim? Miratohet. Kalojmë në votimin në tërësi. Hapet votimi në tërësi me elektronikë.']"
251,41,251_abstenim_neni_pro_miratohet,"['abstenim', 'neni', 'pro', 'miratohet', 'kundër', 'rinumërimit', '11', 'she', '14', '13']","['Pro? Kundër? Abstenim? Miratohet. Neni 7. Pro? Kundër? Abstenim? Miratohet. Neni 8. Pro? Kundër? Abstenim?', 'Pro? Kundër? Abstenim? Miratohet. Neni 7. Pro? Kundër? Abstenim? Miratohet. Neni 8. Pro? Kundër? Abstenim?', 'Pro? Kundër? Abstenim? Miratohet. Neni 8. Pro? Kundër? Abstenim? Miratohet. Neni 9. Pro? Kundër? Abstenim?']"
252,41,252_hetimore_komisione_jashtëm_komisioni,"['hetimore', 'komisione', 'jashtëm', 'komisioni', 'komisionin', 'komisioneve', 'hetojmë', 'kongresin', 'hetimor', 'cenuese']","['Unë e di shumë mirë që, si rezultat i asaj pune që është bërë në atë komision, mazhoranca nuk ka më dëshirë të ngrejë komisione hetimore, por të drejtën që ka për ngritjen e këtyre komisioneve ju nuk ia hiqni dot opozitës, sepse kjo hapësirë i është dhënë në Kushtetutë dhe në Rregulloren e Kuvendit.', 'Në mënyrë të njëanshme ndryshoni ligjin e komisioneve hetimore. Prej një viti kam depozituar unë një ligj për komisionet hetimore dhe pastaj shqetësoheni se pse opozita nuk zbaton atë vendim që lidhet me njëanshmërinë e ligjit që ju keni miratuar?!', 'Të mos kalojmë te komisionet hetimore: sa herë i keni refuzuar ato? Dhe aq më keq, shkuat deri aty sa të amendonit edhe ligjin për funksionimin e komisioneve hetimore, me qëllim që t’ju marrim leje ju dhe perandorit tuaj se kur do të hetojmë, kur do të na jepni leje për çështje që duam të hetojmë dhe të na përcaktoni edhe mënyrat se si do të hetojmë, brenda parashikimeve të komisioneve hetimore.']"
253,40,253_gjelbër_java_javës_lamë,"['gjelbër', 'java', 'javës', 'lamë', 'zgjedhësit', 'javë', 'zgjedhësve', 'buxheli', 'nderuar', 'seancë']","['Shumë faleminderit! Ermonela Felaj – Faleminderit, zonja Zhupa! Vazhdojmë me zonjën Buxheli. Lindita Buxheli - E nderuar drejtuese e seancës, Të nderuar deputetë, Java që lamë pas, “Java e gjelbër”, është një agjendë shumë e rëndësishme e Parlamentit, sepse besoj se nuk ka gjë më të rëndësishme në këtë foltore sesa të diskutojmë për hallet dhe problemet e qytetarëve, me të cilat ndeshemi çdo ditë.', 'Kaluan 3 javë dhe “Java e gjelbër”, kaluan 3 javë të tjera dhe sërish “Java e gjelbër”, pra prej 8 javësh ne nuk diskutojmë në këtë parlament për çështjet e zgjedhësve.', 'Zonja Zhupa, keni fjalën. Ina Zhupa – Faleminderit! Siç e dini, ne vijmë pas një “Jave të gjelbër”, java e takimeve me qytetarët për çështjet e zgjedhësve dhe, sipas Rregullores së Kuvendit, pikës 40/1, Kuvendi është i detyruar që, pas zhvillimit të “Javës së gjelbër”, të ketë një seancë të dedikuar për çështjet e zgjedhësve.']"
254,40,254_rezistencës_paketa_sociale_paketë,"['rezistencës', 'paketa', 'sociale', 'paketë', 'paketën', 'krizës', 'rezistencën', 'paketës', 'rezistencat', 'çmimeve']","['Kjo është Paketa juaj e Rezistencës. Më gjeni një rast ku të keni dhënë një lek më shumë.', 'Të kthehemi tek ato që po bëjmë ne sot dhe çfarë është paketa e rezistencës.', 'Kjo është paketa e rezistencës sociale, 28 miliardë në këtë Paketë të Rezistencës Sociale shkojnë për faturat e energjisë elektrike.']"
255,40,255_projektligj_opozitës_votojë_opozita,"['projektligj', 'opozitës', 'votojë', 'opozita', 'ftoj', 'huaje', 'kolegët', 'votojnë', 'shpresoj', 'jam']","['Por, më duhet të theksoj se jam tërësisht dakord me të gjitha diskutimet e kolegëve të mi të opozitës dhe i ftoj që ta miratojmë këtë projektligj bashkë me plotësimet që ka bërë opozita.', 'Unë i ftoj të gjithë kolegët deputetë, të mazhorancës dhe të opozitës, ta votojnë këtë projektligj.', 'Me bindjen e plotë që ky projektligj nuk duhet të konsiderohet si një projektligj thjesht i ardhur nga pozita, por një projektligj që i shërben sigurisë kombëtare dhe për çështje të sigurisë kombëtare duhet të bëhemi bashkë, shpresoj që edhe opozita do ta votojë këtë projektligj.']"
256,40,256_lajm_lajme_mirë_prisnin,"['lajm', 'lajme', 'mirë', 'prisnin', 'pamjaftueshëm', 'qarkut', 'ky', 'beratit', 'lajmeve', 'rishikimi']","['Është një lajm i mirë për rreth 4 mijë qytetarë të Poliçanit, të cilët kishin kohë që prisnin një lajm nga Ministria e Mbrojtjes, prisnin lajm nga qeveria, prisnin lajm nga deputetët e qarkut të Beratit, dhe, sigurisht, edhe nga unë, si deputet i zgjedhur prej tyre.', 'Kam një lajm të mirë, i cili do të kthehet në një lajm të plotë pasi të miratohet edhe në Parlament.', 'A është një lajm i mirë apo i keq? Natyrisht që është një lajm i mirë.']"
257,40,257_nenit_votojmë_76_votimin,"['nenit', 'votojmë', '76', 'votimin', 'miratohet', 'fillojmë', 'amendamentin', 'abstenim', 'amendamentit', 'rinumërimit']","['Neni 1. Pro? Kundër? Abstenim? Miratohet. Përpara se të fillojmë me nenin 2, në bazë të nenit 76 të Rregullores, do të votojmë amendamentin e zotit Tritan Shehu, për një ndryshim në pikën 15/1 të nenit 2 të projektligjit.', 'Neni 1. Kush është pro? Kundër? Abstenim? Miratohet. Përpara se të fillojmë me votimin e nenit 2, në bazë të nenit 76 të Rregullores, do të votojmë dy amendamente të paraqitura nga deputeti zoti Sali Berisha.', 'Pro? Kundër? Abstenim? Miratohet. Neni 2. Pro? Kundër? Abstenim? Miratohet. Përpara se të fillojmë me votimin e nenit 3, në bazë të nenit 76 të Rregullores, do të votojmë amendamentet e zotit Tritan Shehu për disa ndryshime në pikat 3 dhe 4 të nenit 3.']"
258,39,258_minuta_grupi_parlamentar_integrim,"['minuta', 'grupi', 'parlamentar', 'integrim', 'aleanca', 'minutazhi', 'partisë', 'grupeve', 'socialdemokrate', 'partia']","['Diskutime – jo më shumë se 4 orë. Për sa më sipër, minutazhi për diskutimet është si vijon: Grupi Parlamentar i Partisë Socialiste, 129 minuta Grupi Parlamentar i Partisë Demokratike, 61 minuta Grupi Parlamentar “Aleanca për Ndryshim”, 12 minuta Grupi Parlamentar “Drejtësi dhe Integrim”, 12 minuta Partia e Lirisë, 10 minuta Partia Socialdemokrate, 10 minuta Deputetët jashtë grupeve parlamentare, 10 minuta Agron Shehaj Kasëm Mahmutaj Lindita Nikolla – Mirëdita!', 'Për sa më sipër, minutazhi për diskutimet është si vijon: Grupi Parlamentar i Partisë Socialiste, 128 minuta Grupi Parlamentar i Partisë Demokratike, 74 minuta Grupi Parlamentar “Aleanca për Ndryshim”, 12 minuta Grupi Parlamentar “Drejtësi dhe Integrim”, 12 minuta Partia e Lirisë, 2 minuta Partia Socialdemokrate, 2 minuta Deputetët jashtë grupeve parlamentare, 4 minuta Agron Shehaj Kasëm Mahmutaj Lindita Nikolla – Mirëdita!', 'Për sa më sipër, minutazhi për diskutimet është si vijon: Grupi Parlamentar i Partisë Socialiste, 128 minuta Grupi Parlamentar i Partisë Demokratike, 74 minuta Grupi Parlamentar “Aleanca për Ndryshim”, 12 minuta Grupi Parlamentar “Drejtësi dhe Integrim”, 12 minuta Partia e Lirisë, 2 minuta Partia Socialdemokrate, 2 minuta Deputetët jashtë grupeve parlamentare, 4 minuta Agron Shehaj Kasëm Mahmutaj 4.']"
259,39,259_dhënave_personale_dhënat_përpunohen,"['dhënave', 'personale', 'dhënat', 'përpunohen', 'subjektit', 'qe', 'kontrolluesit', 'te', 'subjektin', 'përpunimit']","['Për shembull, e drejta për të përfituar nga asistenca e një autoriteti mbikëqyrës të mbrojtjes së të dhënave personale, pavarësisht kombësisë ose vendbanimit; garantimi i transparencës dhe së drejtës që ka subjekti i të dhënave në lidhje me të, gjatë procesit të përpunimit të të dhënave personale; e drejta për të mos qenë subjekt i një vendimi që sjell pasoja për subjektin e të dhënave, vendim i cili merret bazuar vetëm në përpunimin automatik të të dhënave, pa marrë parasysh pëlqimin, mendimin e tij apo të saj.', 'Së dyti, sjell zgjerimin e gamës se detyrimeve te kontrolluesit/përpunuesit ne raport me subjektin qe i përpunohen te dhënat si, per shembull, zgjerimin e kategorisë se informacioneve qe duhet t’i jepen subjektit kur te dhënat e tij përpunohen; detyrimin e kontrolluesit per te njoftuar pa vonese Autoritetin e Mbrojtjes se te Dhënave Personale, ne lidhje me shkeljet e perpunimit te te dhënave qe mund te bien ndesh me te drejtat dhe lirite themelore te subjekteve te te dhenave.', 'Për shembull, zgjerimi i kategorisë së informacioneve që duhet t’i jepen subjektit kur të dhënat e tij përpunohen; detyrimi i kontrolluesit për të njoftuar pa vonesë Autoritetin e Mbrojtjes së të Dhënave Personale, në lidhje me shkeljet e përpunimit të të dhënave, që mund të bien ndesh me të drejtat dhe liritë themelore të subjekteve të të dhënave.']"
260,39,260_rendit_ditës_shtesa_ndryshime,"['rendit', 'ditës', 'shtesa', 'ndryshime', 'ligjin', 'nr', 'pikën', 'projektligji', 'kalojmë', 'vijojmë']","['Vijojmë me çështjen tjetër të rendit të ditës: projektligji “Për disa shtesa dhe ndryshime në ligjin nr.', 'Kalojmë në pikën e fundit të rendit të ditës, projektligjin “Për disa shtesa dhe ndryshime në ligjin nr.', 'Kalojmë në pikën tjetër të rendit të ditës: projektligji “Për disa shtesa dhe ndryshime ne ligjin nr.']"
261,39,261_kandidatëve_115_raundi_trupa,"['kandidatëve', '115', 'raundi', 'trupa', 'magjistraturës', 'fakulteteve', 'prokurorisë', 'organet', 'pedagogëve', '2016']","['115/2016 “Për organet e qeverisjes së sistemit të drejtësisë” të ndryshuar””. Për projektvendimin “Për miratimin e listës së dytë në bllok të kandidatëve të përzgjedhur për anëtarë të Këshillit të Lartë të Prokurorisë nga trupa e pedagogëve të fakulteteve të drejtësisë dhe të Shkollës së Magjistraturës, (TPFDSHM), sipas ligjit nr.', '115/2016 “Për organet e qeverisjes së sistemit të drejtësisë”, i ndryshuar.” Për projektvendimin “Për miratimin e listës në bllok të kandidatëve të përzgjedhur për anëtarë të Këshillit të Lartë të Prokurorisë nga trupa e pedagogëve të fakulteteve të drejtësisë dhe të Shkollës së Magjistraturës, sipas ligjit nr.', '115/2016 “Për organet e qeverisjes së sistemit të drejtësisë”, i ndryshuar”. 6. Projektvendimi “Për miratimin e listës së tretë në bllok të kandidatëve të përzgjedhur për anëtarë të Këshillit të Lartë të Prokurorisë nga trupa e pedagogëve të Fakulteteve të Drejtësisë dhe të Shkollës së Magjistraturës sipas ligjit nr.']"
262,39,262_nen_propozuesit_variantit_kartonë,"['nen', 'propozuesit', 'variantit', 'kartonë', 'votimin', 'kalojmë', 'karton', 'neni', 'sipas', 'pro']","['Kalojmë në votimin nen për nen me kartonë, sipas variantit të propozuesit. Neni 1. Pro?', 'Kalojmë në votimin nen për nen me kartonë, sipas variantit të propozuesit. Neni 1. Pro?', 'Kalojmë në votimin nen për nen me kartonë, sipas variantit të propozuesit. Neni 1. Pro?']"
263,39,263_shprehen_grupet_diskutime_shprehet,"['shprehen', 'grupet', 'diskutime', 'shprehet', 'votimit', 'dhënie', 'parlamentare', 'mendimi', 'financat', 'komisioni']","['Shprehet për dhënie mendimi Komisioni për Ekonominë dhe Financat. Diskutime (Shprehen grupet parlamentare.) Koha e votimit 5.', 'Shprehet për dhënie mendimi Komisioni për Ekonominë dhe Financat. Diskutime (Shprehen grupet parlamentare.) Koha e votimit.', 'Shprehet për dhënie mendimi Komisioni për Ekonominë dhe Financat. Diskutime (Shprehen grupet parlamentare.) Koha e votimit 7.']"
264,38,264_orë_kilometra_miloti_rruga,"['orë', 'kilometra', 'miloti', 'rruga', 'lezhë', 'rrugë', 'shëngjinit', 'shëngjin', 'velipojës', 'rana']","['Ta bësh dy orë rrugën Milot – Lezhë dhe dy orë Shëngjin - Rana e Hedhun, është e turpshme në vitin 2023.', 'Çdo turisti dhe banori në Lezhë i janë dashur dy orë për të shkuar nga Miloti në Shëngjin; akoma edhe më e keqe është hyrja në qytetin e Shëngjinit.', 'Trafiku, që nis nga Miloti në Shëngjin, është fytyra e pritjes së turisteve. Pushuesve nga Kosova, dhe jo vetëm, gjatë verës u duhen edhe 2 orë të tjera për të përshkuar rrugën nga Miloti në plazhet e Shëngjinit dhe të Tales.']"
265,38,265_europë_mesatares_ulëta_xhiro,"['europë', 'mesatares', 'ulëta', 'xhiro', 'rajon', 'ulët', 'jemi', 'varfër', 'bashkimit', 'taksa']","['Jemi në mes të Europës, por kemi pagat më të ulëta në rajon dhe në Bashkimin Europian.', 'Ne jemi një vend me ekonomi të shkatërruar dhe me varfëri të thellë, më të thellën në Europë, sepse kemi nivelin e pagave më të ulëta në Europë.', 'Kur kam ardhur në këtë sallë për buxhetin e parë, kemi vendosur parimin e taksimit të ndershëm dhe sot jemi i vetmi vend në rajon, në Europë po e po, me zero taksa dhe zero TVSH për biznesin e vogël deri në 100 mijë euro xhiro dhe me zero taksa deri në 140 mijë euro xhiro, ndërkohë që deri përpara ardhjes sonë biznesi i vogël me xhiro mbi 35 mijë euro paguante taksë 10%, ndërsa ai me xhiro mbi 55 mijë euro paguante taksë 10% dhe TVSH 20%.']"
266,38,266_efekte_buxhetin_financiare_projektligji,"['efekte', 'buxhetin', 'financiare', 'projektligji', 'shtetit', 'shtesë', 'aspektin', 'formal', 'parashikon', 'shoqërohet']","['Theksoj faktin se projektligji për të cilin po diskutojmë, dhe patjetër që do të ketë miratimin nga të gjithë kolegët deputetë, nuk sjell efekte financiare në buxhetin e shtetit.', 'Për sa u takon efekteve financiare, bëj me dije se zbatimi i ligjit nuk parashikon efekte financiare shtesë për buxhetin e shtetit.', 'Dua të theksoj se zbatimi i këtij projektligji nuk do të ketë efekte financiare në buxhetin e shtetit.']"
267,38,267_variantit_nen_votimin_karton,"['variantit', 'nen', 'votimin', 'karton', 'kalojmë', 'komisionit', 'kartonë', 'pro', 'sipas', 'neni']","['Kalojmë në votimin nen për nen me karton, sipas variantit të komisionit. Neni 1. Pro?', 'Kalojmë në votimin nen për nen me karton, sipas variantit të komisionit. Neni 1. Pro?', 'Kalojmë në votimin nen për nen me karton, sipas variantit të komisionit. Neni 1. Pro?']"
268,38,268_historia_kaluarën_historike_kujtime,"['historia', 'kaluarën', 'historike', 'kujtime', 'brez', 'harron', 'brezi', 'historinë', 'përsëritet', 'brezat']","['E ka mbajtur gjallë popullata çame, kujtesa jonë historike kolektive që vazhdon të transmetohet brez pas brezi.', '“Kush harron të kaluarën është i destinuar ta përsërisë atë”, kjo është një thënie e mençur, që duhet ta bëjë gjithsecilin nga ne të reflektojë.', 'Politika, diplomacia mund të heshtë për këto treva të cilat janë zbrazur nga gjendja e vetë njerëzore, por kujtesa jonë historike e kolektive, e cila ruhet e transmetohet brez pas brezi nuk harron.']"
269,37,269_rendit_votimit_debati_bëhuni,"['rendit', 'votimit', 'debati', 'bëhuni', 'ditës', 'mbyllet', 'projektvendimet', 'sotme', 'çështjet', 'diskutime']","['Këtu mbyllet debati për çështjet e sotme. Ju lutem, kolegë, bëhuni gati për procesin e votimit.', 'Projektvendimet janë pa diskutime. Këtu mbyllet debati për çështjet e sotme. Ju lutem, bëhuni gati për votim!', 'Projektvendimet janë pa diskutime. Këtu mbyllet debati për çështjet e sotme. Ju lutem, bëhuni gati për votim.']"
270,37,270_përhershëm_shkrim_debatit_lexohet,"['përhershëm', 'shkrim', 'debatit', 'lexohet', 'kryetar', 'zhvillimi', 'kërkohet', 'projektrezoluta', 'grupi', 'komision']","['Lexohet projektrezoluta nga Komisioni për Çështjet Ligjore, Administratën Publike dhe të Drejtat e Njeriut. Pyetje Zhvillimi i debatit (nëse kërkohet me shkrim nga një komision i përhershëm, një kryetar grupi parlamentar ose të paktën 10 deputetë).', 'Lexohet projektrezoluta nga Komisioni për Çështjet Ligjore, Administratën Publike dhe të Drejtat e Njeriut. Pyetje Zhvillimi i debatit (nëse kërkohet me shkrim nga një komision i përhershëm, një kryetar grupi parlamentar ose të paktën 10 deputetë).', 'Lexohet projektrezoluta nga Komisioni për Ekonominë dhe Financat. Pyetje Zhvillimi i debatit (nëse kërkohet me shkrim nga një komision i përhershëm, një kryetar grupi parlamentar ose të paktën 10 deputetë).']"
271,37,271_prezencën_prezentë_votimi_deputetë,"['prezencën', 'prezentë', 'votimi', 'deputetë', 'mbyllet', 'hapet', 'pranishëm', 'akteve', 'votimin', 'votimit']","['Hapet votimi për prezencën. Ju lutem, votoni për prezencën! Mbyllet votimi. Janë 71 deputetë prezentë.', 'Hapet votimi për prezencën. Mbyllet votimi për prezencën. 102 deputetë janë prezentë. Deputetë të pranishëm që nuk kanë votuar janë 35.', 'Hapet votimi për prezencën. Mbyllet votimi. 73 deputetë janë prezentë. Vazhdojmë me votimin e akteve.']"
272,37,272_siguria_sigurisë_sigurinë_kombëtare,"['siguria', 'sigurisë', 'sigurinë', 'kombëtare', 'pasiguria', 'platformat', 'tronditur', 'kriminal', 'elementit', 'shqetësimi']","['Sigurisht, e njëjta gjë vlen për të gjitha siguritë e tjera, përfshirë këtu edhe një siguri të madhe, atë që quhet siguria ekonomike, e tronditur si kurrë më parë, përballë furtunës së çmimeve, pa asnjë gram mbrojtjeje, pa lëvizur asnjë taksë, pa marrë as më të voglën masë ekonomike dhe duke shpikur “bordin e kusarëve”, me të cilin qesh e gjithë dynjaja.', 'Ja, këto janë të dhënat! Ky është fakt! Pra, siguria kombëtare është, absolutisht, në një gjendje më të tronditur se kurrë.', 'Komuniteti, policimi, perimetri i sigurisë, marrëveshjet mes ministrave, siguria në shkolla, siguria në rrugë, rendi publik e plot fraza e slogane të tjera si këto, sot janë të pavlera.']"
273,37,273_ura_urë_urës_beshirit,"['ura', 'urë', 'urës', 'beshirit', 'urave', 'urat', 'liqenore', 'kukësit', 'lidh', 'besonte']","['Nuk duhet të lihet pas dore edhe ndërtimi i urave në qarkun e Kukësit, siç jua thashë, një urë që lidh Shishtavecin me Kukësin, ura e Uzinës, e cila është me të vërtetë në gjendje të shkatërruar dhe mund të bëhet shkak për ndonjë aksident, apo edhe ura që lidh Hasin me Kukësin.', 'Qeveria duhet ta dijë se borxhet që merren duhen larë! Edhe në Komisionin e Ligjeve ne e kemi vlerësuar ndërtimin e urave, të rrugëve dhe, t’ju them të drejtën, më erdhi mirë që ishte planifikuar ndërtimi i urës së Beshirit dhe i urës së Viroit në Gjirokastër, sepse të dyja këto ura, sa herë bie shi bllokohen.', 'Megjithatë, ne arritëm që, përmes programit të rindërtimit të rikonstruktonim disa ura apo në disa raste të ndërtonim edhe ura të reja, duke sistemuar e duke rregulluar edhe shtratin e rrugës që lidhte këto ura, siç ndodhi në rastin e urës së Tapizës, ku u ndërtua një urë totalisht e re me parametra të sigurisë rrugore dhe, mbi të gjitha, që shkurtonte edhe trafikun.']"
274,37,274_abstenim_neni_kush_pro,"['abstenim', 'neni', 'kush', 'pro', 'kundër', 'miratohet', 'është', 'dakord', 'nenin', 'futur']","['Neni 1. Kush është pro? Kundër? Abstenim? Miratohet. Neni 2. Kush është pro? Kundër? Abstenim?', 'Neni 1. Kush është pro? Kundër? Abstenim? Miratohet. Neni 2. Kush është pro? Kundër? Abstenim?', 'Neni 1. Kush është pro? Kundër? Abstenim? Miratohet. Neni 2. Kush është pro? Kundër? Abstenim?']"
275,37,275_rregulloren_rregullorja_klikonte_rregullores,"['rregulloren', 'rregullorja', 'klikonte', 'rregullores', 'rregullore', 'normalitet', 'rregull', 'vendosni', 'mashtrues', 'kuptoni']","['Nëse nuk e respektoni Rregulloren, mos kërkoni t’ju jepet fjala! Ose e njihni Rregulloren, ose jo!', 'E treta, meqenëse ju këtu e përmendni Rregulloren vazhdimisht pa u lodhur, dhe mirë bëni, por jo të përmendet Rregullorja ashtu siç doni ju dhe kur të keni qejf ju; mënyrën se si e vendosët ju, që të mos bëni seanca, nuk e shkruante Rregullorja në asnjë vend.', 'Mua më ngarkon Rregullorja të drejtoj sipas Rregullores dhe jo se si e kuptoni ju Rregulloren.']"
276,37,276_iranit_irani_sulm_islamike,"['iranit', 'irani', 'sulm', 'islamike', 'iraniane', 'terrorist', 'iranin', 'diplomatike', 'teheran', 'nxorët']","['Pastaj nuk ishte kështu. Nuk ishin disa adoleshentë që bënë sulmin, por ishte një sulm i iniciuar, i sponsorizuar dhe i mbështetur nga Republike Islamike e Iranit.', 'Ne dënojmë me ashpërsinë më të madhe sulmet kibernetike iraniane, ruse, kineze apo të çfarëdo agresori tjetër dhe të çfarëdolloj forme, duke përshëndetur vendimin e qeverisë për ndërprerjen e marrëdhënieve diplomatike me Republikën Islamike të Iranit.', 'Natyrshëm, Partia Demokratike zyrtare ka bërë disa deklarime këtu, por do të ishte e udhës që ish-Presidenti, si ish-komandant i Forcave të Armatosura dhe ish-Kryeministri të bënte qoftë një deklaratë: “E dënoj sulmin kibernetik të Iranit, të Republikës Islamike të Iranit”.']"
277,37,277_akshi_informacionit_sistemeve_agjenci,"['akshi', 'informacionit', 'sistemeve', 'agjenci', 'teknologjisë', 'tik', 'komunikimit', 'shërbimeve', 'sigurinë', 'sigurisë']","['Kryeministri i centralizoi të gjitha institucionet shtetërore, i futi te AKSHI. AKSHI u bë agjencia mbulesë e të gjithë tenderëve, sepse është agjenci tenderësh.', 'Miliona euro për AKSHI-n, miliona euro për sigurinë e sistemeve, por asgjë nuk mbrohet. AKSHI është institucioni që nuk i jep llogari askujt, për asnjë fond.', 'Në këta 8 vjet AKSHI ka marrë jo pak, por më shumë se 300 milionë euro.']"
278,37,278_caktimin_përhershme_komisioneve_projektvendimi,"['caktimin', 'përhershme', 'komisioneve', 'projektvendimi', 'anëtarësisë', 'ndryshuar', 'vendimin', '2021', '69', 'ndryshim']","['Projektvendimi “Për një ndryshim në vendimin nr. 69/2021 “Për caktimin e anëtarësisë së komisioneve të përhershme të Kuvendit”, i ndryshuar””.', 'Projektvendimi “Për një ndryshim në vendimin nr. 69/2021 “Për caktimin e anëtarësisë së komisioneve të përhershme të Kuvendit”, i ndryshuar””.', '69/2021 “Për caktimin e anëtarësisë së komisioneve të përhershme të Kuvendit”, i ndryshuar” dhe projektvendimi “Për një ndryshim në vendimin nr.']"
279,36,279_covid_pandemisë_pandemia_pandeminë,"['covid', 'pandemisë', 'pandemia', 'pandeminë', '19', 'derrit', 'komplikacione', 'post', 'gripit', 'medikamenteve']","['Sipas drejtoreshës së Institutit të Shëndetit Publik vetëm 3% e fëmijëve janë prekur nga COVID-19 që nga fillimi i pandemisë.', 'Arsyet e hartimit të këtij projektligji: 307 Legjislatura e 10-të Viti 2023 Të dashur kolegë, efektet e COVID-19 kanë lënë gjurmë në mbarë njerëzimin; COVID-19 ka sfiduar sisteme shëndetësore nga më të fuqishmit në mbarë globin, pa dyshim, edhe ne nuk u kemi shpëtuar efekteve post COVID-19.', 'Nuk ka dyshim se pandemia e COVID-19 pati një ndikim tepër të madh në menaxhimin financiar të shtetit.']"
280,36,280_shprehen_jashtme_dhënie_mendimi,"['shprehen', 'jashtme', 'dhënie', 'mendimi', 'politikën', 'grupet', 'diskutime', 'shprehet', 'votimit', 'parlamentare']","['Shprehet për dhënie mendimi Komisioni për Politikën e Jashtme. Diskutime (Shprehen grupet parlamentare.) Koha e votimit 6.', 'Shprehet për dhënie mendimi Komisioni për Politikën e Jashtme. Diskutime (Shprehen grupet parlamentare.) Koha e votimit 4.', 'Shprehet për dhënie mendimi Komisioni për Politikën e Jashtme. Diskutime (Shprehen grupet parlamentare.) Koha e votimit 5.']"
281,36,281_amendamenti_vota_votimi_abstenim,"['amendamenti', 'vota', 'votimi', 'abstenim', 'pro', 'mbyllet', 'miratohet', 'kundër', 'hapet', 'amendamentet']","['Mbyllet votimi. Janë 2 vota pro, zero vota abstenim, 65 vota kundër. Amendamenti nuk miratohet.', 'Abstenim? Hapet votimi. Mbyllet votimi. 30 vota pro, 0 abstenim, 50 vota kundër. Amendamenti nuk miratohet.', 'Hapet votimi. Mbyllet votimi. 7 vota pro, 1 abstenim, 73 vota kundër. Amendamenti nuk miratohet.']"
282,36,282_treg_tregun_tregu_pazarin,"['treg', 'tregun', 'tregu', 'pazarin', 'çmim', 'zinxhiri', 'tregtarët', 'skeptikëve', 'lirë', 'përqendruar']","['Në këtë pikë dua të them që tregu nuk po funksionon në këtë aspekt dhe natyrisht bordi që ne kishim nxori në pah disa probleme shumë të mëdha në tregje, veçanërisht në tregun e ushqimeve, kur na bëri me dije që thuajse në çdo treg produkti kishte vetëm 3-4 operatorë që dominonin tregun.', 'Por nuk duhet harruar se ky është një treg i lirë dhe çfarë duhet të bëjmë sot?', 'Çfarë duan këta? Është pyetja fundore. Të kesh një çmim unik, siç kemi sot në treg, pa asnjë mundësi zgjedhjeje, produkti i një zinxhiri transaksioni, për mua, jo i gjithi transparent, nga një treg i dominuar nga një metodologji, me çmim të hapur dhe abuziv, por edhe në një treg të përqendruar dhe të integruar vertikalisht, nuk është gjëja e duhur, nuk është gjëja për t’u pranuar, është abuzim dhe ushqen abuzimin, prandaj kemi krijuar këtë bord me këtë akt.']"
283,36,283_veprat_krimeve_krimit_ndërkufitar,"['veprat', 'krimeve', 'krimit', 'ndërkufitar', 'penale', 'trafikimin', 'luftën', 'policive', 'paligjshëm', 'shkëmbimin']","['Përparësitë që priten nga zbatimi i kësaj marrëveshjeje, në lidhje me luftën kundër krimit ndërkufitar, janë se palët do të forcojnë bashkëpunimin dhe përmirësimin e shkëmbimit të informacionit doganor e policor, si dhe do të ndërmarrin masa të përbashkëta kundër kërcënimeve ndërkufitare.', 'Dua të sqaroj publikun se kjo marrëveshje synon bashkëpunim më të mirë me këtë vend për veprat penale që lidhen me krimin ndërkufitar; për veprat penale që janë kundër jetës, shëndetit, integritetit fizik të personit; për veprat penale që lidhen me prodhimin dhe trafikimin e lëndëve narkotike, ku u kemi vendosur një rëndësi të veçantë edhe sfidave të reja që vijnë për sa u përket lëndëve narkotike sintetike, pra drogave sintetike; pastrimi i parave, lufta kundër trafikimit të qenieve njerëzore, shfrytëzimi seksual i fëmijëve, vjedhja dhe trafikimi i paligjshëm i armëve të zjarrit, municioneve, eksplozivëve, substancave radioaktive.', 'Ajo përmban detyrimin reciprok për palët për të bashkëpunuar në shkëmbimin e informacionit me synimin për të parandaluar, zbuluar dhe luftuar të gjitha format e krimeve, veçanërisht për veprat penale në disa fusha shumë të rëndësishme për aktualitetin dhe në vazhdim, siç janë veprat terroriste, veprimtaritë e grupeve terroriste, drejtuesit e këtyre grupeve, pjesëtarët dhe vendet e përqendrimit dhe të trajnimit të tyre; financimet e terrorizmit të çdo kategorie dhe mbështetja e tij ose veprimet e dyshuara në mbështetje dhe financim të tij përfshirë parandalimin e pagesës për grupet e tyre; luftëtarët e huaj gjatë luftërave të fundit në Lindjen e Mesme; krimet e rënda kundër personit e pronës, ato që përfshijnë korrupsionin dhe krimet e organizuara transnacionale; prodhimin dhe trafikimin e paligjshëm të armëve, municioneve, eksplozivëve dhe substancave bërthamore e kimike, materialeve radioaktive dhe biologjike, si dhe të teknologjisë që lidhet me to dhe të armëve të shkatërrimit në masë e armëve jokonvencionale; fenomenet e rrëmbimit, prodhimin e paligjshëm, kontrabandën dhe trafikimin e lëndëve narkotike dhe gjithë substancave psikotrope dhe materialet e tjera të përdorura për prodhimin e tyre; krimin e pastrimit të parave dhe ato ekonomike dhe financiare; veprat penale që lidhen me dhunën në familje dhe shfrytëzimin e fëmijëve, veçanërisht aktivitetet online; veprat e falsifikimit dhe të promovimit të monedhave, dokumenteve zyrtare, dokumenteve financiare ose obligacioneve, letrave me vlerë, kartave të kreditit dhe mjeteve të tjera të financimit; vjedhjen dhe kontrabandën e veprave kulturore, historike dhe letrare me vlera artistike dhe veprat penale që lidhen me gjithë pronësinë intelektuale; vjedhjen e automjeteve, kontrabandën dhe trafikimin e paligjshëm të tyre dhe ato që lidhen me transportin dhe komunikimin; veprat penale të lidhura me taksat dhe kundërvajtjet e teknologjisë së informacionit; migracionin e paligjshëm në shkallë të organizuar dhe lëvizjen e paligjshme të personave, si dhe çdo krim tjetër i rënë dakord reciprokisht nga palët.']"
284,36,284_kanabisit_kanabis_kanabisi_qëllime,"['kanabisit', 'kanabis', 'kanabisi', 'qëllime', 'kultivimin', 'mjekësor', 'kanabizimi', 'droga', 'industriale', 'mjekësore']","['Sot qeveria shqiptare për herë të parë sjell një politikë të re ekonomike: legalizimin e kanabisit për qëllime mjekësore, për të cilat ne nuk kemi asnjë informacion, nuk ka pasur asnjë debat.', 'Vendimmarrja e Republikës së Shqipërisë për kultivimin e kanabisit për qëllime industriale farmaceutike, si një pjesë e madhe e vendeve anëtare të Bashkimit Europian, është diçka tjetër.', 'Ne sot jemi një nga vendet kryesore në Europë për prodhimin e kanabisit. Në vitin 2021 në Shqipëri sipërfaqja e tokës së kultivuar me kanabis ishte 50% më shumë se në vitin 2020.']"
285,36,285_abstenim_miratohet_neni_pro,"['abstenim', 'miratohet', 'neni', 'pro', 'votimin', 'kundër', 'tërësi', 'kalojmë', 'karton', 'nenit']","['Neni 1. Pro? Kundër? Abstenim? Miratohet. Neni 2. Pro? Kundër? Abstenim? Miratohet. Kalojmë në votimin në tërësi.', 'Neni 1. Pro? Kundër? Abstenim? Miratohet. Neni 2. Pro? Kundër? Abstenim? Miratohet. Kalojmë në votimin në tërësi.', 'Neni 1. Pro? Kundër? Abstenim? Miratohet. Neni 2. Pro? Kundër? Abstenim? Miratohet. Kalojmë në votimin në tërësi.']"
286,36,286_absolute_votime_votash_elektronikë,"['absolute', 'votime', 'votash', 'elektronikë', 'procedura', 'shumicë', 'akt', 'kërkon', 'votimit', 'hapur']","['Ky akt kërkon shumicë absolute votash. Procedura e votimit: dy votime me elektronikë. Votimi është i hapur.', 'Ky akt kërkon shumicë absolute votash. Procedura e votimit: dy votime me elektronikë. Votimi është i hapur.', 'Ky akt kërkon shumicë absolute votash. Procedura e votimit: dy votime me elektronikë. Votimi është i hapur.']"
287,35,287_ekstradimin_shtetasve_spanjës_ekstradimit,"['ekstradimin', 'shtetasve', 'spanjës', 'ekstradimit', 'penale', 'spanjollë', 'ekstradimi', 'spanjën', 'anasjelltas', 'marrëveshje']","['Marrëveshja në mënyrë konkrete parashikon: - Lejimin e ekstradimit të ndërsjellë të shtetasve të Republikës së Shqipërisë dhe shtetasve të Mbretërisë së Spanjës.', 'Të nderuar kolegë, pa këtë marrëveshje përsëri sistemi ynë ka funksionuar dhe funksionon; funksionon për shkak të transferimit të procedimit penal, funksionon për shkak të njohjes dhe ekzekutimit të vendimeve penale, por kjo marrëveshje do të bëjë të mundur ekstradimin e të gjithë shtetasve shqiptarë që kryejnë vepra penale në Spanjë dhe strehohen në Shqipëri apo edhe anasjelltas shtetas spanjollë, të cilët kryejnë vepra penale në Shqipëri dhe strehohen në Mbretërinë e Spanjës.', 'Projektligji që sjellim sot para jush, eliminon një pengesë ligjore që ekzistonte në bashkëpunimin ndërmjet dy vendeve tona dhe që ka të bëjë me rezervën ligjore, me të cilën Shqipëria ka ratifikuar Konventën Europiane mbi Ekstradimin për moslejimin e shtetasve shqiptarë drejt Spanjës dhe anasjelltas, dhe pas kësaj, me Mbretërinë e Spanjës, autoritetet tona gjyqësore do të lejojnë ekstradimin reciprok të shtetasve shqiptarë në drejtim të Spanjës dhe anasjelltas.']"
288,35,288_mikro_reja_start_startup,"['mikro', 'reja', 'start', 'startup', 'projekteve', 'eve', 'projekt', 'rinovim', 'sme', 'synojmë']","['Me anë të këtij projektligji synojmë të rrisim mbështetjen për këto ndërmarrje me 50%, krahasuar me mbështetjen e dhënë deri në vitin 2019; synojmë të kemi rritje të aplikimeve për rinovim teknologjie nga zero që është aktualisht me, të paktën 50% brenda vitit; stimulojmë dhe mbështesim rritjen e numrit të ndërmarrjeve të reja të krijuara, për rrjedhojë edhe rritjen dhe krijimin e vendeve të reja të punës; prezantojmë instrumente të reja financiare, rrisim shkallën e përthithjes së granteve deri në 100% nga bizneset, si dhe ofrojmë garanci shtetërore të huas, sipas ligjit në fuqi, për borxhin dhe garancitë shtetërore.', 'Po e vijoj me biznesin, mbështetja për të cilin në vitin 2025 do të vijojë si me mbështetjen e SME- ve, ashtu edhe me mbështetjen e start-up-eve, një premtim elektoral, i përkthyer në program politik dhe programi politik në program qeverisës, për katër vjet për ndërmarrjet e reja të start-up-eve.', 'Startup-et dhe SME-të ecin në linja paralele, por kanë, në thelb, të njëjtin qëllim. Prandaj, të nderuar kolegë, miratimi i projektligjit për zhvillimin e ndërmarrjeve mikro, të vogla dhe të mesme i përgjigjet një objektivi madhor për të gjithë ne: zhvillimit ekonomik dhe krijimit të vendeve të reja të punës.']"
289,35,289_diktaturë_diktaturës_diktatura_rilindës,"['diktaturë', 'diktaturës', 'diktatura', 'rilindës', 'pasurinë', 'proletariatit', 'diktaturat', 'ishim', 'diktatoriale', 'diktatori']","['Ne jemi gati si në diktaturë, dhe kur je në diktaturë nuk e kupton, për shkak të kësaj propagande që bën Edi Rama nga mëngjesi në darkë.', 'Në atë kohë ishim në diktaturë dhe e dinte i gjithë populli që ishim në diktaturë.', 'Sot ne jemi gati në diktaturë, por nuk e pranojmë dhe shumë qytetarë nuk e kuptojnë, sepse, kur je brenda diktaturës, nuk kuptohet që je në diktaturë.']"
290,35,290_debati_debat_debatit_vepre,"['debati', 'debat', 'debatit', 'vepre', 'debatin', 'debate', 'kërkua', 'pëlqejnë', 'korruptive', 'diskutimi']","['Thënë këtë, këtu duhet të ishim fokusuar. Debati sot nuk duhet të ishte nëse u pëlqejnë apo nuk u pëlqejnë vendimet që ka dhënë Gjykata Kushtetuese; debati sot nuk duhet bërë duke pasur në mendje individë të caktuar.', 'E kemi bërë edhe ne, patjetër, si reflektim të këtij debati të sëmurë. Ky debat nuk prodhon asgjë.', 'Çdo gjë tjetër dhe çdo debat tjetër që bëhet për t’i shpëtuar debatit kryesor, sigurisht bëhet për t’iu larguar detyrimit për të dhënë përgjigje para qytetarëve për përgjegjësinë që ka sot maxhoranca, duke mbrojtur një vepër korruptive, që u bë avokate politike e një vepre korruptive, që u bë zëdhënëse e një vepre korruptive dhe që deri ditën e fundit e mbrojti atë me vrull, me energji dhe sigurisht me të gjitha mënyrat që ajo ka në dorë sot, duke ushtruar edhe presion mbi drejtësinë.']"
291,35,291_lekë_kilogram_kuintal_dynym,"['lekë', 'kilogram', 'kuintal', 'dynym', 'mijë', 'grurit', 'grurë', 'tvsh', 'grurin', 'inputeve']","['Është e pafalshme dhe e turpshme për këtë qeveri që 1 kilogram grurë kushton 250 lekë të vjetra ose 25 mijë lekë të vjetra kuintali, ndërkohë që 1 kuintal miell kushton 60 mijë lekë të vjetra, kurse kuintali i nënprodukteve të tjera të grurit është 35 mijë lekë.', 'Në fundjavë isha në zonë dhe takova shumë blegtorë, fermerë, të cilët ngritën me shqetësim shtrenjtimin e madh, rritjen e madhe të kostos së prodhimeve, që vjen nga shtrenjtimi i lëndëve të para për blegtorinë dhe më dhanë disa shifra, për shembull, 1 kilogram misër para disa kohësh ka qenë 250 lekë dhe tani ka shkuar 500 lekë; soja ka qenë 600 lekë dhe ka shkuar 1050 lekë; krundeja ka qenë 150 lekë kilogrami dhe ka shkuar 350 lekë; elbi ka qenë 300 lekë kilogrami dhe ka shkuar 600 lekë; jonxha, nga 5000 lekë një deng (besoj se 10 kilogramë), ka shkuar 12 mijë lekë; nitrati, nga 40 mijë lekë kuintali, ka shkuar në 110 mijë lekë; DAP-i, nga 60 mijë lekë kuintali, ka shkuar në 140 mijë lekë.', '1 kilogram misër në vitin 2019 kushtonte 250 lekë të vjetër, në pranverë kushton 380-400 lekë, ndërsa në dimër shkon 450-500 lekë; soja ka kushtuar 600 lekë për kilogram në vitin 2019, në pranverë është 980 lekë, ndërsa në dimër, kur nuk ka prodhim, shkon 1050-1100 lekë; krundja e grurit ka kushtuar 150 lekë për kilogram, 300 lekë është sot, ndërsa në periudhën e dimrit shkon 350 lekë; elbi në vitin 2019 ka qenë 300 lekë për kilogram, sot është 400 lekë, ndërsa në dimër shkon 600 lekë; jonxha, me 14 kilogramë dengu, është 5000 lekë, 7000 lekë është sot, ndërsa në dimër shkon 12 mijë lekë; nitrati në vitin 2019 ka qenë 40 mijë lekë për kuintal, ndërsa sot është 90 mijë lekë për kuintal; një thes dap ka qenë 60 mijë lekë për kuintal, ndërsa sot është 120 mijë lekë të vjetër për kuintal, dhe këta thonë që blegtorët na pritën me brohoritje!']"
292,35,292_dhënie_mendimi_shprehet_komisioni,"['dhënie', 'mendimi', 'shprehet', 'komisioni', 'europiane', 'çështjet', 'jashtme', 'politikën', 'financat', 'ekonominë']","['Shprehet për dhënie mendimi Komisioni për Politikën e Jashtme. Shprehet për dhënie mendimi Komisioni për Çështjet Europiane.', 'Shprehet për dhënie mendimi Komisioni për Politikën e Jashtme. Shprehet për dhënie mendimi Komisioni për Çështjet Europiane.', 'Shprehet për dhënie mendimi Komisioni për Politikën e Jashtme. Shprehet për dhënie mendimi Komisioni për Çështjet Europiane.']"
293,34,293_prokurorisë_këshillit_avokatëve_lartë,"['prokurorisë', 'këshillit', 'avokatëve', 'lartë', 'radhët', 'zgjedhjen', 'gjyqësor', 'anëtarëve', 'projektvendimi', 'anëtarit']","['Projektvendimi “Për zgjedhjen e anëtarëve të Këshillit të Lartë Gjyqësor nga radhët e avokatëve, sipas ligjit nr.', 'Projektvendimi “Për zgjedhjen e anëtarëve të Këshillit të Lartë Gjyqësor nga radhët e avokatëve, sipas ligjit nr.', 'Kalojmë te projektvendimi “Për zgjedhjen e anëtarëve të Këshillit të Lartë të Prokurorisë nga radhët e avokatëve, sipas ligjit nr.']"
294,34,294_tims_akses_paautorizuar_sistemin,"['tims', 'akses', 'paautorizuar', 'sistemin', 'sistemit', 'persona', 'dëshmitë', 'dokumentacioni', 'administruar', 'dhënave']","['6. Dhënien e të dhënave të sistemit TIMS grupeve kriminale. 7. Mbrojtjen e paligjshme që bën Partia Socialiste për sistemin TIMS.', 'Aksesi i paautorizuar në sistemin TIMS. Nga dokumentacioni i administruar dhe dëshmitë e marra nga komisioni hetimor ka rezultuar se persona të caktuar kanë pasur akses të paautorizuar në sistemin TIMS.', '3. Ndërhyrjen në sistemin TIMS. 4. Vjedhjen e sistemit TIMS. 5. Manipulimin e të dhënave të sistemit TIMS.']"
295,34,295_projektrezolutës_103_votash_miratimin,"['projektrezolutës', '103', 'votash', 'miratimin', 'shumicë', 'thjeshtë', 'neni', 'rregullores', '2016', '9572']","['152/2013 “Për nëpunësin civil”, i ndryshuar, si dhe neni 103 i Rregullores së Kuvendit; shumicë e thjeshtë votash për miratimin e projektrezolutës).', '115/2016 “Për organet e qeverisjes së sistemit të drejtësisë” dhe neni 103 i Rregullores, shumicë e thjeshtë votash për miratimin e projektrezolutës).', '115/2016 “Për organet e qeverisjes së sistemit të drejtësisë” dhe neni 103 i Rregullores, shumicë e thjeshtë votash për miratimin e projektrezolutës).']"
296,34,296_perëndimor_ballkanit_berlinit_europian,"['perëndimor', 'ballkanit', 'berlinit', 'europian', 'ballkanin', 'plani', 'vendeve', 'bashkimit', 'ballkani', 'be']","['Shtylla e dytë e këtij plani është forcimi i integrimit ekonomik brenda Ballkanit Perëndimor, përmes tregut të përbashkët rajonal.', 'Ky investim mbështet zhvillimin social-ekonomik dhe procesin e anëtarësimit të vendeve të Ballkanit Perëndimor në Bashkimin Europian.', 'Nga ana tjetër, do të doja të theksoja se është pikërisht analiza që ka bërë qeveria shqiptare, së bashku me të gjitha qeveritë e vendeve të Ballkanit Perëndimor, e cila ka sjellë në vëmendje të Bashkimit Europian nevojën e një plani të ri rritjeje, nevojën për një vëmendje drejt ekonomive të Ballkanit Perëndimor dhe kjo është edhe ajo që do të diskutohet gjatë samitit të Procesit të Berlinit, pra plani i ri i rritjes, duke vënë në dukje se me ndihmën, me suportin, me grantet që Ballkani Perëndimor merr aktualisht, nuk do të arrijë kurrë konvergjencën e duhur me vendet e zhvilluara të BE-së.']"
297,34,297_statistika_shifra_statistikat_statistikash,"['statistika', 'shifra', 'statistikat', 'statistikash', 'dështojmë', 'censusi', 'mblidheshin', 'ngelet', 'statistikave', 'kokëforta']","['Po më tej, pandemia? Vini këtu e nxirrni statistika që nuk kanë lidhje fare me statistikat zyrtare.', 'Statistika ngrihet mbi emocionin, mund ta transformosh si të duash, por numri ngelet numër, statistika ngelet statistikë.', 'Në momentin kur ne dështojmë në statistika, dështojmë edhe në politika, sepse politika të ndërmarra me statistika gjysmake, me statistika të pavërteta, me statistika që vijnë si rezultat i mbledhjes së të dhënave sipas kohës së shkuar, atëherë janë statistika që nuk hyjnë në punë për asgjë.']"
298,34,298_hebrenjtë_hebrenjve_hebre_shekullit,"['hebrenjtë', 'hebrenjve', 'hebre', 'shekullit', 'hebrenj', 'shpëtuar', 'holokaustit', 'hebrenjsh', 'njohu', 'yad']","['Në vitin 1935 delegacioni i Kongresit Botëror të Hebrenjve, pasi përfundoi vizitën në Shqipëri, i shkroi Kongresit se ky vend mund të konsiderohet atdhe rezervë për hebrenjtë.', 'Gjatë Holokaustit ndodhi vala e katërt e ardhjes së hebrenjve në Shqipëri, pas valëve të shekullit I, për t’i shpëtuar skllavërisë në Romë; të shekullit XV, për t’i shpëtuar Inkuizicionit; të shekullit XVII, për t’i shpëtuar përndjekjes së Perandorisë Osmane.', 'Ky fakt nuk njihet vetëm nga ne, as vetëm nga hebrenjtë, por Lidhja e Kombeve në vitin 1926 i njohu shtetit shqiptar autoritetin e ligjshëm, si vend i qëndrimit të përkohshëm të hebrenjve.']"
299,34,299_falënderoj_gjej_dhanë_mbështetën,"['falënderoj', 'gjej', 'dhanë', 'mbështetën', 'opozitës', 'kolegët', 'rastin', 'mbështetjen', 'votuan', 'xhamisë']","['Si unë, jam e bindur që kanë vepruar edhe kolegët e mi të Partisë Demokratike, të cilët gjej rastin t’i falënderoj për bashkëpunimin.', 'Gjej rastin të falënderoj të gjithë banorët e Bashkisë së Selenicës për mbështetjen që i dhanë kandidatit të Parisë Socialistë, Nertil Bellajt, dhe t’i uroj atij suksese, bashkë me të gjithë kryetarët e rinj të bashkive, edhe ata pak të opozitës, të cilët uroj të punojnë pa bërë dallime ideologjike dhe politike dhe t’u shërbejnë qytetarëve në mënyrën më të mirë të mundshme!', 'Gjej rastin t’i falënderoj kolegët e Partisë Demokratike që e mbështetën atë rezolutë! Gjithashtu, gjej rastin t’u bëj një apel të gjithë kolegëve nga të gjitha krahët në të gjitha delegacionet parlamentare, ku jemi të përfaqësuar si Kuvend: Kryeministri dhe qeveria po bëjnë punën e tyre, madje shumë të shkëlqyer.']"
300,34,300_nen_variantit_parim_votimin,"['nen', 'variantit', 'parim', 'votimin', 'karton', 'projektrezolutën', 'kalojmë', 'miratohet', 'komisionit', 'vlerësimin']","['Miratohet në parim projektligji. Kalojmë në votimin nen për nen me karton, sipas variantit të komisionit.', 'Miratohet në parim projektligji. Kalojmë në votimin nen për nen me karton, sipas variantit të komisionit.', 'Asnjë kundër. Asnjë abstenim. Miratohet projektligji në parim. Kalojmë në votimin nen për nen me karton, sipas variantit të komisionit.']"
301,34,301_pet_skaner_skaneri_scanner,"['pet', 'skaner', 'skaneri', 'scanner', 'aparat', 'privati', 'kancerin', 'scan', 'skanerit', 'euro']","['Çfarë qeverie jeni ju, që i jepni 130 milionë euro koncesion një privati dhe, ndërkohë, në spital nuk ka një aparat PET skaner?', 'Ajo që ju abuzoni dhe ngatërroni është përse ky PET skaner nuk po merret? Sepse, normale, duhet të përgatitet stafi mjekësor dhe lënda e kontrastit me të cilën do të punojë ky PET skaner.', 'Pra, ato nuk ekzistojnë. Sa kushton një PET-skaner? 1,5 milionë euro i teknologjisë së fundit.']"
302,34,302_beratit_berat_bashkia_mbetjeve,"['beratit', 'berat', 'bashkia', 'mbetjeve', 'menaxhimit', 'integruar', 'donatorët', 'projekte', 'përmetit', 'beratin']","['Gjatë periudhës shtator 2018–dhjetor 2022 Bashkia e Beratit, Bashkia e Kuçovës, Bashkia e Dimalit, Bashkia e Poliçanit dhe Bashkia e Skraparit (të qarkut të Beratit) kanë zbatuar fazën e parë të projektit të menaxhimit të integruar të mbetjeve, financuar nga qeveria zvicerane me një fond prej 3 milionë e 484 mijë frangash zvicerane.', 'Si deputete e qarkut të Beratit dua të ritheksoj se Bashkia e Beratit, si një ndër përfitueset e mbështetjes gjermane, në vitet e fundit ka realizuar dhe po vazhdon disa projekte madhore në infrastrukturë, të cilat...', 'Ndoqa zonjën e Beratit që foli për investimet. Shumë mirë, bravo i qoftë Beratit! Po a e dini se ka edhe qytete të tjera?!']"
303,33,303_amendamentin_hedhim_votim_elektronikë,"['amendamentin', 'hedhim', 'votim', 'elektronikë', 'elisa', 'spiropali', 'votimi', 'hapet', 'votoni', 'mbyllet']","['Faleminderit! Elisa Spiropali – Hedhim në votim amendamentin, me elektronikë. Hapet votimi. Ju lutem, votoni!', 'Faleminderit! Elisa Spiropali – Hedhim në votim me elektronikë amendamentin. Hapet votimi. Ju lutem votoni.', 'Faleminderit! Elisa Spiropali – E hedhim në votim me elektronikë amendamentin. Hapet votimi. Mbyllet votimi.']"
304,33,304_zezë_bardhë_zeza_zezën,"['zezë', 'bardhë', 'zeza', 'zezën', 'bardhën', 'konsumues', 'faqe', 'njollë', 'transformoni', 'zezës']","['Është faqe e zezë si deputetë; është faqe e zezë si prindër; është faqe e zezë si gjyshër, për ata që janë bërë; është faqe e zezë si vëllezër, si motra, sepse ata po rrinë jashtë në 40 gradë.', 'Kështu që, nëse e zeza është e zezë, duhet të lexohet e tillë edhe nga ju.', 'Lëreni gjuhën parlamentare, joparlamentare, sepse unë as kam fyer dhe as fyej njeri, por të zezën nuk e bëj të bardhë dhe të bardhën nuk e bëj dot të zezë.']"
305,33,305_milionë_kilometra_rrugë_kilometër,"['milionë', 'kilometra', 'rrugë', 'kilometër', 'kilometri', 'euro', 'miliardë', 'rruge', '336', 'kostoja']","['Shkoni në Korçë: ju ndërtoni katër kilometra me 40 milionë euro, 10 milionë euro kilometri.', 'Në rast se do ta çonim 2% transfertën e pakushtëzuar, në bashki do të kishim rreth 24 miliardë lekë të tjera të destinuara, të cilat me koston që unë ju thashë për ndërtimin e 1 kilometri rrugë, dhe për 12 mijë kilometra rrugë që ne kemi, do të thotë që brenda 10 apo 15 vjetëve ta zgjidhim këtë problem kombëtar, pra asfaltimin e të gjitha rrugëve rurale në Shqipëri.', 'Nga një studim që unë kam bërë për koston e 1 kilometri rrugë rurale, sipas manualit të vitit 177 Legjislatura e 10-të Viti 2024 2015 për rrugët, duke marrë parasysh rritjen e çmimeve kohëve të fundit, për të bërë 1 kilometër rrugë me asfalt me një gjerësi rruge 3,5 apo 3,6 metra kostoja është 30 milionë lekë të reja ose 300 mijë euro.']"
306,33,306_albcontrol_ajror_lundrimit_tregtare,"['albcontrol', 'ajror', 'lundrimit', 'tregtare', 'sh', 'jofitimprurës', 'shoqëritë', 'enti', 'publik', 'it']","['9901 të vitit 2008 “Për tregtarët dhe shoqëritë tregtare”. Objektivi kryesor i këtij projektligji është organizimi i Albcontrol-it në formën e një enti publik të pavarur, jobuxhetor dhe jofitimprurës, i cili do të veprojë në interes publik dhe do të ofrojë shërbimet e lundrimit ajror në hapësirën ajrore të Republikës së Shqipërisë sipas parashikimit të konventave dhe marrëveshjeve ndërkombëtare në fushën e aviacionit civil.', 'Projektligji përcakton krijimin e entit publik “Albcontrol”. Veprimtaria e ushtruar nga Albcontrol-i përbën shërbim publik dhe nuk ka qëllim fitimin.', 'Albcontrol-i funksionon në përputhje me ligjin nr. 96/2020 “Kodi Ajror i Republikës së Shqipërisë”, ku në nenin 85 përcaktohet ofertuesi i shërbimeve të lundrimit ajror si ent publik ose privat, duke e përdorur këtë hapësirë ligjore, për të argumentuar nevojën që Albcontrol-i të organizohet në funksionin e një enti publik duke prishur formën juridike që ka sot, siç e dimë, është “sh.a”, e cila operon në bazë të ligjit “Për shoqëritë tregtare”.']"
307,33,307_lavdërimet_ditë_njerëzish_festuar,"['lavdërimet', 'ditë', 'njerëzish', 'festuar', 'uroj', 'rëndësishme', 'grupi', 'pavarësisë', 'festohet', 'muajin']","['Ne kemi një përvojë të mirë, që 21 maji i vitit 2006 (kam pasur nderin të jem iniciator) u shpall “ditë e përkujtimit publik” dhe kremtohej njësoj si 8 Dhjetori, Dita Kombëtare e Rinisë, 4 dhjetori, dita e ushtrisë, apo edhe ditë të tjera përkujtimore publike, dhe duhet ta kthejmë në agjendë dhe të lobojmë fort të gjithë për të vendosur memorialin e qëndresës dhe të qëndrestarëve në qendër të Tiranës dhe të vazhdojmë punën tonë, të konsultohemi me Ministrinë e Kulturës, me qeverinë dhe me institucionet përgjegjëse, që muzeu i Spaçit të shpallet muze kombëtar dhe të plotësohet e të konfigurohet si një i tillë, si muze i dëshmisë së qëndresës antikomuniste.', 'Dua t’u uroj të gjithë shqiptarëve: gëzuar këtë ditë! Gjithashtu, kolegë, dua t’ju ftoj t’i bashkoheni nismës sime për ta bërë këtë ditë festë kombëtare, jo si një ditë tjetër pushimi, por si një ditë për të festuar një nga ngjarjet më të rëndësishme në historinë e kombit tonë, dhe jo vetëm në Lezhë, fatkeqësisht, por për të filluar festa nga Presheva në Kosovë, në Maqedoninë e Veriut, në viset ku flitet shqip, në Greqi, në viset tona në Malin e Zi e kudo në diasporën tonë!', 'Këto janë lavdërimet e një grupi njerëzish, të cilët nuk guxojnë të takojnë një qytetar të vetëm; lavdërimet e një grupi njerëzish, të cilët në çdo pozicion, kohë, stinë, ditë, vjedhin, vjedhin dhe vetëm vjedhin; lavdërimet e një grupi njerëzish, të cilët janë bërë urrejtja kryesore e qytetarëve shqiptarë; lavdërimet e një grupi njerëzish me në krye Edi Ramën, i cili udhëton me avion në dispozicion 150 deri në 300 mijë euro; lavdërimet e një grupi njerëzish, të cilët, në dallim nga të gjitha qeveritë në Europë, ndërtojnë një kilometër rrugë në fushë 22-24 milionë euro, 8 herë më i lartë sesa është çmimi, sepse ndajnë paratë me njëri-tjetrin, me akrabatë; lavdërimet e një grupi njerëzish, të cilët e kanë shndërruar administratën shtetërore në një shtrat të nxehtë të korrupsionit, të hajdutëve; lavdërimet e një grupi njerëzish të papërgjegjshëm, të cilët vendosin format më të egra të rrjepjes dhe të vjedhjes së qytetarëve shqiptarë.']"
308,33,308_spaho_edmond_deputeti_mikrofon,"['spaho', 'edmond', 'deputeti', 'mikrofon', 'ndërhyn', 'zoti', 'flet', 'ndërroj', 'frashëri', 'pa']","['(Deputeti Edmond Spaho ndërhyn pa mikrofon nga salla.) Zoti Spaho, ju nuk jeni në listën e diskutantëve.', 'Ju e dini këtë. (Ndërhyrje pa mikrofon në sallë) Po, zoti Spaho, për procedurë. Edmond Spaho – Zonja Kryetare, duhet të jeni e barabartë me të gjithë.', 'Faleminderit! Lindita Nikolla – Fjalën e ka zoti Edmond Spaho. (Deputeti Spaho flet nga vendi, pa mikrofon.) Jeni tërhequr?']"
309,33,309_varfër_varfërinë_popull_varfëria,"['varfër', 'varfërinë', 'popull', 'varfëria', 'varfërim', 'varfëri', 'refreni', 'varfërisë', 'vjedhur', 'njerëzit']","['Unë flas për gjërat bazë, flas për varfërinë në familje, varfërinë në përballimin e kushteve të sistemit shëndetësor dhe varfërinë sociale, por ju çfarë bëni?!', 'Më gjeni një proces në botë që të jetë si ky dhe në një vend që, siç i referoheni ju, i varfër e i varfër e i varfër.', 'Pa diskutim do t’ju them dhe një gjë të fundit: ju do të thoni gjatë gjithë kohës se kaq para kemi, do të marrim borxh, se jemi vend i varfër, pra e keni kthyer varfërinë në një arsye për të qenë edhe më të varfër, sepse s’po ngrihemi nga caku i varfërisë.']"
310,33,310_votash_shumicë_thjeshtë_akt,"['votash', 'shumicë', 'thjeshtë', 'akt', 'kërkon', 'votimi', 'hapur', 'hapet', 'projektligji', 'miratim']","['Ky akt kërkon shumicë të thjeshtë votash për miratim. Votimi është i hapur. Hapet votimi.', 'Ky akt kërkon shumicë të thjeshtë votash për miratim. Votimi është i hapur. Hapet votimi.', '(Ndërhyrje pa mikrofon) Ky akt kërkon shumicë të thjeshtë votash për miratim. Votimi është i hapur.']"
311,32,311_pallatit_pallati_pallatin_pallat,"['pallatit', 'pallati', 'pallatin', 'pallat', 'ndërtuesi', 'mbretëror', 'lulishte', 'parking', 'brigadave', 'protial']","['(Tregon foto.) Pra, shikoni si ia shtron! Dhe ky zotëria jo vetëm që i përdor këta 210 metra për parking, por përdor edhe pjesën tjetër shërbyese të pallatit, madje ka nxjerrë edhe një licencë te ministria (është njësoj si të marr unë një licencë dhe të bëj një parking përpara Parlamentit) duke zënë derën e pallatit.', 'Këtu pensionistëve u duhet të bëjnë me kilometra rrugë për të gjetur një lulishte; të paktën t’u krijojmë mundësi atyre, që ato pak ditë që u kanë mbetur të ulen në një lulishte para pallatit të tyre, jo siç ka ndodhur në lagjen time, ku është vjedhur prona e përbashkët, është uzurpuar pjesa shërbyese e pallatit dhe pastaj ne ankohemi.', 'Unë i kam të gjitha letrat dhe do t’i marr me radhë. Kemi bërë: (Tregon foto.) Këtu është vendimi i Komisionit të Kthimit të Pronave; këtu është leja e ndërtimit në vitin 2005, që e detyronte ndërtuesin të bënte lulishte përpara pallatit, jo parking privat, që nënat me fëmijë, të moshuarit të kenë mundësi të ulen përpara pallatit, të jenë dy stola dhe të mos thithin pluhur.']"
312,32,312_elektronikë_procedura_votash_votim,"['elektronikë', 'procedura', 'votash', 'votim', 'shumicë', 'votimit', 'thjeshtë', 'kërkon', 'hapur', 'votimi']","['Ky akt kërkon shumicë të thjeshtë votash. Votimi është i hapur. Procedura e votimit: një votim me elektronikë.', 'Ky akt kërkon shumicë të thjeshtë votash. Procedura e votimit: një votim me elektronikë. Votimi është i hapur.', 'Ky akt kërkon shumicë të thjeshtë votash. Procedura e votimit: një votim me elektronikë. Votimi është i hapur.']"
313,32,313_votimi_elektronikë_votim_hapet,"['votimi', 'elektronikë', 'votim', 'hapet', 'procedura', 'votimit', 'mbyllet', 'hapur', 'pro', 'vota']","['Procedura e votimit: 1 votim me elektronikë. Votimi është i hapur. Hapet votimi. Mbyllet votimi.', 'Procedura e votimit: një votim me elektronikë. Votimi është i hapur. Hapet votimi. Mbyllet votimi.', 'Procedura e votimit: një votim me elektronikë. Votimi është i hapur. Hapet votimi. Mbyllet votimi.']"
314,32,314_neni_pro_abstenim_miratohet,"['neni', 'pro', 'abstenim', 'miratohet', 'kundër', 'opsioni', 'nenit', 'statusquo', 'ruhej', 'ndryshime']","['Neni 1. Pro? Kundër? Abstenim? Miratohet. Neni 2. Pro? Kundër? Abstenim? Miratohet. Neni 3. Pro?', 'Neni 1. Pro? Kundër? Abstenim? Miratohet. Neni 2. Pro? Kundër? Abstenim? Miratohet. Neni 3. Pro?', 'Neni 1. Pro? Kundër? Abstenim? Miratohet. Neni 2. Pro? Kundër? Abstenim? Miratohet. Neni 3. Pro?']"
315,32,315_spaho_edmond_faleminderit_zoti,"['spaho', 'edmond', 'faleminderit', 'zoti', 'felaj', 'zotin', 'fjala', 'ermonela', 'nikolla', 'lindita']","['Lindita Nikolla – Dakord. Vijojmë! Fjalën e ka zoti Edmond Spaho. Edmond Spaho – Faleminderit, zonja Kryetare!', 'Faleminderit! Lindita Nikolla – Faleminderit! Fjala për zotin Edmond Spaho. Edmond Spaho – Faleminderit, zonja Kryetare!', 'Edmond Spaho – Të lutem, për procedurë. Lindita Nikolla – Po, zoti Spaho. Edmond Spaho – Faleminderit, zonja Kryetare!']"
316,32,316_dënuar_amnistia_gjkko_dënimi,"['dënuar', 'amnistia', 'gjkko', 'dënimi', 'dënimit', 'penale', 'liruar', 'përfituar', 'përfituesve', 'persona']","['Për sa u përket personave të dënuar për vitin 2023 dhe personave të dënuar për vitin 2024, drejtuesi i prokurorisë thotë se nga personat e dënuar për vitin 2023 vetëm 3 prej tyre kanë qenë në burg, pjesa tjetër janë liruar nga Gjykata e Posaçme kundër Korrupsionit, jo nga amnistia.', 'Nga 20 të dënuar nga GJKKO-ja, që kanë përfituar nga amnistia ulje dënimi për veprat penale të parashikuara nga germa “a” e nenit 75/a të Kodit të Procedurës Penale, vetëm 8 prej tyre kanë qenë të dënuar për veprat penale të kryera kundër veprimtarisë shtetërore të kryera nga shtetasit ose punonjësit shtetërorë në shërbim publik, pra subjekte të zakonshme (shtetas) ose nëpunës në shërbim publik, por kurrsesi zyrtarë të lartë dhe ish-zyrtarë.', 'Këta të tetë, nga 20 përfituesit me ulje dënimi nga amnistia, të dënuar nga GJKKO-ja, kanë qenë për një nga këto veprat që të listova, të tjerët janë dënuar nga GJKKO-ja, por kanë përfituar ulje dënimi për vepra të tjera.']"
317,31,317_cigareve_elektronike_cigaret_ndalimin,"['cigareve', 'elektronike', 'cigaret', 'ndalimin', 'duhanit', 'tërthortë', 'fëmijët', 'moshën', 'rregullimi', 'vjeç']","['Te ky rregullim parashikojmë: ndalimin e shitjes ose furnizimit, ndalimin e ofrimit falas apo shitjes me ofertë të cigareve elektronike për fëmijët, si dhe detyrimin e vendosjes së tabelave për ndalimin e shitjeve të cigareve elektronike për fëmijët nën moshën 18 vjeç në çdo pikëshitje, në çdo markatë, por edhe në çdo pikëshitje ambulatore, që sot është problem dhe duhet zbatuar për produktet e duhanit.', 'Rregullimi i parë ka të bëjë me ndalimin e shitjes dhe tregtimit të cigareve elektronike për fëmijët nën moshën 18 vjeç.', '40 të vitit 2014 të Bashkimit Europian, ku është një parashikim ligjor, që rregullon në mënyrë të rreptë ndalimin e përdorimit të cigareve elektronike, të shitblerjes, të tregtimit apo të faljes së cigareve elektronike për fëmijët nën moshën 18 vjeç.']"
318,30,318_shprehet_komisioni_nismëtari_dhënie,"['shprehet', 'komisioni', 'nismëtari', 'dhënie', 'mendimi', 'përgjegjës', 'njeriut', 'sigurinë', 'administratën', 'drejtat']","['Pyetje Shprehet nismëtari. Shprehet Komisioni përgjegjës për Sigurinë Kombëtare. Shprehet për dhënie mendimi Komisioni për Çështjet Ligjore, Administratën Publike dhe të Drejtat e Njeriut.', 'Pyetje Shprehet nismëtari. Shprehet Komisioni përgjegjës për Sigurinë Kombëtare. Shprehet për dhënie mendimi Komisioni për Çështjet Ligjore, Administratën Publike dhe të Drejtat e Njeriut.', 'Pyetje Shprehet nismëtari. Shprehet Komisioni përgjegjës për Sigurinë Kombëtare. Shprehet për dhënie mendimi Komisioni për Çështjet Ligjore, Administratën Publike dhe të Drejtat e Njeriut.']"
319,30,319_nenit_pika_103_nr,"['nenit', 'pika', '103', 'nr', 'bazë', 'ligjit', 'kushtetutës', '35', '147', '16']","['Në bazë të nenit 103 të Rregullores së Kuvendit dhe nenit 11, pika 1/g të ligjit nr.', 'Në bazë të nenit 103, pika 2, të Rregullores së Kuvendit dhe të nenit 11, pika 1/g , të ligjit nr.', 'Në bazë të nenit 103, pika 2 e Rregullores së Kuvendit dhe nenit 10, pika 2 e ligjit nr.']"
320,30,320_minuta_sekonda_folës_30,"['minuta', 'sekonda', 'folës', '30', 'dispozicion', 'folësin', 'minutat', 'sekondat', 'lashë', 'folur']","['Keni 30 sekonda shtesë për ta përfunduar, zoti Peleshi. Niko Peleshi – Unë e kam të pamundur të flas për strategjinë për 30 sekonda, gjithsesi ka disa faktorë, për të cilët duhet të diskutojmë.', 'Kishit kaluar 2 minuta nga koha. Të gjithëve u tolerojmë nga 30 sekonda. Kështu që, ju lutem, uluni!', 'Keni marrë 1 minutë e 43 sekonda, kështu që konkludoni, ju lutem, se kishit 10 minuta në dispozicion!']"
321,30,321_vjet_vjetëve_vjetësh_mblidhemi,"['vjet', 'vjetëve', 'vjetësh', 'mblidhemi', 'vite', 'gjetën', 'gjetëm', 'pas', 'ekstraktoni', 'jabanxhi']","['I kemi kaluar ato faza, kanë kaluar mbi 10 vjet, sot ne ndjekim konventat dhe rekomandimet e UNESCO-s për vitin 2030 dhe kjo është arsyeja se përse ne ecim përpara ndërsa ju vazhdoni dhe merreni me dokumente të cilat nuk dini se ku t’i gjeni, të ekstraktoni për më tepër nga dokumentet rreshta për të bërë thjesht arrogancë dhe debat politik shterp.', 'Ju thoni: dy vjet. Unë them: pse do ta vëmë dy vjet? Që të mblidhemi pas dy vjetëve prapë këtu dhe të bëhemi për t’u qeshur?', 'Nuk e blenë dot për 12 vjet, ndërkohë, kur erdhën, edhe në qarkun më të fundit gjetën skaner dhe rezonancë, pavarësisht broçkullave që vijnë dhe këpusin këtu: nuk gjetëm këtë, nuk gjetëm atë; gjetën edhe vdekshmëri foshnjore kombëtare njëshifrore.']"
322,30,322_sterilizimit_sterilizimi_koncesioni_check,"['sterilizimit', 'sterilizimi', 'koncesioni', 'check', 'up', 'ilir', 'sterilizimin', 'urdhri', 'ekstra', 'beqaj']","['Te spitali i madh, në katin minus 1, është vendosur koncesioni i sterilizimit, brenda një strukture shtetërore, që ka të dhëna se edhe korrenti paguhet nga shteti, pa llogaritur që kostot e sterilizimit janë shumë herë më të ulëta sesa faturat që koncensionari i pret shtetit shqiptar.', 'Ilir Beqaj nuk ndëshkohet për vjedhjet e mëdha të fondeve të sterilizimit, 83 herë e ka rritur çmimin e sterilizimit, por për 120 mijë eurot që ka shpenzuar në restorantin e vet, para të donatorëve, vetëm e vetëm për të mbrojtur Edi Ramën.', 'Çfarë ka bërë? Ka vënë avokatin e sterilizimit nënkryetar. Po si mendoni ju, ai që është paguar nga koncesioni i sterilizimit, do të hetojë për koncesionin e sterilizimit?!']"
323,30,323_votimit_procesin_nikolla_lindita,"['votimit', 'procesin', 'nikolla', 'lindita', 'drejtimin', 'faleminderit', 'kryetarja', 'pushim', 'pushimit', 'felaj']","['Faleminderit! (Drejtimin e seancës e merr Kryetarja e Kuvendit, zonja Lindita Nikolla.) Lindita Nikolla – Vijojmë me procesin e votimit.', '(Drejtimin e seancës e merr Kryetarja e Kuvendit, zonja Lindita Nikolla.) Lindita Nikolla – Të nderuar kolegë, kalojmë në procesin e votimit.', 'Faleminderit! (Pas pushimit) (Drejtimin e seancës e merr Kryetarja e Kuvendit, zonja Lindita Nikolla .) Lindita Nikolla – Kalojmë në procesin e votimit.']"
324,30,324_zyrtar_përkthyesit_rralla_përkthimit,"['zyrtar', 'përkthyesit', 'rralla', 'përkthimit', 'përkthyes', 'përkthimin', 'zyrtarë', 'përkthyesve', 'përkthim', 'gjuhë']","['82/2021 “Për përkthimin zyrtar dhe profesionin e përkthyesit zyrtar” është edhe çështja e ngritjes së komisioneve të posaçme për zhvillimin e provimeve të kualifikimit për gjuhët e rralla, ku rezultoi të kishte mungesa të anëtarëve.', 'Projektligji miratohet. Projektligj “Për disa shtesa dhe ndryshime në ligjin nr.82/2021, “Për përkthimin zyrtar dhe profesionin e përkthyesit zyrtar””.', '82/2021 “Për përkthimin zyrtar dhe profesionin e përkthyesit zyrtar””. Kjo nismë legjislative e qeverisë vjen si nevojë për rregullimin e një situate lidhur me mungesën e përkthyesve zyrtarë për gjuhë të rralla.']"
325,29,325_votime_absolute_elektronikë_procedura,"['votime', 'absolute', 'elektronikë', 'procedura', 'votash', 'shumicë', 'miratim', 'votimit', 'akt', 'kërkon']","['Ky akt kërkon shumicë absolute votash për miratim. Procedura e votimit: 2 votime me elektronikë.', 'Ky akt kërkon shumicë absolute votash për miratim. Procedura e votimit: 2 votime me elektronikë.', 'Ky akt kërkon shumicë absolute votash për miratim. Procedura e votimit: 2 votime me elektronikë.']"
326,29,326_votash_shumicë_elektronikë_procedura,"['votash', 'shumicë', 'elektronikë', 'procedura', 'thjeshtë', 'akt', 'votimit', 'votim', 'kërkon', 'miratim']","['Ky akt kërkon shumicë të thjeshtë votash për miratim. Procedura e votimit: 1 votim me elektronikë.', 'Ky akt kërkon shumicë të thjeshtë votash për miratim. Procedura e votimit: 1 votim me elektronikë.', 'Ky akt kërkon shumicë të thjeshtë votash për miratim. Procedura e votimit: 1 votim me elektronikë.']"
327,29,327_legjislatura_viti_10_2022,"['legjislatura', 'viti', '10', '2022', '2023', '424', 'eksperimentoi', 'peticionesh', 'objektivi', 'shqipëria']","['35 Legjislatura e 10-të Viti 2022 Nuk ka arsye tjetër pse dhe si ngrihet deri në organizim peticionesh online për përzënë përfaqësues të Shteteve të Bashkuara të Amerikës nga Shqipëria, njësoj siç ndodhte në vitin 1945.', 'Shqipërisë 35 Legjislatura e 10-të Viti 2022 po i ikën shtresa e mesme, njerëzit e dijes, financierët, inxhinierët, mjekët, mësuesit, juristët, dentistët.', 'Ne si qeveri socialiste, edhe në qasjen e reformës në administratën publike kemi dhënë mesazhin e bashkimit të shqiptarëve, e bashkëqeverisjes me qytetarët, e bashkëjetesës pa ngjyrime politike, e vlerësimit të kapitalit njerëzor si një pasuri e çmuar dhe se kjo reformë ka bekimin dhe vendosmërinë tonë të palëkundur si forcë politike për ta mbështetur dhe përafruar me standardet e Bashkimit Europian, jo vetëm me qasje legjislative, jo vetëm me praktika dhe procedura bashkëkohore, por edhe me paga dhe mbështetje financiare, ashtu siç është reflektuar në vendimet e fundit të qeverisë.']"
328,29,328_peza_alfred_alpenews_drejtor,"['peza', 'alfred', 'alpenews', 'drejtor', 'rtsh', 'drejtues', 'këshill', 'paligjshme', 'dinit', 'socialiste']","['Apo do ta bëni ju, si Këshill Drejtues, me një vendim që paratë të paguhen në mënyrë personale nga Alfred Peza, duke qenë se vendimet kanë qenë personale dhe jo të Këshillit Drejtues?', 'Alfred Peza ka qenë deputet i Partisë Socialiste në periudhën 2013-2017, pra një nga dy legjislaturat e fundit.', 'Në fakt, ai që duhet të ikë nga ky institucion, është Alfred Peza, i cili ka shkelur ligjin.']"
329,28,329_agron_tahiraj_klevis_ilir,"['agron', 'tahiraj', 'klevis', 'ilir', 'xhoxhi', 'çela', 'fatmir', 'paulin', 'furxhi', 'makiçi']","['Piro Tatiana 100. Piroli Kastriot 101.Pitushi Mirela 102. Qefalia Xhemal 103. Rakipi Ornaldo 104. Rama Edi 105.', 'Shehu Tritan 121. Tabaku Jorida 122. Tahiraj Anduel 123. Tahiraj Dasantila 124. Topi Ilir 125.', 'Xhelili Alban 136. Xhixho Erisa 137. Xhoxhi Klevis 138. Zake Enslemvera 139. Zeqaj Baftjar 140.']"
330,28,330_financiare_mbikëqyrjes_financiar_jobankar,"['financiare', 'mbikëqyrjes', 'financiar', 'jobankar', 'jobanka', 'fondeve', 'shoqërive', 'likuiditetit', 'kapitaleve', 'tregjeve']","['Sigurisht, është bërë një rishikim i rolit të Autoritetit të Mbikëqyrjes Financiare për këto skema, të cilat Autoriteti i Mbikëqyrjes Financiare i mbikëqyr të paktën që në vitet 2005-2006, pra qëkur është krijuar, në mos gaboj, sepse janë institucione financiare jobanka.', 'Faleminderit! Lindita Nikolla – Fjala për zotin Bujar Leskaj, 10 minuta. Bujar Leskaj – E nderuar zonja Kryetare, Të nderuar kolegë deputetë, Misioni i Autoritetit të Mbikëqyrjes Financiare është të jetë zhvillues, rregullues dhe mbikëqyrës i të gjithë tregut financiar jobankar në vend, duke filluar nga tregu i sigurimeve, tek ai i letrave me vlerë, i kapitaleve në tërësi, i pensioneve private dhe i fondeve të investimeve.', 'Dua të theksoj që në krye të herës misionin e Autoriteti të Mbikëqyrjes Financiare: misioni është të jetë zhvillues, rregullues, mbikëqyrës i rreptë dhe profesional i të gjithë tregut financiar jobankar në vend, duke filluar nga tregu i sigurimeve, tek ai i letrave me vlerë, i kapitaleve në tërësi, i pensioneve private dhe i fondeve të investimeve.']"
331,28,331_paraqitja_raportit_20_minuta,"['paraqitja', 'raportit', '20', 'minuta', 'kryetari', 'jo', 'drejtoresha', 'komisioneri', 'tomi', 'ilirjan']","['Paraqitja e raportit nga kryetari i KLSH-së, zoti Arben Shehu, jo më shumë se 20 minuta.', 'Paraqitja e raportit nga kryetari i KLSH-së, zoti Arben Shehu - jo më shumë se 20 minuta.', 'Paraqitja e raportit nga Kryetari i Komisionit të Konkurrencës, jo më shumë se 20 minuta.']"
332,28,332_shprehet_komisioni_financat_nismëtari,"['shprehet', 'komisioni', 'financat', 'nismëtari', 'dhënie', 'mendimi', 'përgjegjës', 'njeriut', 'administratën', 'ekonominë']","['Pyetje Shprehet nismëtari. Shprehet Komisioni përgjegjës për Ekonominë dhe Financat. Shprehet për dhënie mendimi Komisioni për Çështjet Ligjore, Administratën Publike dhe të Drejtat e Njeriut.', 'Pyetje Shprehet nismëtari. Shprehet Komisioni përgjegjës për Ekonominë dhe Financat. Shprehet për dhënie mendimi Komisioni për Çështjet Ligjore, Administratën Publike dhe të Drejtat e Njeriut.', 'Pyetje Shprehet nismëtari. Shprehet Komisioni përgjegjës për Ekonominë dhe Financat. Shprehet për dhënie mendimi Komisioni për Çështjet Ligjore, Administratën Publike dhe të Drejtat e Njeriut.']"
333,28,333_vullnetarizmit_vullnetarizëm_vullnetare_vullnetarizmin,"['vullnetarizmit', 'vullnetarizëm', 'vullnetare', 'vullnetarizmin', 'ofruesit', 'afatshkurtër', 'vullnetarizmi', 'vullnetarit', 'përvojë', 'vullnetarët']","['Risia e parë është krijimi i një Regjistri Kombëtar të Vullnetarizmit që do të përmbajë të dhënat e ofruesve të vullnetarizmit dhe të atyre që e kryejnë punën vullnetare.', 'Disa nga aspektet që janë në proces rishikimi, përfshijnë rregullimin dhe qartësimin e parashikimeve të ligjit aktual, duke filluar që te caktimi i marrëdhënies së veçantë ligjore, që krijohet midis ofruesit të vullnetarizmit dhe vullnetarit, përcaktimin në mënyrë të qartë të llojit të mbulimit që ofruesi i vullnetarizmit duhet të bëjë për të siguruar pjesën e shëndetit të vullnetarit; qëllimin e mbajtjes dhe përdorimit të regjistrit të vullnetarëve, por edhe të bëhen dallime në ligj midis vullnetarizmit të strukturuar dhe atij masiv apo afatshkurtër.', 'Dhe ofrues të vullnetarizmit mund të jenë institucionet shtetërore apo organizatat joqeveritare. që me këtë projektligj do të kenë detyrimin që brenda datës 31 mars të çdo viti të dërgojnë një raport të detajuar mbi veprimtarinë e vullnetarizmit, shërbimet, aktivitetet, kontratat e vullnetarizmit për ata që kanë ofruar punën vullnetare gjatë vitit paraardhës.']"
334,27,334_shqipërinë_autoshkollave_ndihmojmë_ardhmen,"['shqipërinë', 'autoshkollave', 'ndihmojmë', 'ardhmen', 'kuq', 'shkojmë', 'ecë', 'rinia', 'defiçitarë', 'dëshirueshëm']","['Pavarësisht ndryshimeve dhe ndërhyrjeve që kemi bërë, përsëri aty jemi shumë defiçitarë. Ndaj duhet ta ndryshojmë edhe këtë gjë; duhet ta ndihmojmë Shqipërinë të ecë edhe në këtë aspekt.', 'Kjo arritje, për të cilën duhet të jemi të gjithë krenarë, si majtas, ashtu edhe djathtas, ka ardhur falë një pune të palodhur të qeverisë shqiptare dhe bizneseve, të cilat kanë ofruar shërbime më të mira, mjedis më të pastër, një promovim më të mirë, një imazh që reflekton kulturë, por edhe një përmirësim të ndjeshëm të infrastrukturës rrugore nga Jugu deri në Veri të vendit.', 'Nga krahu tjetër, kemi rënë dakord që kurset e ndihmës së shpejtë, të cilat sot bëhen pranë Kryqit të Kuq Shqiptar, të mund të bëhen pranë autoshkollave, sigurisht përsëri nga Kryqi i Kuq Shqiptar, dhe në këtë mënyrë mund të kursejnë kohë të gjithë ata që do të kryejnë një kurs të caktuar dhe ta bëjnë pranë autoshkollave.']"
335,27,335_kfor_kosovës_veriun_kosovë,"['kfor', 'kosovës', 'veriun', 'kosovë', 'it', 'eulex', 'veri', 'paprekshmërinë', 'policia', 'lamtumirë']","['Siç dihet, atje mund të shkojnë vetëm policia dhe institucionet civile, Eulex-i dhe KFOR-i, ende nuk shkon FSK-ja (Forca e Sigurisë së Kosovës), për shkak të një marrëveshjeje dhe për shkak të qëndrimeve të KFOR-it.', 'Kryeministri deklaroi se KFOR-i duhet ta marrë Veriun e Kosovës. Për ata që nuk e kuptojnë duket interesante, por kjo e cenon integritetin e Kosovës, sepse Kosova është në një proces për t’u bërë shtet, dhe Veriun duhet ta marrë policia e Kosovës bashkë me EULEX-in dhe KFOR-in.', 'Mendoj se edhe vetë KFOR-i e ka keqkuptuar, sepse KFOR-i i është përgjigjur që nuk ka ndërmend dhe nuk ka mandat të bëjë republikë të KFOR-it në Veri të Kosovës.']"
336,27,336_anijet_antivegjetative_dëmshme_sistemet,"['anijet', 'antivegjetative', 'dëmshme', 'sistemet', 'anijeve', 'ndotjes', 'bojërat', 'antindotje', 'përdorimin', 'konventa']","['Konventa ndalon përdorimin e organotinave të dëmshme në bojërat kundër ndotjes të përdorura në anije dhe vendos një mekanizëm për të parandaluar përdorimin e mundshëm të substancave të tjera të dëmshme në të ardhmen në sistemet anti-ndotje.', 'Për këto arsye, palëve në konventë u kërkohet të ndalojnë ose të kufizojnë përdorimin e sistemeve të dëmshme antindotje në anijet që mbajnë flamurin e tyre, si dhe në anijet që nuk kanë të drejtë të mbajnë flamurin e tyre, por që veprojnë nën autoritetin e tyre, dhe të gjitha anijet që hyjnë në port, kantier detar ose terminal në det të një pale.', 'Sipas kushteve të konventës, palëve në konventë u kërkohet të ndalojnë dhe/ose të kufizojnë përdorimin e sistemeve të dëmshme antindotje në anijet që mbajnë flamurin e tyre, në anijet që nuk kanë të drejtë të mbajnë flamurin e tyre, por që veprojnë nën autoritetin e tyre, si dhe të gjitha anijet që hyjnë në një port, kantier detar, ose terminal në det të një pale.']"
337,27,337_verifikimin_hetimor_kuvendit_mblodh,"['verifikimin', 'hetimor', 'kuvendit', 'mblodh', 'konferenca', 'shqipërisë', 'development', 'ligjshmërisë', 'kuvendi', 'diskutua']","['Këtu mbyllet kjo pikë e rendit të ditës. Në fillim të seancës plenare ju njoftova se sot u mblodh Konferenca e Kryetareve, ku u diskutua kërkesa e deputetëve të opozitës së Kuvendit të Shqipërisë për ngritjen e komisionit hetimor të Kuvendit për verifikimin e ligjshmërisë së procedurave të ndjekura nga institucionet shtetërore për verifikimin e projektit dhe të investimit të portit të Durrësit.', 'Njoftoj se në datën 12.1.2023 u mblodh Konferenca e Kryetarëve, ku u diskutua kërkesa e 36 deputetëve të Kuvendit të Shqipërisë për ngritjen e komisionit hetimor të Kuvendit “Për verifikimin e ligjshmërisë së shpenzimeve me avion jashtë shtetit të Kryeministrit në detyrë”.', 'Ju njoftoj se sot u mblodh Konferenca e Kryetarëve, ku u diskutua kërkesa e 35 deputetëve të opozitës së Kuvendit të Shqipërisë për ngritjen e komisionit hetimor të Kuvendit “Për verifikimin e ligjshmërisë së procedurave të ndjekura nga institucionet shtetërore për verifikimin e projektit të investitorit të portit të Durrësit, për negocimin dhe ruajtjen e interesit publik, si dhe lidhjen e marrëveshjes kuadër ndërmjet Këshillit të Ministrave të Republikës së Shqipërisë dhe “Eagle Hills Real” “Estate Development”, “Albanian Seaports Development Company” sh.a., dhe “ Nshmi Development LLC”.']"
338,27,338_amendamentet_elisa_spiropali_gazment,"['amendamentet', 'elisa', 'spiropali', 'gazment', 'bardhi', 'nota', 'amendamenteve', 'përgjegjës', 'komisioni', 'amendament']","['Elisa Spiropali – Po amendamentet ku janë, zonja Zhupa? Pa mirë të gjitha këto retorika politike!', 'Eduard Shalsi – Është shumë interesante... Elisa Spiropali – Një minutë, sepse ka një shqetësim për amendamentet e mbetura të zotit Vasili, më pas do ta marrë fjalën zonja Xhixho për 5 amendamentet e tjera.', 'Gazment Bardhi – Për amendamentet fjalën e merr ai që propozon amendamentet. Elisa Spiropali – ...ka të drejtë edhe komisioni përgjegjës apo...']"
339,27,339_pozicione_kategorinë_aplikantë_ekzekutive,"['pozicione', 'kategorinë', 'aplikantë', 'ekzekutive', 'aplikantëve', 'civil', 'pranimit', 'mesme', 'pune', 'mosha']","['Dua t’ju përmend që mosha mesatare e çdo aplikanti për pozicione në nivel ekzekutiv, pra në nivel specialisti, është 32 vjeç, tani që flasim, ndërsa mosha mesatare e aplikantëve për pozicione të niveleve të mesme dhe të ulëta drejtuese, pra përgjegjës sektori dhe drejtorie, është 35 vjeç.', 'Gjatë këtij viti janë verifikuar në terren, pra në institucione, 1 422 pozicione të shërbimit civil, nga të cilat është konstatuar se 219 pozicione ose 15% janë vende të lira, 1173 ose 83% janë të plotësuara dhe 30 pozicione ose 2% janë të zëna nga punonjës të emëruar në kundërshtim me ligjin.', 'Rekrutimi për vitin 2023 ka qenë në masën 72%, numri mesatar i aplikantëve për pozicion ka qenë 13,5 aplikantë, plotësimi i vendeve vakante ka qenë 77%, procedura e pranimit në shërbimin civil në kategorinë ekzekutive ka qenë 14,3 aplikantë, procedura e lëvizjes paralele ka qenë 1,7 aplikantë, procedura e ngritjes në detyrë 3 aplikantë, procedura e pranimit nga jashtë shërbimit civil në kategorinë e ulët dhe të mesme drejtuese 23,9 aplikantë.']"
340,27,340_botërore_banka_bankës_studim,"['botërore', 'banka', 'bankës', 'studim', 'larguam', 'shfaq', 'përpiquni', 'monetar', 'thotë', 'bankën']","['Këto janë shifrat, 1,9% e ka Banka Botërore, dhe nuk i them unë, nuk i thotë opozita, sepse, po t’i thoshte opozita, ju do të thoshit: “Ju shpifni dhe nxini gjithçka”, por raportet e Bankës Botërore, të Fondit Monetar Ndërkombëtar dhe të organizmave të Bashkimit Europian janë raporte serioze, të mirëstudiuara, me shifra konkrete, të sakta dhe nuk ka shanse që të jenë ndryshe.', 'Pa diskutim, këtë nuk e themi ne si opozitë, por e thotë Banka Botërore dhe e dinë të gjithë.', 'Nuk e thotë opozita, ne vetëm e kemi publikuar kur e ka publikuar Banka Botërore, por e thotë Banka Botërore, vendin e parë.']"
341,26,341_votimi_elektronikë_hapet_parim,"['votimi', 'elektronikë', 'hapet', 'parim', 'mbyllet', 'hapur', 'vota', 'abstenim', 'pro', 'kundër']","['Votimi është i hapur. Hapet votimi në parim me elektronikë. Mbyllet votimi. Janë 97 vota pro, 1 kundër, asnjë abstenim.', 'Votimi është i hapur. Hapet votimi në parim me elektronikë. Mbyllet votimi. Janë 73 vota pro, asnjë kundër, asnjë abstenim.', 'Votimi është i hapur. Hapet votimi në parim me elektronikë. Mbyllet votimi. Janë 73 vota pro, asnjë kundër, asnjë abstenim.']"
342,26,342_votimi_hapet_mbyllet_vota,"['votimi', 'hapet', 'mbyllet', 'vota', 'hapur', 'abstenim', 'pro', 'kundër', 'asnjë', '75']","['Votimi është i hapur. Hapet votimi. Mbyllet votimi. Janë 83 vota pro, asnjë kundër dhe asnjë abstenim.', 'Votimi është i hapur. Hapet votimi. Mbyllet votimi. Janë 83 vota pro, 1 kundër, asnjë abstenim.', 'Votimi është i hapur. Hapet votimi. Mbyllet votimi. Janë 74 vota pro, asnjë kundër dhe asnjë abstenim.']"
343,26,343_projektrezolutës_veprimtarisë_raporti_votimit,"['projektrezolutës', 'veprimtarisë', 'raporti', 'votimit', 'nr', 'koha', 'ligjit', 'vjetore', 'neni', 'vjetor']","['Koha e votimit të projektrezolutës 8. Raporti vjetor i veprimtarisë së Komisionerit për Mbrojtjen nga Diskriminimi për vitin 2023, (neni 26 i ligjit nr.', 'Koha e votimit të projektrezolutës. 5. Raporti i veprimtarisë së Komisionit të Prokurimit Publik për vitin 2022 ( neni 32 i ligjit nr.', 'Koha e votimit të projektrezolutës 5. Raporti vjetor i veprimtarisë së Autoritetit të Konkurrencës për vitin 2022 (neni 24 i ligjit nr.']"
344,26,344_peqinit_kinezët_bashkinë_vëlla,"['peqinit', 'kinezët', 'bashkinë', 'vëlla', 'kinë', 'peqini', 'kinez', 'kina', 'popullin', 'kontejnerët']","['Janë 1532 familje me ndihmë ekonomike, e cila nuk u del. Për ilustrim, po ju bëj me dije, ta shikojë edhe media, gjendjen në Bashkinë e Peqinit, vetëm 50 metra larg qendrës së Peqinit.', 'Dashnor Sula – Pra, do t’ju jap prova dhe fakte të pakundërshtueshme, që në bashkinë e Peqinit përgjatë 10 vjetëve të qeverisjes suaj nuk është investuar qoftë edhe 1 lekë për sa u përket problematikave që ka zona e Peqinit.', 'Kini parasysh që problematika në Bashkinë e Peqinit është jashtëzakonisht e madhe. Edhe në të famshmen reformë territoriale që ju bëtë, sigurisht, numri i punonjësve është shtuar dhe janë 350 punonjës sot, por e dini, jua kam thënë edhe herë tjetër, kanë 3 muaj pa marrë rrogën në Bashkinë e Peqinit.']"
345,26,345_suedisë_finlandës_nato_finlanda,"['suedisë', 'finlandës', 'nato', 'finlanda', 'suedia', 'mbretërisë', 'aleancën', 'anëtare', 'anëtarësimin', 'traktatin']","['Vendi ynë e ka mbështetur që në momentet e para dhe pa rezerva anëtarësimin e Finlandës dhe Suedisë në NATO dhe arsyet për këtë janë të qarta.', 'Dy javë më parë, në Madrid, NATO-ja pranoi kërkesën e Suedisë dhe të Finlandës për anëtarësimin e tyre të menjëhershëm në NATO.', 'Nënshkrimi i këtij protokolli më 5 korrik 2022 nga 30 vende anëtare të NATO-s dhe ratifikimi në parlamentet e tyre, pra nga parlamenti i Republikës së Finlandës dhe Mbretërisë së Suedisë, si dhe sot nga parlamenti ynë, do të bëjë të mundur pranimin e Republikës së Finlandës dhe të Mbretërisë së Suedisë në Traktatin e Atlantikut të Veriut, duke i bërë kështu këto 2 shtete anëtarët e 31-të dhe të 32-të të NATO-s.']"
346,25,346_dogjani_uluni_mikrofon_zoti,"['dogjani', 'uluni', 'mikrofon', 'zoti', 'ndërhyrje', 'pa', 'ndërhyn', 'skenë', 'panevojshme', 'lutem']","['(Ndërhyrje pa mikrofon) Zoti Dogjani, ju lutem! I bie të kalojmë në votim. Mos... (Ndërhyrje pa mikrofon) Zoti Dogjani, pse e bëni këtë skenë krejt të panevojshme?', '(Ndërhyrje pa mikrofon) Vazhdojmë, zoti Dogjani, ka kërkuar fjalën për... (Ndërhyrje pa mikrofon nga salla) Zoti Dogjani, ju lutem, nëse keni kërkuar fjalën, flisni!', '(Zoti Dogjani ndërhyn pa mikrofon.) Zoti Dogjani, uluni, ju lutem! (Zoti Dogjani ndërhyn pa mikrofon.) Ju tërheq vëmendjen për sjelljen në seancë!']"
347,25,347_paraqitja_projektrezolutën_raportit_projektrezolutës,"['paraqitja', 'projektrezolutën', 'raportit', 'projektrezolutës', 'përgjegjës', '20', '103', 'shprehet', 'minuta', 'miratimin']","['Paraqitja e raportit nga Komisioneri, jo më shumë se 20 minuta. Shprehet për projektrezolutën Komisioni përgjegjës për Çështjet Ligjore, Administratën Publike dhe të Drejtat e Njeriut.', 'Paraqitja e raportit nga Komisioneri, jo më shumë se 20 minuta. Shprehet për projektrezolutën Komisioni përgjegjës për Çështjet Ligjore, Administratën Publike dhe të Drejtat e Njeriut.', '152/2013 “Për nëpunësin civil”, neni 103 i Rregullores, shumicë e thjeshtë votash për miratimin e projektrezolutës) Paraqitja e raportit nga Komisioneri - jo më shumë se 20 minuta Shprehet për projektrezolutën Komisioni përgjegjës për Çështjet Ligjore, Administratën Publike dhe të Drejtat e Njeriut.']"
348,25,348_përhershëm_shkrim_debatit_kryetar,"['përhershëm', 'shkrim', 'debatit', 'kryetar', 'zhvillimi', 'kërkohet', 'grupi', 'komision', 'paktën', 'pyetje']","['Pyetje Zhvillimi i debatit (nëse kërkohet me shkrim nga një komision i përhershëm, një kryetar grupi parlamentar ose të paktën 10 deputetë).', 'Pyetje Zhvillimi i debatit (nëse kërkohet me shkrim nga një komision i përhershëm, një kryetar grupi parlamentar ose të paktën 10 deputetë) 5.', 'Pyetje Zhvillimi i debatit (nëse kërkohet me shkrim nga një komision i përhershëm, një kryetar grupi parlamentar ose të paktën 10 deputetë) 6.']"
349,25,349_kontratë_kontratën_koncesionare_kontrate,"['kontratë', 'kontratën', 'koncesionare', 'kontrate', 'kontrata', 'ministre', '2018', 'shtesë', 'materiali', 'fap']","['- Vendimi i Gjykatës Administrative e urdhëronte Belinda Ballukun ta përcillte kontratën e vitit 2018 në Këshillin e Ministrave, por nuk ndodhi kështu, sepse vendimi i Gjykatës u keqpërdor për të zhvilluar negociata të paligjshme me koncesionarin, duke ndryshuar totalisht kriteret e saj, si dhe duke rritur afatin e kësaj kontrate.', 'Zonja Ministre, kërkoj të informohem nga ju pse nuk e zbatuat vendimin e Gjykatës së Apelit Administrativ, i cili ju detyronte të dërgonit kontratën e vitit 2018 në Këshillin e Ministrave, pasi ky ishte i vetmi organ që kishte tagër për të mos miratuar kontratën e firmosur nga ministri i Infrastrukturës.', 'Pas negociatave goxha produktive, duhet theksuar se ju, zonja Ministre, në datën 9 maj të vitit 2022 keni firmosur kontratën e re koncesionare për rrugën Thumanë-Kashar, por vetëm emri ishte i njëjtë, pasi gjithçka tjetër në atë kontratë kishte ndryshuar.']"
350,25,350_44_procesverbalit_miratimi_datës,"['44', 'procesverbalit', 'miratimi', 'datës', 'plenare', 'pika', 'neni', 'rregullores', 'seancës', '06']","['2. Miratimi i procesverbalit të seancës plenare të datës 20.7.2023 (neni 44, pika 2 e Rregullores).', 'Miratimi i procesverbalit të seancës plenare të datës 6.6.2024 (neni 44, pika 2, i Rregullores së Kuvendit).', 'Miratimi i procesverbalit të seancës plenare të datës 2.10.2023 (neni 44, pika 2, i Rregullores).']"
351,25,351_komunizmit_krimet_pasojat_studimeve,"['komunizmit', 'krimet', 'pasojat', 'studimeve', 'institutit', 'iskk', 'viktimave', 'instituti', 'pasurimin', 'komunist']","['Raporti vjetor i veprimtarisë së Institutit të Studimeve për Krimet dhe Pasojat e Komunizmit në Shqipëri për vitit 2021 (neni 11, pika 1/g e ligjit nr.', 'Kuvendi kërkon që Instituti i Studimeve për Krimet dhe Pasojat e Komunizmit për vitin 2022, në përmbushje të detyrave të ngarkuara me ligj, të angazhohet veçanërisht edhe në këto drejtime: Me të dhënat që ISKK-ja disponon duhet të krijojë një bazë të dhënash të viktimave në burgje dhe kampe, si dhe të investojë në pasurimin e këtyre të dhënave në mënyrë periodike; të rinovojë marrëveshjen me ministrinë përgjegjëse për arsimin, me qëllim rritjen e aksesit të informacionit në sektorin e edukimit shkollor për krimet e komunizmit dhe pasojave të tij në Shqipëri, si dhe ofrimin e një qasjeje të re arsimore për komunizmin në shkolla përmes ofrimit të modeleve novatore pedagogjike; të angazhohet në zhvillimin e aktiviteteve në kuadër të edukimit qytetar, me fokus kryesor angazhimin e të rinjve, duke përdorur forma inovative të informimit për krimet dhe pasojat e komunizmit në vendin tonë; të intensifikojë bashkëpunimin me universitetet publike dhe private përmes ofrimit të trajnimeve për studentët, në kuadër të praktikës profesionale mbi katalogimin arkivor, si objektiv i parashikuar në planin strategjik 2022-2025 të ISKK-së; të zgjerojë bashkëpunimin me shoqatat vendase dhe të diasporës, me qëllim mbledhjen e dëshmive që janë jashtë kufijve, si një burim potencial për zgjerimin e arkivit audiovizual apo kolanës së botimeve; të publikojë në faqen zyrtare procedurën e rekrutimit të këshillit shkencor dhe vendimmarrjet e tij, në funksion të transparencës dhe informimit; bordi i ISKK-së të angazhohet në zbatimin e kodit të etikës së institucionit për të siguruar paanësi në ushtrimin e funksionit të anëtarëve të tij dhe parandalimin e rasteve të papajtueshmërisë, si të zgjedhur nga Kuvendi i Shqipërisë.', 'Duke vlerësuar rolin e Institutit të Studimeve për Krimet dhe Pasojat e Komunizmit në grumbullimin, administrimin, ruajtjen dhe dokumentimin e materialeve të kësaj periudhe në Shqipëri; duke njohur bashkëpunimin e këtij instituti me institucionet kërkimore, kulturore, arsimore dhe institucione të tjera vendase dhe të huaja për shkëmbimin e informacionit dhe të përvojës lidhur me objektin e punës së institutit; duke konsideruar se detyrat kryesore të punës së këtij instituti kërkojnë mbështetjen e vazhdueshme të organeve shtetërore, medies, shoqërisë civile dhe partnerëve në funksion të ruajtjes së kujtesës sonë kolektive, Kuvendi i Shqipërisë shqyrtoi veprimtarinë e Institutit të Studimeve për Krimet dhe Pasojat e Komunizmit për vitin 2021 dhe konstatoi se: instituti ka arritur të kryejë studimin e çështjeve ekonomike gjatë regjimit komunist; është angazhuar në aplikimin e formave inovative të pasqyrimit të veprimtarisë së institutit; ka shtuar numrin e botimeve të reja nga transkriptimi i arkivit audiovizual të ISKK-së; është angazhuar për rritjen e veprimtarisë në sektorin e edukimit shkollor me gjetjen e formave interaktive të përcjelljes së historisë së komunizmit, si dhe trajnimin e mësuesve për mënyrën e informimit për komunizmin; është investuar në përdorimin e dëshmive audiovizuale, si mjet i fuqishëm në rritjen e eficencës së komunikimit përmes konkretizimit dhe memorizimit të historisë; ka zhvilluar aktivitete institucionale për njohjen e të rinjve dhe informimin e publikut të gjerë me aspektet ideologjike të arkitekturës në komunizëm; ka mbledhur, botuar dhe publikuar dëshmi të të dënuarve për arsye politike, për trajtimin e tyre në burgje, në internime, dëbime dhe forma të tjera të persekutimit, si dhe për probleme të tjera që lidhen me krimet dhe pasojat e komunizmit.']"
352,25,352_pika_presidentit_58_dekreti,"['pika', 'presidentit', '58', 'dekreti', '98', 'neni', 'kushtetutës', 'republikës', 'absolute', 'shkarkim']","['4. Dekreti i Presidentit të Republikës së Shqipërisë nr.195, datë 9.9.2023 “Për shkarkim ministri” (neni 98, pika 2 e Kushtetutës dhe neni 58, pika 2 e Rregullores së Kuvendit, votim i hapur me shumicë absolute votash).', '2. Dekreti i Presidentit të Republikës së Shqipërisë nr.192, datë 9.9.2023 “Për shkarkim ministri” (neni 98, pika 2 e Kushtetutës dhe neni 58, pika 2 e Rregullores së Kuvendit, votim i hapur me shumicë absolute votash).', '8. Dekreti i Presidentit të Republikës së Shqipërisë nr.200, datë 9.9.2023 “Për emërim ministri” (neni 98, pika 2 e Kushtetutës dhe neni 58, pika 2 e Rregullores së Kuvendit, votim i hapur me shumicë absolute votash).']"
353,25,353_disiplinore_seancës_ermonela_drejtuesit,"['disiplinore', 'seancës', 'ermonela', 'drejtuesit', 'felaj', 'bindeni', 'zbatoni', 'rregullores', 'ndërpresë', 'drejtuesi']","['Ermonela Felaj – Edhe një herë, është një e drejtë e Rregullores që ia njeh Kryetarit ose drejtuesit të seancës, që, kur e çmon të arsyeshme, ta ndërpresë seancën, kaq e thjeshtë është.', 'Kolegë, për të disatën herë, pa iu adresuar masave disiplinore, sepse dhënia e masave disiplinore nuk është qëllim në vetvete, ju lutem, të mund të rivendosim rregull në këtë seancë dhe të vijojmë normalisht!', 'Ermonela Felaj – Faleminderit, zoti Braçe! Ndërhyrja juaj është e drejtë, sepse është detyrë e drejtuesit të seancës t’i kujtojë çdo folësi që duhet t’i përmbahet rendit të ditës dhe kjo e drejtë shkon deri në ndërprerjen e fjalës, por më duhet ta pranojmë që, në fakt, nuk kemi arritur dot ta respektojmë këtë pikë të Rregullores, sepse kjo nuk kërkon thjesht dhe vetëm ndërhyrjen e drejtuesit, por kërkon mirëkuptimin e të gjithëve.']"
354,24,354_marrëveshje_marrëveshjeje_rëndësishme_rinovon,"['marrëveshje', 'marrëveshjeje', 'rëndësishme', 'rinovon', 'angazhohej', 'kontrolloheshin', 'vëmendjen', 'marrëveshjes', 'pikëpyetjeje', 'suportit']","['Kjo marrëveshje rinovon një marrëveshje tjetër që ka ekzistuar midis dy qeverive tona, pikërisht atë të 8 prillit 2013, e cila ka pësuar ndryshime ndër vite, për të pasur një bashkëpunim me të fortë në të ardhmen.', 'Më ka tërhequr vëmendjen kjo marrëveshje, dhe dua ta theksoj këtu në sallë me ju, të nderuar kolegë, që kjo marrëveshje shkon edhe në dobi të plotësimit të detyrimeve që kemi për Agjendën 2030 “Objektivat e Zhvillimit të Qëndrueshëm”, konkretisht, me objektivin nr.', 'Kjo marrëveshje është një marrëveshje e cunguar, një marrëveshje që duhet të ishte e plotë.']"
355,24,355_shprehet_nismëtari_përgjegjës_njeriut,"['shprehet', 'nismëtari', 'përgjegjës', 'njeriut', 'administratën', 'drejtat', 'çështjet', 'komisioni', 'pyetje', 'ligjore']","['Pyetje Shprehet nismëtari. Shprehet Komisioni përgjegjës për Çështjet Ligjore, Administratën Publike dhe të Drejtat e Njeriut.', 'Pyetje Shprehet nismëtari. Shprehet Komisioni përgjegjës për Çështjet Ligjore, Administratën Publike dhe të Drejtat e Njeriut.', 'Pyetje Shprehet nismëtari. Shprehet Komisioni përgjegjës për Çështjet Ligjore, Administratën Publike dhe të Drejtat e Njeriut.']"
356,24,356_rregullores_103_pika_njoftime,"['rregullores', '103', 'pika', 'njoftime', 'njoftoj', 'diskutime', 'evidentuara', 'neni', '44', 'nenit']","['2. Njoftime (neni 44, pika 3, i Rregullores së Kuvendit) 3. Diskutime për çështje të evidentuara nga zgjedhësit (neni 40/1, pika 4, i Rregullores së Kuvendit).', 'Faleminderit! Lindita Nikolla – Ju njoftoj se kryetari i Grupit Parlamentar të Partisë Demokratike dhe një grup deputetësh, në bazë të nenit 103, pika 8 të Rregullores, kanë paraqitur kërkesën për diskutime për raportin vjetor për institucionet e përfshira në rendin e ditës.', 'Ju njoftoj se kryetari i Grupit Parlamentar të Partisë Demokratike dhe një grup deputetësh, në bazë të nenit 103, pika 8, të Rregullores, kanë paraqitur kërkesën për diskutime për raportin vjetor të institucioneve të përfshira në rendin e ditës.']"
357,24,357_elektronikë_procedura_votash_shumicë,"['elektronikë', 'procedura', 'votash', 'shumicë', 'votim', 'akt', 'votimit', 'thjeshtë', 'hapur', 'kërkon']","['Ky akt kërkon shumicë të thjeshtë votash për miratim. Votimi është i hapur. Procedura e votimit: 1 votim me elektronikë.', 'Ky akt kërkon shumicë të thjeshtë votash për miratim. Votimi është i hapur. Procedura e votimit: 1 votim me elektronikë.', 'Ky akt kërkon shumicë të thjeshtë votash për miratim. Votimi është i hapur. Procedura e votimit: një votim me elektronikë.']"
358,24,358_rendit_pikë_ditës_mbyllet,"['rendit', 'pikë', 'ditës', 'mbyllet', 'nikolla', 'lindita', 'faleminderit', 'diskutimi', 'kalojmë', 'pikën']","['Faleminderit! Lindita Nikolla – Faleminderit! Këtu mbyllet diskutimi për këtë pikë të rendit të ditës.', 'Faleminderit! Lindita Nikolla – Faleminderit! Këtu mbyllet kjo pikë e rendit të ditës. Kalojmë në pikën tjetër të rendit të ditës.', 'Ju faleminderit! Lindita Nikolla – Faleminderit! Këtu mbyllet edhe kjo pikë e rendit të ditës.']"
359,24,359_tiranës_policia_bastardi_patrulla,"['tiranës', 'policia', 'bastardi', 'patrulla', 'spak', 'prokuroria', 'qeni', 'erion', 'rehat', 'bërtasin']","['Prej 2 javësh askush nuk reagon, policia nuk e sheh, edhe pse është shumë afër qendrës së Tiranës, në një prej zonave më të populluara, kështu që patjetër duhet të ketë patrulla të policisë bashkiake rrugore...', 'Jam i bindur që SPAK-u, me hetimin që po bën me dosjen e Tiranës, shumë shpejt do të çojë dhe duhet të çojë para drejtësisë Erion Veliajin, jo vetëm për rastin e inceneratorit të Tiranës, por edhe për një ngjarje tjetër kriminale dhe tragjike, që unë sa të kem frymë do ta përmend gjithmonë, rastin e humbjes së Ardit Gjoklaj, që ka zanafillën në landfill-in e Sharrës dhe ku për herë të parë, pas humbjes së jetës së tij, Erion Veliaj doli përpara...', 'Paradite në revolucionin me orar te Bashkia e Tiranës, në rrugën “Murat Toptani”, ju i kërkoni SPAK-ut të arrestojë Veliajn; në darkë te rrugica e “Doktorit”, në rrugën “Mustafa Matohiti”, Oerd, ju, personalisht, dhe i gjithë grupi juaj i deputetëve mallkoni SPAK-un si organizatë kriminale, për të mos folur për gardistët e kuq, që shoqërojnë Sali Berishën si të pandehur në dyert e SPAK-ut dhe bërtasin: “Poshtë SPAK-u” dhe po të njëjtët gardistë të kuq, që, kur shkojnë të Viti 2024 232 Legjislatura e 10-të paraqiten aty funksionarë të tjerë apo kryetari i bashkisë, bërtasin me të madhe, si në skenat e revolucionit kinez, me pështyma: “Në burg qeni!”.']"
360,24,360_policinë_performojmë_shtetit_hetojë,"['policinë', 'performojmë', 'shtetit', 'hetojë', 'tiranës', 'lëndë', 'narkotike', 'hetim', 'deputeteje', 'konfiskuar']","['Nëse zotrote deklaron publikisht se nuk keni urdhëruar as rrethimin me kangjella të Kuvendit, as prezencën e mbi 500 punonjësve të forcave operacionale të Gardës së Republikës në mjediset e Kuvendit, as ndërhyrjen e forcave speciale të Policisë së Shtetit, a ka mundësi të na thuash: a ke kryer ndonjëherë ndonjë hetim administrativ se kush e ka dhënë urdhrin e paligjshëm që Policia e Shtetit të dhunojë, në ambientet e Kuvendit, deputetët e Kuvendit të Shqipërisë?', 'Taulant Balla – Për replikë dhe për të folur, meqenëse nënkryetari i Kuvendit, zoti Gjekmarkaj, preku një prej detyrave më të rëndësishme që mendoj se ka Policia e Shtetit, e cila ka të bëjë me sigurinë pranë shkollave, dua ta informoj Kuvendin e Shqipërisë se, edhe për çështjen që ngriti zoti Gjekmarkaj, prej ditës së parë në këtë detyrë i kam kërkuar Policisë së Shtetit të identifikojë të gjitha llojet e lëndëve narkotike apo edhe lëndë të tjera, të cilat në legjislacionin shqiptar nuk konsiderohen si lëndë narkotike, por që janë kthyer sot në një trend të rrezikshëm të përdorimit dhe pastaj të krijimit të varësisë së fëmijëve, hap pas hapi, tek lëndë të ndryshme narkotike.', 'Ajo që unë kam thënë dhe që në mënyrë krejtësisht të vërtetë e ka raportuar media, është komplet tjetër gjë: ne kemi thënë, media ka referuar, dhe unë kam dokumentin, i cili është vendimi i gjykatës së Brukselit, që, me vendim gjykate dhe me kërkesë të përmbaruesit gjyqësor, shtetit shqiptar i janë konfiskuar 130 milionë euro të Albcontrol-it dhe në këtë moment që flasim, sipas procedurës që parashikon ligji belg, ku po bëhet ekzekutimi përkatës, për shkak se atje është selia e Eurocontrol-it, po bëhet plani i shpërndarjes, sepse shuma që i është sekuestruar, që i është konfiskuar shtetit shqiptar, 130 milionë euro, do të shkojë për ekzekutimin e dy vendimeve të Arbitrazhit, njëri prej të cilëve është “Agon Channel” 110 milionë euro, shuma tjetër për një kompani tjetër që ka fituar, gjithashtu, Arbitrazhin ndaj shtetit shqiptar.']"
361,23,361_çamërisë_gjenocidit_27_qershor,"['çamërisë', 'gjenocidit', '27', 'qershor', '1994', 'grekë', '7839', 'shovinistët', 'qershori', 'dita']","['Me të drejtë, Parlamenti shqiptar më 30 qershor 1994 miratoi ligjin nr. 7839, për shpalljen e datës 27 qershor në kalendarin kombëtar, si Dita Përkujtimore e Gjenocidit të shovinistëve grekë ndaj shqiptarëve të Çamërisë, shpallur me dekretin nr.', '7839, datë 30.06.1994 “Për shpalljen e datës 27 qershor në kalendarin kombëtar si “Dita e Gjenocidit ndaj shqiptarëve të Çamërisë nga shovinistët grekë dhe ngritja e një memoriali””, dhe kjo është shoqëruar edhe me një rezolutë të këtij parlamenti.', '7839, datë 30.6.1994 “Për shpalljen e datës 27 qershor në kalendarin kombëtar si dita e gjenocidit ndaj shqiptarëve të Çamërisë nga shovinistët grekë dhe ngritjen e këtij memoriali”.']"
362,23,362_matematikën_matematikë_aritmetikë_7x7,"['matematikën', 'matematikë', 'aritmetikë', '7x7', 'fish', 'matematika', 'fletëve', '49', 'luli', 'numrat']","['Më falni, unë e di që matematikën nuk e keni pikën tuaj më të fortë, por, si do të punohet?', '(Ndërhyrje pa mikrofon) Gazment, të lutem! Ne, për fat të keq, kemi pasur shumë probleme me matematikën 7x7= 42 dhe nuk na kanë dalë mirë llogaritë për 10 vjet.', '(Ndërhyrje pa mikrofon) S’janë bërë akoma, se jeni keq me matematikën. Ju ka lënë Luli me probleme në matematikë.']"
363,23,363_treg_konkurrencës_zinxhirit_tregje,"['treg', 'konkurrencës', 'zinxhirit', 'tregje', 'tregjet', 'çmimeve', 'pakicë', 'qarkullimit', 'çmimet', 'ushqimeve']","['Në kushtet e rritjes së çmimeve në një treg si yni, i shtrembëruar nga mungesa e konkurrencës në vijim, prania e informalitetit në nivelet mbi 40%, sipas raporteve të Bankës Botërore, si dhe ndërhyrjes së qeverisjes së sektit Rama, me tarifa dhe pagesa të ndryshme, pa u bazuar në metodologji shkencore, pa u thelluar për efektet që ato sjellin mbi operatorët e tregut, pasojat janë të shumta dhe tejet të dëmshme.', 'Por, neutralizimi i efekteve psikologjike mbi çmimet duhej të kishte bërë që bordet të shkriheshin, me aktin normativ të mbylljes që në fund të muajit prill, ndërsa ato kanë vazhduar me efektet e tyre vrastare edhe për më shumë se një mua (me sa duket do të vazhdojnë edhe më gjatë me këtë qeveri), që nga fundi i prillit, duke shkaktuar mungesa dhe përkeqësuar problemet e zinxhirit të furnizimit në tregjet e menaxhuara me borde.', 'Konkurrenca në treg është bërë akoma më shumë e padrejtë për një segment të gjerë të pikave të tregtimit me pakicë të ushqimeve bazë dhe të karburanteve, duke sjellë përkeqësimin jo vetëm të treguesve të shitjes dhe të qarkullimit, por edhe të situatës së tyre financiare.']"
364,23,364_ushqimeve_zarzavatet_çmimet_rritur,"['ushqimeve', 'zarzavatet', 'çmimet', 'rritur', 'buka', 'shportës', 'vajra', 'patatet', 'qumështi', 'ushqimore']","['Çmimet e ushqimeve bazë të shportës, si: buka, vaji, zarzavatet dhe bulmeti, mbeten sërish shumë të larta; sidomos në dy vitet e fundit, ato janë rritur në mënyrë galopante.', 'Brenda grupit të ushqimeve, çmimet e nëngrupit “vajra dhe yndyrna” u rritën me 24,2%, pasuar nga nëngrupet “qumësht, djathë dhe vezë” me 17,1%, “bukë dhe drithëra” me 16,7%, “reçel, mjaltë dhe ëmbëlsira” me 14,3%, mish me 7,8%, zarzavatet, përfshirë edhe patatet, me 5,2%, pjesa dërrmuese e tyre të prodhuara në vend.', 'Brenda grupit të ushqimeve, çmimet e nëngrupit vajra dhe yndyra u rritën me 29,1%, pasuar nga nëngrupet e tjera si bukë dhe drithëra me 18,6%, qumësht, djathë dhe vezë me 18,4%, sheqer, reçel, mjaltë, çokollata dhe ëmbëlsira Viti 2022 340 Legjislatura e 10-të me 15,0%, zarzavatet, përfshirë patatet me 13,0%, mishi me 7,8%, peshku me 7,2%.']"
365,23,365_shprehet_komisioni_financat_dhënie,"['shprehet', 'komisioni', 'financat', 'dhënie', 'mendimi', 'njeriut', 'përgjegjës', 'administratën', 'ekonominë', 'drejtat']","['Shprehet Komisioni përgjegjës për Ekonominë dhe Financat. Shprehet për dhënie mendimi Komisioni për Çështjet Ligjore, Administratën Publike dhe të Drejtat e Njeriut.', 'Shprehet Komisioni përgjegjës për Ekonominë dhe Financat Shprehet për dhënie mendimi Komisioni për Çështjet Ligjore, Administratën Publike dhe të Drejtat e Njeriut.', 'Shprehet Komisioni përgjegjës për Ekonominë dhe Financat. Shprehet për dhënie mendimi Komisioni për Çështjet Ligjore, Administratën Publike dhe të Drejtat e Njeriut.']"
366,23,366_burgjeve_paraburgosurve_dënuarve_trajtimin,"['burgjeve', 'paraburgosurve', 'dënuarve', 'trajtimin', 'burgim', 'kushteve', '81', 'burgosurve', '2020', 'vakante']","['81/2020 “Për të drejtat dhe trajtimin e të dënuarve me burgim dhe të paraburgosurve”. Fillojmë diskutimin me paraqitjen nga nismëtari.', '81/2020 “Për të drejtat dhe trajtimin e të dënuarve me burgim dhe të paraburgosurve” ka si qëllim saktësimin e rregullimit të marrëdhënies së punës të nëpunësve të Drejtorisë së Përgjithshme të Burgjeve dhe institucioneve të ekzekutimit të vendimeve penale, duke kaluar në rregullimin e tyre sipas Kodit të Punës, si dhe krijimin e kushteve dhe të mundësive për plotësimin e vendeve vakante në pozicionet e punës në këto institucione.', 'Në fakt, kur lexova që ishin disa shtesa dhe ndryshime në ligjin nr. 81/2020 “Për të drejtat dhe trajtimin e të dënuarve me burgim dhe të paraburgosurve”, mendova se kishim të bënim me ndryshime për të përmirësuar kushtet dhe të drejtat e të dënuarve dhe të paraburgosurve, por në brendësi ky ligj nuk sjell dhe nuk përmban asnjë dispozitë në këtë drejtim, përkundrazi, synon thjesht saktësimin e rregullimit të marrëdhënies së punës së nëpunësve të Drejtorisë së Përgjithshme të Burgjeve dhe institucioneve të ekzekutimit të vendimeve penale, duke kaluar në rregullimin e tyre sipas Kodit të Punës, si dhe krijimin e kushteve për plotësimin e vendeve vakante në pozicionet e punës në këtë institucion, pra duke bërë hapa mbrapa në drejtim të mbrojtjes së interesave të nëpunësve publikë.']"
367,23,367_shprehen_dhënie_grupet_mendimi,"['shprehen', 'dhënie', 'grupet', 'mendimi', 'diskutime', 'votimit', 'shprehet', 'parlamentare', 'koha', 'europiane']","['Shprehet për dhënie mendimi Komisioni për Çështjet Europiane. Diskutime (Shprehen grupet parlamentare.) Koha e votimit 6.', 'Shprehet për dhënie mendimi Komisioni për Çështjet Europiane. Diskutime (Shprehen grupet parlamentare.) Koha e votimit 6.', 'Shprehet për dhënie mendimi Komisioni për Çështjet Europiane. Diskutime (Shprehen grupet parlamentare.) Koha e votimit 8.']"
368,23,368_frikë_frikësuar_frika_frikës,"['frikë', 'frikësuar', 'frika', 'frikës', 'frike', 'paranoja', 'katundisht', 'frikën', 'muhaj', 'ilirjan']","['Duke pasur frikë edhe nga Ilirjan Muhaj si kryeplak i fshatit Katundisht, ju tregoni se keni frikë edhe nga hija juaj; keni frikë nga ëndrrat që shikoni natën, në të cilat nuk reflektohet gjë tjetër, veçse bëmat e mëdha të këtij regjimi.', 'Pse keni frikë nga intelektualët, të nderuar zotërinj?! Keni frikë nga mendjet, keni frikë nga dijet, keni frikë nga shkolla, keni frikë nga ndonjë vizion i hapur.', 'Kjo juaja është paranoja e frikës, sepse ju keni frikë nga e vërteta, keni frikë nga Partia Demokratike, keni frikë nga opozita, keni frikë nga Sali Berisha.']"
369,22,369_mafia_mafies_plehrave_shqiptare,"['mafia', 'mafies', 'plehrave', 'shqiptare', 'mafie', 'camorra', 'corona', 'mafiet', 'unita', 'marijuanë']","['- Mafia shqiptare punon për mafien kalabreze, “Ndranghetta”. Mafia shqiptare ka marrë me nënkontraktim nga mafia kalabreze menaxhimin e trafikut të drogës”.', 'Ja, pra, kjo është mafia. Çfarë është mafia? Mafia në Shqipëri e në bashkëpunim me mafien italiane, e drejtuar dhe nën bekimin e qeverisë shqiptare, jep tenderë, merr tenderë, vjedh nëpërmjet inceneratorëve.', 'Kanë filluar të thonë se në Shqipëri mafia është në pushtet, madje po e thonë edhe mediet se në Shqipëri jo thjesht mafia është në pushtet, por mafia ka pushtetin e saj.']"
370,22,370_nënkryetarja_ora_znj_rendi,"['nënkryetarja', 'ora', 'znj', 'rendi', 'paradites', '00', 'seanca', 'enjte', 'pasdites', 'ditës']","['Lindita Nikolla dhe Nënkryetarja, znj. Ermonela Felaj E enjte, 30.06.2022 Seanca e paradites, ora 10:00 Rendi i ditës: 1.', 'Lindita Nikolla dhe Nënkryetarja, znj. Ermonela Felaj E enjte, 05.10.2023 Seanca e paradites, ora 10:00 Rendi i ditës: 1.', 'Lindita Nikolla dhe Nënkryetarja, znj. Ermonela Felaj E enjte, 20.10.2022 Seanca e paradites, ora 10:00 Rendi i ditës: 1.']"
371,22,371_buxhet_buxheti_shqiptarë_shqiptarëve,"['buxhet', 'buxheti', 'shqiptarë', 'shqiptarëve', 'qeveris', 'buxhetet', 'trastën', 'rryma', 'arredimin', 'faktik']","['Të nderuar shqiptarë, Të dashur kolegë deputetë, në këtë rast e kam për kolegët e mi të opozitës, sepse këta janë shumë të gëzuar me duartrokitje nga buxheti i mirëqenies së tyre personale dhe mjerimit të qytetarëve shqiptarë, Ky është buxheti i 12-të që kjo qeveri sjell në këtë sallë dhe për të 12-tën herë ky buxhet është një dëshmi e qartë e asaj që qytetarët tanë vuajnë çdo ditë: korrupsionin galopant që po shkatërron ekonominë dhe shpresën e këtij vendi.', 'Ndaj është koha ta refuzojmë këtë buxhet të korrupsionit dhe të pabarazisë dhe të luftojmë për një buxhet që vendos si prioritet qytetarin shqiptar, për një buxhet që rrit në mënyrë reale pagat dhe pensionet; një buxhet që i mbështet fermerët dhe ul koston për ta; një buxhet që ul çmimet dhe ndihmon familjet shqiptare të jetojnë me dinjitet.', 'Në fakt, edhe pse buxheti është i zi për pjesën dërrmuese të shqiptarëve, nuk duhet ta bëjmë aq të zi, sepse ky buxhet u shërben disa njerëzve, u shërben atyre që do të marrin tenderët e rrugëve, që fryhen me disa zero rrugës çdo muaj, atyre që paratë e subvencioneve në bujqësi i shndërrojnë në hotele me 5 yje, si ish-ministrja e tij, bashkëpunëtorja e tij e ngushtë, Olta Xhaçka, dhe për ata njerëz që kontrollojnë ekonominë në Shqipëri, që siç e shohim në dosje, flasin me Ramën, edhe për arkitekturën, edhe për arredimin e shtëpive të tyre.']"
372,22,372_parlamentit_europian_srebrenicë_rezoluta,"['parlamentit', 'europian', 'srebrenicë', 'rezoluta', 'rezolutën', 'rezolutës', 'racizmit', 'rezolutat', 'gjenocidi', 'intolerancës']","['Kjo është një nismë që mbështetet në rezolutat e Parlamentit Europian për përkujtimin e këtij gjenocidi dhe në vlerësimet e Komisionit Europian kundër racizmit dhe intolerancës së Këshillit të Europës të 22 marsit 2017.', 'Kjo është rezoluta e Parlamentit Europian, nuk është një gjë që e kemi vënë ne.', '09-92-T, 22 nëntor 2017; vendimit të apelit të Mekanizmit të Përhershëm Ndërkombëtar për Gjykatat Penale 8 qershor 2021; bazuar në rezolutat e Këshillit të Sigurimit të OKB-së të datës 25 maj 1993, të datës 9 korrik 2004 dhe të datës 22 nëntor 2004; në përputhje të plotë me rezolutat e Parlamentit Europian të datave 7 korrik 2005, 15 janar 2009 dhe 15 korrik 2015 për përkujtimin e gjenocidit në Srebrenicë, si dhe me vlerësimet e raportit të Komisionit Europian kundër racizmit dhe intolerancës të Këshillit të Europës, miratuar më 22 mars 2017; i njëzëshëm me deklaratat e përfaqësuesit të lartë të Bashkimit Europian për Punët e Jashtme dhe Politikën e Sigurisë, njëkohësisht zëvendëspresident i Komisionit Europian, zotit Josep Borrell-i, si dhe të Komisionerit Oliver Varhelyi për gjenocidin në Srebrenicë; në mbështetje dhe në zbatim 195 Legjislatura e 10-të Viti 2022 të përparësive të Republikës së Shqipërisë të përcaktuara për mandatin në Këshillin e Sigurimit të Organizatës së Kombeve të Bashkuara për periudhën 2022-2023, si dhe programit të punës së Presidencës Shqiptare të Këshillit të Sigurimit për muajin qershor 2022, që kishte në qendër respektimin e së drejtës ndërkombëtare, forcimin e llogaridhënies për shkeljet e rënda të së drejtës ndërkombëtare dhe në frymën e debatit të hapur të nivelit të lartë të Këshillit të Sigurimit të OKB-së “Për forcimin e llogaridhënies dhe drejtësisë për shkeljet e rënda të së drejtës ndërkombëtare” (debat që u zhvillua në datën 2 qershor 2022); me vullnetin e palëkundur për të kontribuar në ruajtjen dhe forcimin e paqes, të sigurisë dhe të vlerave demokratike në Europë, veçanërisht në rajonin e Ballkanit Perëndimor; Kuvendi i Republikës së Shqipërisë konfirmon qëndrimin e Shqipërisë se mohimi i gjenocidit, të kryer ndaj popullatës boshnjake në Srebrenicë nga forcat serbe të Bosnjës, përbën shkelje të ligjit ndërkombëtar, nxit fenomenin e pandëshkueshmërisë ndaj krimeve të luftës, si dhe shkel mbi dinjitetin e më shumë se 8 mijë civilëve që u masakruan në Srebrenicë, të mbijetuarave dhe familjeve të tyre, por edhe ndaj rreth 10 mijë shqiptarëve të vrarë gjatë spastrimit etnik në Kosovë dhe 20 mijë grave të dhunuara nga regjimi serb i Slobodan Milosheviçit; shpreh dhimbjen e thellë për viktimat dhe traumat njerëzore të shkaktuara nga gjenocidi në Srebrenicë, si dhe mirëkuptimin e plotë dhe simpatinë e sinqertë ndaj të lënduarve gjatë luftës së përgjakshme në Bosnjë- Hercegovinë; dënon fuqimisht çdo prirje dhe veprim për të mohuar publikisht, me qëllim ose jo, gjenocidin e kryer në Srebrenicë, fshehjen e motiveve, lavdimin e autorëve, ideatorëve dhe mbështetësve të këtij gjenocidi dhe konsideron të papranueshme e tejet të rrezikshme vazhdimin dhe përshkallëzimin e retorikës politike nacionaliste, nxitjen e urrejtjes etnike, si pasojë e mohimit të gjenocidit të kryer në Srebrenicë, të masakrave dhe krimeve të tjera kundër njerëzimit të kryera në të gjithë hapësirën e ish-Jugosllavisë nga disa individë, grupime, aktorë politikë e mediatike brenda dhe jashtë Ballkanit; bashkohet me vlerësimin se qëndrimet e kandidatëve për anëtarësim në BE duhen të përputhen plotësisht jo vetëm me acquis-në e BE-së, por edhe me politikën e përbashkët të jashtme dhe të sigurisë në BE, në linjë me ato parime dhe vlera të vendosura nga BE-ja.']"
373,22,373_projektrezoluta_vlerësimin_veprimtarisë_projektrezolutë,"['projektrezoluta', 'vlerësimin', 'veprimtarisë', 'projektrezolutë', 'votimi', '72', 'abstenim', 'miratohet', 'vota', 'hapet']","['Hapet votimi. Mbyllet votimi. 73 vota pro, asnjë kundër, asnjë abstenim. Projektrezoluta miratohet. Projektrezolutë “Për vlerësimin e veprimtarisë së Autoritetit të Konkurrencës për vitin 2023”.', 'Hapet votimi. Mbyllet votimi. 72 vota pro, 1 kundër, asnjë abstenim. Projektrezoluta miratohet. Projektrezolutë “Për vlerësimin e veprimtarisë së Këshillit të Lartë të Prokurorisë për vitin 2023”.', 'Hapet votimi. Mbyllet votimi. 72 vota pro, 1 kundër, 1 abstenim. Projektrezoluta miratohet. Projektrezolutë “Për vlerësimin e veprimtarisë së Këshillit të Lartë Gjyqësor për vitin 2023”.']"
374,22,374_dekretit_presidentit_datë_shkarkim,"['dekretit', 'presidentit', 'datë', 'shkarkim', 'emërim', 'projektvendimi', 'republikës', 'miratimin', 'nr', 'ministri']","['5. Projektvendimi “Për miratimin e dekretit të Presidentit të Republikës së Shqipërisë nr. 269, datë 30.7.2024, “Për shkarkim ministri””.', 'Projektvendimi “Për miratimin e dekretit të Presidentit të Republikës së Shqipërisë nr. 269, datë 30.7.2024 “Për shkarkim ministri””.', '6. Projektvendimi “Për miratimin e dekretit të Presidentit të Republikës së Shqipërisë nr. 270, datë 30.7.2024, “Për emërim ministri””.']"
375,22,375_kalojmë_votimin_nen_variantit,"['kalojmë', 'votimin', 'nen', 'variantit', 'legjislatura', '2024', 'viti', '10', 'votim', 'karton']","['(Zhurmë në sallë) Kalojmë në votimin nen për nen me kartonë, Viti 2023 204 Legjislatura e 10-të sipas variantit të komisionit.', 'Miratohet. 133 Legjislatura e 10-të Viti 2023 Kalojmë në votimin nen për nen me karton, sipas variantit të komisionit.', 'Votimi është i hapur. Kalojmë në votimin nen për nen me karton, 251 Legjislatura e 10-të Viti 2024 sipas variantit të komisionit.']"
376,22,376_mirëdita_60_diskutime_rendit,"['mirëdita', '60', 'diskutime', 'rendit', 'hapim', 'jashtë', 'ditës', 'plenare', 'seancën', 'çështje']","['Diskutime për çështje jashtë rendit të ditës (60’). Lindita Nikolla – Mirëdita! Hapim seancën plenare.', 'Diskutime për çështje jashtë rendit të ditës (60’). Lindita Nikolla - Mirëdita! Hapim seancën plenare.', 'Diskutime për çështje jashtë rendit të ditës (60’). Lindita Nikolla – Mirëdita! Hapim seancën plenare, të nderuar kolegë!']"
377,22,377_shprehet_komisioni_dhënie_sigurinë,"['shprehet', 'komisioni', 'dhënie', 'sigurinë', 'mendimi', 'përgjegjës', 'njeriut', 'administratën', 'drejtat', 'kombëtare']","['Shprehet Komisioni përgjegjës për Sigurinë Kombëtare. Shprehet për dhënie mendimi Komisioni për Çështjet Ligjore, Administratën Publike dhe të Drejtat e Njeriut.', 'Shprehet Komisioni përgjegjës për Çështjet Ligjore, Administratën Publike dhe të Drejtat e Njeriut. Shprehet për dhënie mendimi Komisioni për Sigurinë Kombëtare.', 'Shprehet Komisioni përgjegjës për Sigurinë Kombëtare. Shprehet për dhënie mendimi Komisioni për Çështjet Ligjore, Administratën Publike dhe të Drejtat e Njeriut.']"
378,22,378_zhupa_minuta_dispozicion_ina,"['zhupa', 'minuta', 'dispozicion', 'ina', 'zonja', 'faleminderit', 'nikolla', 'lindita', 'manastriliu', 'doni']","['Ka shumë pika në rendin e ditës. Zonja Zhupa, keni fjalën, 7 minuta. (Ndërhyrje pa mikrofon) E ka fjalën zonja Zhupa, 7 minuta.', 'Kishit 9 minuta në dispozicion dhe jeni dëgjuar për 9 minuta. Zonja Zhupa. Ina Zhupa – Faleminderit, e nderuar zonja drejtuese e seancës!', 'Koha në dispozicion për zonjën Zhupa është 10 minuta. Ina Zhupa – Faleminderit, e nderuar zonja drejtuese e seancës!']"
379,22,379_kryetarëve_konferencës_konferencën_konferenca,"['kryetarëve', 'konferencës', 'konferencën', 'konferenca', 'hetimor', 'paraqitur', 'refuzuar', 'kërkesë', 'ngritjen', 'dyshohet']","['Edhe pse unë nuk jam shprehur në atë mbledhje të Konferencës së Kryetarëve, qëndrimi ka qenë i qartë: në bazë të ligjit, duhet të kishte një vendim të ndërmjetëm nga komisioni për t’ia paraqitur Konferencës së Kryetarëve.', 'Një gjë minimale mund ta kishit bërë: meqë Konferenca e Kryetarëve ua refuzoi dashamirësinë e kryetares për të futur në shqyrtim një kërkesë, e cila nuk ishte e bazuar as në Rregullore, as në ligj, të paktën të kishit ankimuar vendimin e Konferencës së Kryetarëve, pra atë vendim të djeshëm, që u mor me shumicë në Konferencën e Kryetarëve, por as këtë nuk e bëtë, që të paktën të shprehej seanca sot për...', 'T’ju them të vërtetën, ndihem pak në faj që e kam çuar atë kërkesë të shtatë deputetëve të opozitës në Konferencën e Kryetarëve, sepse, normalisht, pa një vendim të ndërmjetëm, nuk duhet ta kisha paraqitur në Konferencën e Kryetarëve, por, për hir të debatit dhe të faktit që hetimi ka një rëndësi të posaçme, unë e kam paraqitur në Konferencën e Kryetarëve, ku, sigurisht, anëtarët tuaj në Konferencë, kryetarët e komisioneve, kanë marrë pjesë në atë debat, është diskutuar dhe në fund është votuar për mosshtyrje.']"
380,22,380_miliardë_lekë_shoqërore_sigurimet,"['miliardë', 'lekë', 'shoqërore', 'sigurimet', '2025', '27', 'vitin', 'social', 'pensioneve', 'përkujdesi']","['Në krahasim me buxhetin, ne po shpërndajmë sot 27 miliardë lekë nga të ardhurat, dhe nga 27 miliardë lekë vetëm 1,7 miliardë lekë vijnë nga sigurimet shoqërore.', 'Ndër të tjera, shpenzimet për sigurimet shoqërore për vitin 2025 janë parashikuar në masën 197,7 miliardë lekë, nga të cilët, për politikën e indeksimit të pensioneve janë parashikuar 1,6 miliardë lekë dhe për shpërblimin e fundvitit 3,75 miliardë lekë.', 'Buxheti i sigurimeve shoqërore për vitin 2025 është 184,3 miliardë lekë, ndërkohë që në vitin 2012 ishte 83 miliardë lekë, pra ne sot kemi 100 miliardë më shumë në skemën e sigurimeve shoqërore; kontributet në vitin 2025 janë 142,9 miliardë lekë, ndërkohë që në vitin 2012 kontributet ishin vetëm 50 miliardë lekë, prapë 100 miliardë lekë më pak; transferimet nga buxheti i shtetit për vitin 2025 janë 41,3 miliardë lekë, në vitin 2012 ishin vetëm 33 miliardë lekë.']"
381,21,381_tvsh_lekë_kriza_461,"['tvsh', 'lekë', 'kriza', '461', 'filloi', 'shportës', '20', 'limit', 'uljen', 'shitje']","['Përpara krizës TVSH-ja ishte 37 lekë për litër. Sa është sot? 52 lekë për litër vetëm TVSH.', 'Kush do e paguajë TVSH-në? Po, ashtu është, e qartë fare. Në qoftë se grumbullon brenda vendit, paguan 833 lekë TVSH, te ky çmimi 4040 lekë, që është kostoja, po të shesësh me kosto edhe mund ta kapësh rendimentin 5 kuintalë grurë për dynym, por në qoftë se e sjell nga importi paguan vetëm 160 lekë TVSH.', '800 kilovat/orë pa TVSH janë 7600 lekë, me 9,5 lekë dhe, duke vendosur dhe TVSH-në, pasi çdo faturë ka 20-përqindëshin e TVSH-së, shkon 9120 lekë, duke pasur parasysh edhe taksën e televizorit, që është 100 lekë.']"
382,21,382_raportin_zotërinj_vjetor_nderuar,"['raportin', 'zotërinj', 'vjetor', 'nderuar', 'mbikëqyrjes', 'deputetë', 'autoritetit', 'dumani', 'kënaqësinë', 'nderuara']","['Faleminderit! Pranvera Strakosha - E nderuar zonja Kryetare e Kuvendit, Të nderuar zonja e zotërinj deputetë, Kam kënaqësinë t’ju paraqes raportin vjetor të veprimtarisë së Komisionerit për Mbikëqyrjen e Shërbimit Civil për vitin 2021!', 'Faleminderit! Mimoza Kaçi – E nderuar drejtuese e seancës, Të nderuara zonja dhe zotërinj deputetë, Kam kënaqësinë të jem këtu sot për të prezantuar para jush raportin e veprimtarisë së Autoritetit të Mbikëqyrjes Financiare gjatë vitit 2023.', 'E nderuara zonja kryetare e Kuvendit, Të nderuar zonja dhe zotërinj deputetë, Ju falënderoj për ftesën në lidhje me prezantimin e raportit vjetor për vitin 2021 të Autoritetit të Mbikëqyrjes Financiare!']"
383,21,383_fondi_fondet_zhvillimit_shqiptar,"['fondi', 'fondet', 'zhvillimit', 'shqiptar', 'fondeve', 'ipard', 'fonde', 'prokurimeve', 'meritën', 'tipike']","['Dy institucionet tipike, që edhe gjatë vitit 2022 kanë kryer shkeljet më serioze dhe me dëm të ndjeshëm ekonomik për buxhetin e shtetit, janë: Autoriteti Rrugor Shqiptar dhe Fondi Shqiptar i Zhvillimit.', 'Çështjet që ne kemi ngritur dhe analizuar me shumë përgjegjësi, fondet e tenderuara nga Fondi Shqiptar i Zhvillimit dhe vendimet sa u përket banesave individuale, të cilat janë jashtëzakonisht shqetësuese, si: fondet e paguara në periudha zgjedhore; fondet e angazhuara për çdo buxhet të shtetit, ku niset me 5 miliardë dhe përfundohet brenda vitit me pothuajse 25 miliardë, tregojnë jo vetëm korrupsionin, por edhe paaftësinë dhe arrogancën që vjen nga paprekshmëria.', 'Fondi Shqiptar i Zhvillimit është kthyer në një agjenci që keqmenaxhon paratë publike. Janë të shumta tenderët dhe kontratat e përfituara dhe të zbatuara nga Fondi kur, në kundërshtim të hapur me ligjin e prokurimeve publike dhe rregulla të tjera në fuqi fituese, nuk shpallen kompani që ofrojnë vlerën më të ulët ekonomike për cilësi të barabartë oferte, por kompani të favorizuara nga drejtuesit e Fondit, drejtuesit e pushtetit vendor, të dirigjuara nga drejtuesi i sektit.']"
384,21,384_buxhet_ndihmohet_buxheti_shpërndarje,"['buxhet', 'ndihmohet', 'buxheti', 'shpërndarje', 'zgjidhë', 'buxhetit', 'ekonomik', 'jetës', 'kompensimin', 'përfundimisht']","['Përfundimisht, ky buxhet shpreh më së mirë kërkesat dhe aspiratat e qytetarëve dhe synon përmirësimin e jetës së tyre, si dhe garanton një zhvillim të qëndrueshëm ekonomik.', 'Sigurisht, kjo ndihmohet nga projektimi i drejtë i një buxheti, por, mbi të gjitha, ndihmohet nga idetë inovative, ndihmohet nga mendimi inteligjent, dashamirësia për të bërë më të mirën për vendin, bashkëpunimin gjithëpërfshirës.', 'Që një buxhet të jetë i tillë, ai do të duhet të jetë i prekshëm për qytetarët, do të duhet të përmirësojë nivelin e jetesës së tyre, do të duhet të rrisë rrogat, të rrisë pensionet, të ndihmojë shtresat shoqërore më të varfra, të ndihmojë fermerët, të zgjidhë përfundimisht problemin e pronave, të zgjidhë kompensimin e ish-pronarëve, kompensimin e ish- të përndjekurve politikë, do të duhet të zvogëlojë polarizimin ekonomik midis shtresave të ndryshme të shoqërisë, do të duhet të sigurojë një shpërndarje sa më të drejtë të të ardhurave.']"
385,21,385_spiunët_spiun_spiuni_politikani,"['spiunët', 'spiun', 'spiuni', 'politikani', 'spiunë', 'lloje', 'spiunit', 'shqetësuan', 'fshehurazi', 'ministrisë']","['Epo ne nuk mund të lejojmë që spiunët dhe hierarkët e ish-Sigurimit të Shtetit të jenë deputetë, kryeministra apo presidentë; nuk mund të lejojmë që ata të kthejnë përmbys të gjitha vlerat tona, që hajduti të bërtasë: “Kapeni hajdutin!”, që tradhtari të bëjë patriotin, që i pamoralshmi të shesë moral, që spiuni të ulërijë se po e spiunojnë.', 'Kjo klauzola “orwell-iane”, që kanë lënë këtu në ligj, që spiunët me pushtet politik janë më të barabartë se spiunët e zakonshëm, sot merr fund dhe kjo është ajo që ne po bëjmë sot.', 'Që nga sot e në vijim do të merret me spiunët që janë më të barabartë se spiunët e tjerë, ata me pushtet politik.']"
386,21,386_ditës_rendin_lexon_fillojmë,"['ditës', 'rendin', 'lexon', 'fillojmë', 'rendit', 'çështjet', 'pasi', 'ora', 'rend', '00']","['Pasi lexon rendin e ditës . Fillojmë me çështjet sipas rendit të ditës. (Ndërhyrje pa mikrofon) Po.', 'Sot në rendin e ditës kemi: (Pasi lexon rendin e ditës.) Fillojmë me çështjet e rendit të ditës.', 'Sot në rendin e ditës kemi: (Pasi lexon rendin e ditës.) Fillojmë me çështjet sipas rendit të ditës.']"
387,21,387_huas_principali_euribor_shumës,"['huas', 'principali', 'euribor', 'shumës', 'referencës', '25', 'maturimi', 'pagesë', 'padisbursuar', 'end']","['Termat e huas janë: vlera është 30 milionë euro, interesi është bazuar në normën e referencës, plus marzhin e ndryshuar ose sipas normës së përcaktuar të konvertimit, tarifa “front end fee”është 0,25% e shumës së huas, komisioni i angazhimit është 0,25% dhe përllogaritet mbi vlerën e padisbursuar të huas.', 'Shuma e huas që do të marrim është 60 milionë euro, e bazuar në normën e referencës të interesit euribor, plus marzhin e pandryshueshëm, që është 1,17% dhe ka një tarifë në front end 0,25% të shumës së huas.', 'Kjo marrëveshje ka terma të favorshëm të huas, krahasuar me kushtet e tregut, si më poshtë: shuma e huas është 50 milionë euro; interesi, bazuar në normën e referencës Euribor plus marzhin, është 1,35%; tarifa e angazhimit është 0,25% mbi vlerën e huas së disponueshme; tarifa e vlerësimit është 0,75% e vlerës 161 Legjislatura e 10-të Viti 2022 totale të huas, jo më vonë se data e hyrjes në fuqi të marrëveshjes; maturimi është 12 vjet, nga të cilat, 3 vjet pa pagesë principali.']"
388,21,388_shoqëruese_anekset_tabelat_pasqyrohet,"['shoqëruese', 'anekset', 'tabelat', 'pasqyrohet', 'nenet', 'ndryshim', 'ligjit', 'fjala', 'gjitha', 'ky']","['Ky ndryshim të pasqyrohet në të gjitha nenet, tabelat dhe anekset shoqëruese të ligjit. Zonja Zhupa, fjala për ju.', 'Ky ndryshim të pasqyrohet në të gjitha nenet, tabelat dhe anekset shoqëruese të ligjit. Zoti Bardhi, fjala për ju, 7 minuta.', 'Ky ndryshim të pasqyrohet në të gjitha nenet, tabelat dhe anekset shoqëruese të ligjit. Zoti Berisha, fjala për ju.']"
389,21,389_tvsh_maqedonia_20_veriut,"['tvsh', 'maqedonia', '20', 'veriut', 'shportës', 'serbi', 'norma', 'maqedoninë', 'ulur', 'ushqimore']","['Ju e dini shumë mirë se Maqedonia e Veriut e ka ulur në masën 5% TVSH-në për produktet e shportës për të gjithë shtresën vulnerabël që është atje; Kosova e ka ulur në masën 8% TVSH-në e produkteve të shportës dhe Serbia e ka ulur në 8%.', 'Kolegu parafolës tha këtu se Maqedonia e Veriut zeroi TVSH-në e shportës së konsumit gjatë periudhës së krizës, por, në fakt, duhet të thoshte edhe tjetrën, që TVSH-ja për biznesin e vogël në këtë vend është 18%, duhet të thoshte se në Serbi është 20%, në Malin e Zi 21%, në Kosovë 18%, në Bosnjë 17% dhe në Shqipëri është zero.', 'Norma e TVSH-së për produktet ushqimore në vendet e rajonit është: në Serbi 10%, në Kosovë është 8%, në Mali të Zi 7%, në Maqedoninë e Veriut është 5% dhe në Kroaci 5%, ndërkohë norma e TVSH-së për produktet e energjisë, elektricitet dhe gaz natyror në Shqipëri është 20% dhe në Maqedoninë e Veriut është 5%, në Kosovë është 8% dhe në Greqi është 6%.']"
390,21,390_diskuton_minuta_45_flasë,"['diskuton', 'minuta', '45', 'flasë', 'grupit', 'emër', 'diskutime', 'deputet', 'mbështetje', 'nenit']","['Diskutime për çështje jashtë rendit të ditës (në mbështetje të nenit 45 të Rregullores së Kuvendit: Çdo deputet mund të flasë jo më shumë se 5 minuta dhe nëse diskuton në emër të grupit parlamentar, jo më shumë se 8 minuta.', 'Diskutime për çështje jashtë rendit të ditës (në mbështetje të nenit 45 të Rregullores së Kuvendit: Çdo deputet mund të flasë jo më shumë se 5 minuta dhe nëse diskuton në emër të grupit parlamentar, jo më shumë se 8 minuta.', 'Diskutime për çështje jashtë rendit të ditës (në mbështetje të nenit 45 të Rregullores së Kuvendit, çdo deputet mund të flasë jo më shumë se 5 minuta dhe, nëse diskuton në emër të grupit parlamentar, jo më shumë se 8 minuta.']"
391,21,391_tahiri_saimir_zagani_tahirin,"['tahiri', 'saimir', 'zagani', 'tahirin', 'tahirit', 'arrestit', 'flitej', 'qelinë', 'tre', 'arben']","['Pyetja e fundit: përpara disa ditësh gjykata ka vendosur ndryshimin e masës së arrestit për ish- ministrin Saimir Tahiri.', 'Jemi akoma te “Rama 1”. Kjo është qeveria: Lefter Koka në burg, Saimir Tahiri në burg “Kanabizimi i vendit” ishte akuza me fakte e me prova nga Partia Demokratike, ndërkohë në këtë Kuvend flitej për mushkonja, flitej për avionë pastrimi të mushkonjave imagjinare, flitej për komisarin Zagani, si kriminel, dhe i jepej mbrojtje politike Saimir Tahirit.', 'SPAK-u nga ana tjetër heton qytetarët për ushtrimin e ndikimit të paligjshëm (ky ishte një investigim i gazetarit Ermal Vija), ndërkohë nuk u hetua ndonjëherë a kishte vallë ndonjë ndikim të paligjshëm në lirimin e Saimir Tahirit; pse njerëz me të njëjtat kushte, apo më keq se ish-ministri Tahiri, nuk e lënë dot qelinë kaq kollaj; sesi vetëm para pak ditësh babai i tre fëmijëve, të cilëve u kishte vdekur e ëma, nuk e linte dot qelinë për t’u shërbyer atyre, edhe pse krimi i tij ishte shumë larg të qenit aq i rrezikshëm, sa ai i ish-ministrit!']"
392,21,392_shtylla_autoriteti_prerë_gjykatat,"['shtylla', 'autoriteti', 'prerë', 'gjykatat', 'personale', 'investohen', 'inspektimeve', 'detyrimet', 'informimit', 'ligj']","['Mbi këto shtylla ngrihet procesi që zyrtarizon dokumente dhe i bën të denja për besimin e publikut, mbi këto shtylla qëndron siguria e origjinalitetit të tyre, mbi këto shtylla mbështetet vërtetësia e firmës së noterit, mbi këto shtylla ngrihet 93 Legjislatura e 10-të Viti 2022 një sistem i tërë, që shqiptarët mezi po presin t’u japë besim, siguri dhe ligjshmëri.', 'Fadil Nasufi – E nderuar zonja Kryetare, Kolegë deputetë, Ligji “Për inspektimin në Republikën e Shqipërisë” është produkt i një reflektimi ndaj të gjitha problematikave kryesore që ndeshen në fushën e inspektimeve dhe, me rregullimet përkatëse, në thelb adreson këto probleme: E para, konsolidon dhe përmirëson veprimtarinë dhe sistemin e inspektimeve; siguron mbrojtjen e interesit publik dhe përmirësimin e klimës së biznesit; garanton pavarësinë funksionale të inspektorateve, transparencën e tyre, efektivitetin dhe performancën e inspektorëve që rekrutohen në këto struktura; shmang mbivendosjet, dublimin e kompetencave në nivelin vendor, rajonal dhe qendror dhe rregullon marrëdhëniet dhe bashkëpunimet ndër- institucionale.', '27 nga këto 32 institucione raportojnë drejtpërdrejt në Kuvendin e Shqipërisë. Disa nga këto institucione janë: Kuvendi i Republikës së Shqipërisë, Kontrolli i Lartë i Shtetit, Banka e Shqipërisë, Autoriteti i Mbikëqyrjes Financiare, organet e vetingut, Këshilli i Lartë i Prokurorisë, Struktura e Specializuar kundër Korrupsionit dhe Krimit të Organizuar, Byroja Kombëtare e Hetimit, Gjykata e Posaçme kundër Korrupsionit dhe Krimit të Organizuar, Prokuroria e Përgjithshme, Këshilli i Lartë Gjyqësor, gjykatat dhe Gjykata e Lartë, Shkolla e Magjistraturës, Inspektori i Lartë i Drejtësisë, Inspektorati i Lartë i Deklarimit dhe Kontrollit të Pasurive dhe Konfliktit të Interesave, Avokati i Popullit; komisionerët, si: Komisioneri për të Drejtën e Informimit dhe Mbrojtjen e të Dhënave Personale, Komisioneri për Mbikëqyrjen e Shërbimit Civil; një numër autoritetesh, si: Autoriteti i Mediave Audiovizive, Autoriteti i Konkurrencës, Autoriteti i Komunikimeve Elektronike dhe Postare e të tjera.']"
393,21,393_detare_lundrim_detar_ndihmave,"['detare', 'lundrim', 'detar', 'ndihmave', 'lundruese', 'ndihmat', 'anijeve', 'ndërkombëtare', 'përparojnë', 'ndihmës']","['Zonja Kryetare, të nderuar kolegë, projekti i sotëm është jashtëzakonisht i rëndësishëm. U bënë 65 vjet që disa vende, të cilat e kuptojnë shumë mirë sigurinë detare, e kuptojnë shumë mirë se çfarë do të thotë të kesh një sistem lundrimi, u mblodhën së bashku dhe krijuan shoqatën ndërkombëtare të ndihmës detare në lundrim.', 'Sot në rendin e ditës kemi aderimin në konventën e organizatës ndërkombëtare “Për ndihmat detare në lundrim”.', 'Konventa synon të bashkojë qeveritë dhe organizatat që kanë të bëjnë me rregullimin, sigurimin, mirëmbajtjen ose funksionimin e ndihmave detare në lundrim, me qëllim që të përparojnë objektivat mbi lëvizjen e sigurt dhe efikase të anijeve në të gjithë botën për të mirën e komunitetit dhe mjedisit detar.']"
394,21,394_sundimin_reformave_rezolutë_antikorrupsionin,"['sundimin', 'reformave', 'rezolutë', 'antikorrupsionin', 'thellimin', 'mirëqeverisjen', '2030', 'projektrezolutë', 'shqipërinë', 'shqipërisë']","['Megjithatë, pavarësisht se si do të votoni, ende besoj se, përtej kartonit, edhe ju e dini mirë që rezoluta për thellimin e reformave, për mirëqeverisjen, sundimin e ligjit dhe antikorrupsionin për “Shqipërinë 2030 në Bashkimin Europian”, e propozuar për t’u votuar, nuk është asesi një ndryshim kursi i vendit, nuk është as një orientim i ri në drejtimin tjetër të korpusit të reformave paralele, të njëkohshme dhe të ndërlidhura që janë ndërmarrë, por është një vijim i natyrshëm dhe një thellim i reformimit, duke u nisur nga maja e më të mirës, që është bërë deri më tani, dhe një premtim e bindje politike për 125 Legjislatura e 10-të Viti 2024 çuarjen në një nivel tjetër të përpjekjeve për mirëqeverisje, antikorrupsion dhe sundim të ligjit, për ta bërë Shqipërinë e së nesërmes shumë më të mirë sesa sot, më europiane, më të ndershme, më të drejtë, për ta bërë të pakthyeshëm fatin europian të Shqipërisë dhe për ta ngritur flamurin e Shqipërisë në oborrin e Bashkimit Europian brenda vitit 2030.', '(Ndërhyrje pa mikrofon) Vazhdojmë me votimin e projektrezolutës “Për thellimin e reformave për mirëqeverisjen, sundimin e ligjit dhe antikorrupsionin për Shqipërinë 2030 në Bashkimin Europian”.', 'Kur them “projektrezolutë e rëndësishme”, kam parasysh përmbajtjen e saj për thellimin e reformave për mirëqeverisjen, sundimin e ligjit dhe antikorrupsionin për Shqipërinë e vitit 2030 në Bashkimin Europian.']"
395,21,395_punime_botim_seancat_përgatiti,"['punime', 'botim', 'seancat', 'përgatiti', 'kuvendit', 'botimeve', 'plenare', 'sesioni', 'znj', 'republika']","['Punime të Kuvendit Legjislatura e 10-të Viti 2022, nr. 4 Përgatiti për botim Drejtoria e Shërbimit të Botimeve Parlamentare PUNIME TË KUVENDIT Seancat plenare Viti 2022 4 Botim i Kuvendit Tiranë, 2023 Viti 2022 4 Legjislatura e 10-të 5 Legjislatura e 10-të Viti 2022 REPUBLIKA E SHQIPËRISË Punime të Kuvendit Seancat plenare LEGJISLATURA E 10-të Sesioni i dytë Drejton seancën Kryetarja e Kuvendit, znj.', 'Punime të Kuvendit Legjislatura e 10-të Viti 2022, nr. 5 Përgatiti për botim Drejtoria e Shërbimit të Botimeve Parlamentare PUNIME TË KUVENDIT Seancat plenare Viti 2022 5 Botim i Kuvendit Tiranë, 2023 Viti 2022 4 Legjislatura e 10-të 5 Legjislatura e 10-të Viti 2022 REPUBLIKA E SHQIPËRISË Punime të Kuvendit Seancat plenare LEGJISLATURA E 10-të Sesioni i dytë Drejton seancën Kryetarja e Kuvendit, znj.', 'Punime të Kuvendit Legjislatura e 10-të Viti 2022, nr. 1 Përgatiti për botim Drejtoria e Shërbimit të Botimeve Parlamentare PUNIME TË KUVENDIT Seancat plenare Viti 2022 1 Botim i Kuvendit Tiranë, 2023 Viti 2022 4 Legjislatura e 10-të 5 Legjislatura e 10-të Viti 2022 REPUBLIKA E SHQIPËRISË Punime të Kuvendit Seancat plenare LEGJISLATURA E 10-të Sesioni i dytë Drejton seancën Kryetarja e Kuvendit, znj.']"
396,21,396_9975_tatimin_ndryshuar_28,"['9975', 'tatimin', 'ndryshuar', '28', 'datë', '07', 'ardhurat', '2008', 'ligjin', 'taksat']","['Vijojmë me çështjen tjetër: projektligji “Për disa ndryshime në ligjin nr. 9975, datë 28.07.2008, “Për taksat kombëtare”, i ndryshuar””.', '9975, datë 28.07.2008, “Për taksat kombëtare”, i ndryshuar” 6. Projektligji “Për disa shtesa në ligjin nr.', '9975, datë 28.07.2008, “Për taksat kombëtare”, i ndryshuar”. Projektligji “Për disa shtesa në ligjin nr.']"
397,21,397_votimi_elektronikë_votim_hapet,"['votimi', 'elektronikë', 'votim', 'hapet', 'procedura', 'votimit', 'mbyllet', 'hapur', 'është', 'procedurat']","['Votimi është i hapur. Procedura e votimit: 1 votim me elektronikë. Hapet votimi. Mbyllet votimi.', 'Votimi është i hapur. Procedura e votimit: 1 votim me elektronikë. Hapet votimi. Mbyllet votimi.', 'Votimi është i hapur. Procedura e votimit: 1 votim me elektronikë. Hapet votimi. Mbyllet votimi.']"
398,20,398_projekt_projekte_filozofinë_projektin,"['projekt', 'projekte', 'filozofinë', 'projektin', 'segmente', 'ngurrim', 'qytetarin', 'di', 'afërsisë', 'parealizueshme']","['Zhvillimi ekonomik dhe social i qytetarëve është objektivi ynë. Duhet të keni parasysh që ne po mundohemi fort nëpërmjet tregut të hapur, nëpërmjet “Ballkanit të hapur”, të krijojmë më shumë vende pune, duke mbështetur inovacionin dhe prodhimin në sektorët strategjikë, por bashkë me këtë duke u kujdesur shumë edhe për profesionet e reja që duhen për të shkëmbyer më shumë midis nesh.', 'Këto janë arritje që plotësojnë filozofinë tonë në rritjen e afërsisë me qytetarin, me numrin e madh të investimeve infrastrukturore dhe me filozofinë tonë në çdo lloj shërbimi dhe në forcimin e çdo lloji institucioni.', 'Ajo që dua të theksoj është fakti se shpeshherë ndodh që të njëjtat subjekte të marrin disa projekte brenda një kohe të shkurtër, kur, në fakt, kapacitetet i kanë të kufizuara dhe është vështirë t’i përdorin në fillim për një projekt, dhe pastaj edhe për një projekt tjetër.']"
399,20,399_komision_komisione_hetimor_relacionet,"['komision', 'komisione', 'hetimor', 'relacionet', 'komisionit', 'konkluzionet', 'komisionin', 'dëgjuar', 'dhjetëra', 'komisionet']","['Pse e them këtë?! Mjafton të shohësh relacionet që na kanë ardhur bashkë me e-mail, për t’u trajtuar sot, në këtë seancë plenare dhe është lehtësisht e dukshme, se në relacionin e komisionit përgjegjës apo dhe në relacionet e komisioneve për dhënie mendimi, ka lloj- lloj xhevahiresh.', 'Gjatë këtyre ditëve e kam ndjekur me vëmendje maksimale komisionin hetimor, kam edhe eksperiencë me këto komisionet hetimore, në fakt, kam vërejtur seriozitetin e kolegëve të mi në përgjigje dhe përgatitje përballë pyetjeve të përgatitura me nxitim, me shtrëngim, me mesazhe, pa kokë, pa trup e pa këmbë.', 'Lindita Buxheli - E nderuar zonja Kryetare, Të nderuar deputetë, Në cilësinë e relatores së Komisionit për Edukimin dhe Medien, i cili është edhe komision përgjegjës, dua të them se ky komision ka diskutuar për këtë projektligj kaq të debatuar për disa ditë me radhë, madje në këtë komision për rreth pesë orë është dëgjuar edhe përfaqësia e studentëve, me të cilët diskutuam gjatë.']"
400,20,400_shërbimet_shërbimi_kolonja_njerëzore,"['shërbimet', 'shërbimi', 'kolonja', 'njerëzore', 'shërbime', 'shërbehet', 'kukës', 'burimet', 'njësitë', 'lokal']","['A e dini se sot nuk ka njerëz që të aplikojnë në zyrat e bashkive për të ofruar shërbimet minimale, jo më kur flasim për projekte të BE-së dhe për projekte, që lidhen me zhvillimin e kapaciteteve njerëzore në pushtetin lokal.', 'Sigurisht, ka zona ku edhe dëshira për të ofruar shërbim dhe mbulim, sipas kërkesës së të gjitha qytetarëve, ndonjëherë është e pamundur, jo vetëm në aspektin e burimeve njerëzore, sepse po të shikojmë burimet njerëzore për këto njësi të vetëqeverisjes vendore janë edhe zëri kryesor i shpenzimeve, me gati 45%, por ka edhe mungesë të konsiderueshme cilësie shërbimi dhe personeli në këto zona.', 'Këto slogane për banorët e Tropojës nuk vlejnë, sepse shërbimet nuk kanë vajtur te qytetarët, por vetëm sa u janë larguar dhe mohuar, si për shembull: shërbimi i kontrollit teknik të automjeteve kryhet në Kukës; shërbimi i tatim- taksave dhe i marrjes së vërtetimeve të thjeshta kryhet në Kukës; shërbimet e drejtorive të arsimit e shëndetësisë, përkatësisht në Lezhë dhe në Shkodër; mbyllja e Gjykatës së faktit shkalla e parë dhe transferimi i saj në Kukës, dhe bashkë me të edhe shkrirja e shërbimit të paraburgimit, që ka të bëjë edhe me largimin e transferimin jashtë rrethit të efektivëve të policisë së burgjeve.']"
401,20,401_psikotrope_lëndët_lëndë_narkotike,"['psikotrope', 'lëndët', 'lëndë', 'narkotike', 'narkotikëve', 'barnat', 'konventave', 'listën', 'kontrolluara', '1971']","['Përditësimi i listave është detyrim ligjor, në bazë të konventave të Bashkimit Europian. Gjithashtu, në kapitullin 24 të progresraportit të Bashkimit Europian thuhet: “Shqipëria duhet të ndryshojë ligjin për barnat narkotike dhe lëndët psikotrope për të përditësuar listën e substancave psikotrope të ndaluara, në mënyrë që të sigurojë një kuadër të përshtatshëm ligjor për hetimet dhe ndjekjen penale”.', 'Bazuar në dy konventat ndërkombëtare, përkatësisht konventën unike për barnat narkotike të vitit 1961 dhe konventën për lëndët psikotrope të vitit 1971, të cilat shteti shqiptar i ka ratifikuar me ligj të veçantë, propozohen ndryshime në lista, duke vendosur në tabela: kodin IDS, i cili është numër që identifikon dhe kategorizon lëndën narkotike apo psikotrope, sipas sistemit përkatës të Bordit Ndërkombëtar të Kontrollit të Narkotikëve; numrin CAS, i cili është një numër identifikues unik që i vendoset një lënde kimike për shërbimin e ekstrakteve kimike.', 'Gjithashtu, është parashikuar ndryshimi i nenit 103, për ta harmonizuar me listat e Bordit Ndërkombëtar të Kontrollit të Narkotikëve dhe për një kuptueshmëri më të mirë të anekseve dhe skemës së klasifikimit dhe për të parashikuar listën V për lëndët e kontrolluara, ku përfshihen oksidi i azotit, ketamina dhe GBL-ja; lista V është titulluar si “lëndë të kontrolluara”, pasi këto lëndë nuk janë të klasifikuara si lëndë narkotike apo psikotrope nga konventat ndërkombëtare, por, duke konsideruar nevojën për të bërë një rregullim të veçantë, rekomandimet specifike të organizmave ndërkombëtarë, karakteristikat e tyre, që mund të shkaktojnë varësi, abuzim dhe rrezik për shëndetin e publikut, janë parashikuar t’u nënshtrohen dispozitave të këtij ligji.']"
402,20,402_droga_forta_kultivimit_mbidozë,"['droga', 'forta', 'kultivimit', 'mbidozë', 'kanabisi', 'drogat', 'kanabis', 'narkotike', '85', 'prekusor']","['Ka kanabis që quhet kanabis. Kanabisi është një drogë, e cila jep deformime të thella intelektuale, shpeshherë është prekursori i skizofrenisë dhe në 85% të rasteve, sipas pacientëve që janë shtruar në Qendrën Toksikologjike në Tiranë me overdozë, është prekursor i dozave të forta dhe i overdozës.', 'Unë e kam thënë edhe herë të tjera që rreth 85% e të sëmurëve, që janë shtruar në QSUT me mbidozë nga drogat e forta, e kanë filluar me kanabis.', 'Duhet ta kuptojmë qartë se kanabisi është një drogë. Është një prekursor i përdorimit të drogave të forta; 85% e atyre, që shtrohen në QSUT me mbidozë nga drogat e forta, e kanë filluar drogën nga kanabisi.']"
403,19,403_ndryshuar_2011_datë_9244,"['ndryshuar', '2011', 'datë', '9244', 'shtesa', 'ndryshime', 'mjedisit', 'nr', '9867', 'ligjin']","['10 431, datë 9.6.2011, “Për mbrojtjen e mjedisit”, i ndryshuar”; projektligji “Për disa ndryshime dhe shtesa në ligjin nr.', 'U kërkua të shtohen këto projektligje: “Për disa shtesa dhe ndryshime në ligjin nr. 9244/2004 “Për mbrojtjen e tokës bujqësore”, i ndryshuar””; “Për disa shtesa dhe ndryshime në ligjin nr.', 'Miratohet në tërësi projektligji. Vazhdojmë me votimin e projektligjit “Për disa ndryshime në ligjin nr.9867, datë 31.1.2008, “Për përcaktimin e rregullave dhe të procedurave për tregtimin ndërkombëtar të llojeve të rrezikuara të faunës dhe të florës së egër”, të ndryshuar”.']"
404,19,404_reflektim_parlamenti_parlamentit_emigrues,"['reflektim', 'parlamenti', 'parlamentit', 'emigrues', 'preokupimin', 'bashkonin', 'sherrnajës', 'parlament', 'kryeçështja', 'përballur']","['Prandaj duhet të dalin të vërtetat që të bëjmë hapa përpara. Në këto 6 javë ndërprerjeje të jetës parlamentare, prisja një reflektim nga ana e qeverisë, sepse gjatë këtyre muajve jemi përballur të gjithë me krizën e ekonomikë e sociale që ka përfshirë vendin.', 'E kam kërkuar në vijimësi këtë analizë dhe më vjen keq që kjo gjë nuk ndodhi, pasi sot do ta ngrinim këtë debat parlamentar në një standard europian, përtej sherrnajës politike, ku qytetarët do të mund të shihnin realitetin e gjërave vërtet nga këndvështrime të ndryshme, por me preokupimin sesi mund e duhej të ishte një proces edhe më i mirë.', 'Kam edhe një element të fundit. Në fakt, kam folur shumë sot, por meqenëse nga të gjitha kahet e politikës, që, fatkeqësisht, sot folën me të njëjtën gjuhë në këtë parlament, kishte dhe elemente në lidhje me komisionin hetimor për inceneratorët, kush ka qenë anëtar i komisionit hetimor për inceneratorët qoftë i PD-ës, qoftë i PS-ës, qoftë edhe i “Foltores” (fatkeqësisht, disa nga kolegët e mi në parlament nuk janë këtu), e ka vënë re me çfarë jemi përballur në këta 3 muaj, me një hezitim total për të marrë përgjigje, për të nisur shkresa, për të miratuar rregullore.']"
405,19,405_abstenim_miratohet_pro_neni,"['abstenim', 'miratohet', 'pro', 'neni', 'kundër', 'zhurmë', 'sallë', 'në', '', '']","['Pro? Kundër? Abstenim? Miratohet. Neni 2. Pro? Kundër? Abstenim? Miratohet. Neni 3. Pro? Kundër? Abstenim?', 'Pro? Kundër? Abstenim? Miratohet. Neni 2. Pro? Kundër? Abstenim? Miratohet. Neni 3. Pro? Kundër? Abstenim?', 'Pro? Kundër? Abstenim? Miratohet. Neni 2. Pro? Kundër? Abstenim? Miratohet. Neni 3. Pro? Kundër? Abstenim?']"
406,19,406_qeveri_përgjegjshme_mbrojtje_krize,"['qeveri', 'përgjegjshme', 'mbrojtje', 'krize', 'krizash', 'krizave', 'vulnerabël', 'qeveritë', 'fatkeqësi', 'shkaktojnë']","['Ndërkohë, si për fatkeqësitë, ashtu edhe për krizat, ka qenë qeveria, e cila gjithmonë ka marrë masat mbështetëse për qytetarët ndaj pasojave që ato lënë pas, duke marrë masa në mbrojtje të jetës, në mbrojte të shëndetit dhe sot, për shkak të luftës në Ukrainë, në mbrojtje të ekonomisë së qytetarëve, në interes të qytetarëve dhe në mënyrë të veçantë të atyre që kanë më shumë nevojë.', 'Qeveria ka treguar nivelin e lartë të përgjegjshmërisë me reagimin në kohë rekord ndaj tri krizave që pllakosën vendin brenda 4 vjetëve, me vendime dhe masa të prekshme në mbrojtje të jetës, në mbrojtje të shëndetit dhe sot edhe në mbrojtje të ekonomive familjare, por një gjë është e sigurt, që me masat e marra ne do të mbrojmë dhe do t’u gjendemi pranë të gjithë atyre njerëzve që kanë më shumë nevojë, grupeve më vulnerabël të shoqërisë.', 'Qeveritë e përgjegjshme shihen në kohë krizash. Qeveritë e përgjegjshme reagojnë në kohë me masa në ndihmë të shtresave në nevojë e grupeve vulnerabël, nuk prekin buxhetin e arsimit, shëndetësisë dhe emergjencat civile, por kjo qeveri ka vetëm një hall: inceneratorët, koncesionet dhe oligarkët që ka përreth.']"
407,19,407_shprehet_komisioni_financat_dhënie,"['shprehet', 'komisioni', 'financat', 'dhënie', 'mendimi', 'përgjegjës', 'njeriut', 'administratën', 'ekonominë', 'drejtat']","['Shprehet Komisioni përgjegjës për Ekonominë dhe Financat. Shprehet për dhënie mendimi Komisioni për Çështjet Ligjore, Administratën Publike dhe të Drejtat e Njeriut.', 'Shprehet Komisioni përgjegjës për Ekonominë dhe Financat. Shprehet për dhënie mendimi Komisioni për Çështjet Ligjore, Administratën Publike dhe të Drejtat e Njeriut.', 'Shprehet Komisioni përgjegjës për Ekonominë dhe Financat. Shprehet për dhënie mendimi Komisioni për Çështjet Ligjore, Administratën Publike dhe të Drejtat e Njeriut.']"
408,19,408_proces_procesi_vetingu_dinamik,"['proces', 'procesi', 'vetingu', 'dinamik', 'rivlerësimit', 'reversible', 'ripërpunojmë', 'deformimeve', 'njëjtë', 'përfundojë']","['Pa dyshim, ne kemi bërë shumë në këtë proces, por lipset të bëjmë akoma edhe më shumë, për të vazhduar një proces vetingu me ritëm më të lartë, me standarde të harmonizuara dhe kryesorja, me integritet dhe objektivitet.', 'Së pari, t’i marrim punët me radhë: a është i vërtetë si proces? Përgjigjja është e qartë: është absolutisht një proces i sabotuar qëllimisht, pasi kushdo që e ka ndjekur dhe e ndjek këtë proces e di se ka dy shtylla mbi të cilat ai ndërtohet dhe pa të cilat ai dështon, ashtu siç ka dështuar, që janë: dialogu dhe gjithëpërfshirja.', 'A realizohet për dy vjet ky proces? Nga ana tjetër, vetingu nuk është proces statik, që i takon vetëm këtyre afro 900 specialistëve të sotëm, por është një proces dinamik, që duhet parë në kohë, në zhvillim, sepse vetë procesi, vetë sistemi është dinamik.']"
409,19,409_fshehtë_elektronikë_votash_shumicë,"['fshehtë', 'elektronikë', 'votash', 'shumicë', 'votim', 'procedura', 'akt', 'kërkon', 'votimi', 'votimit']","['Ky akt kërkon shumicë të thjeshtë votash. Votimi është i fshehtë. Procedura e votimit: 1 votim me elektronikë.', 'Ky akt kërkon shumicë të thjeshtë votash. Votimi është i fshehtë. Procedura e votimit: 1 votim me elektronikë.', 'Ky akt kërkon shumicë të thjeshtë votash. Procedura e votimit: një votim me elektronikë. Votimi është i fshehtë.']"
410,19,410_drogës_rastësi_narkotrafikut_shpifje,"['drogës', 'rastësi', 'narkotrafikut', 'shpifje', 'klanet', 'trafikun', 'finanza', 'narkotrafikantët', 'guardia', 'xibrakës']","['Ervin Salianji – ...siç e thotë Departamenti i Shtetit dhe siç e kemi thënë ne, është rrugë autostradë për trafikun e drogës, drogë dhe vrasje të përhershme.', 'Unë nuk jam i prirur t’i besoj “gjeneral Lisit”. Departamenti Amerikan i Shtetit kohën e qeverisjes së Sali Berishës, kur unë isha ministër, të thashë si e cilësonte, ndërsa kohën tuaj e cilëson: të gjithë janë të inkriminuar, që nga ti dhe Kryeministri yt; të gjithë të zhytur në batak, sepse koha juaj është koha e avionëve të drogës, e pistave, e hashashit, e kokainës, e Xibrakës.', 'Krimi, krimi, krimi”. Por, (ngrije pak kokën) ka një shifër domethënëse, është epike, që ju lidh ju me drogën, është një shifër që jua kanë thënë në tavolinë, në njërin krah drejtori i “Guardia di Finanza”-s dhe në krahun tjetër drejtori i Përgjithshëm i Policisë, i fundit kur ju ishit në qeveri, Hysni Burgaj, në gusht të vitit 2013, ministri në largim ishte Mul Noka, i cili, ndërsa flet për plagën e drogës dhe të kultivimit të kanabisit, thotë një shifër, e cila brenda vetes ka gjithçka: 4,5 miliardë euro, sipas “Guardia di Finanza” ishte i gjithë volumi tregtar i pazarit të Lazaratit.']"
411,19,411_anekset_pasqyrohet_nenet_shoqëruese,"['anekset', 'pasqyrohet', 'nenet', 'shoqëruese', 'ndryshim', 'tabelat', 'hedhim', 'elektronikë', 'amendamentin', 'votim']","['Ky ndryshim të pasqyrohet në të gjitha nenet, tabelat dhe anekset shoqëruese të ligjit. Hedhim në votim me elektronikë amendamentin e dytë të zonjës Vokshi, e cila nuk është këtu.', 'Ky ndryshim të pasqyrohet në të gjitha nenet, tabelat dhe anekset shoqëruese të ligjit. Hedhim në votim me elektronikë amendamentin e dytë të zotit Sula.', 'Ky ndryshim të pasqyrohet në të gjitha nenet, tabelat dhe anekset shoqëruese të ligjit. Hedhim në votim me elektronikë amendamentin e dytë të zotit Bardhi.']"
412,19,412_shumën_miliardë_disiplinës_parregullsitë,"['shumën', 'miliardë', 'disiplinës', 'parregullsitë', 'efektivitet', 'fondeve', 'shkeljet', 'ekonomicitet', 'financiare', 'eficiencë']","['Parregullsitë dhe shkeljet financiare të zbuluara gjatë vitit 2021 ndahen si vijon: dëm ekonomik në të ardhurat dhe shpenzimet e kryera në buxhetin e shtetit në shumën totale 19 miliardë lekë.', 'Shkeljet e disiplinës financiare me ndikim negativ në performancën e subjekteve të audituara, në shpenzimin e fondeve në dispozicion për vitin 2021 arrijnë në shumën prej 43,8 miliardë lekë.', '- Shkelje të disiplinës financiare me ndikim negativ në performancën e subjekteve të audituara, në shumën totale prej 54,8 miliardë lekësh, ose afërsisht 452 milionë euro, nga e cila 11 miliardë lekë ose 91 milionë euro në fushën e të ardhurave; 43,8 miliardë lekë ose 361 milionë euro në fushën e shpenzimeve të kryera jo me eficiencë, efektivitet dhe ekonomicitet të fondeve, si dhe në kushtet e shkeljeve të disiplinës buxhetore të parashikuara lidhur me programimin dhe realizimin e shpenzimeve e procedurave të prokurimit jo në përputhje me kuadrin ligjor.']"
413,19,413_teatrin_teatri_teatrit_mësoje,"['teatrin', 'teatri', 'teatrit', 'mësoje', 'kombëtar', 'stër', 'shemb', 'teatër', 'godina', 'dhembë']","['Këta e prishën, kjo bashki e prishi Teatrin Kombëtar katër vjet më parë. Me demek, u vu edhe tulla, po ku është Teatri?', 'Ky është realiteti. Vjen këtu dhe flet për Teatrin Kombëtar. Mësoje që ishte pjesë e ansamblit historik dhe kishte mbrojtje; mësoje që “Europa Nostra” e shpalli në vitin 2020 ndër 7 vendet më të rrezikuara; mësoje, sepse kishte më shumë vlerë se Piramida!', 'Nëse Piramida është monument kulture, mësoje se Teatri ishte me më shumë vlerë! Sigurisht, nuk mund t’i dish këto, sepse duhet të jesh ministre Kulture që t’i dish, duhet të të dhembë kultura, të të dhembë trashëgimia kulturore, identiteti, ai që ti dhe unë do t’ua transmetojmë fëmijëve tanë, që do të kalojë edhe përtej fëmijëve tanë, edhe për brezat e ardhshëm, për të kuptuar Shqipërinë, të qenurit shqiptarë, për të kuptuar veten e tyre.']"
414,19,414_pyll_sodës_pemë_milion,"['pyll', 'sodës', 'pemë', 'milion', 'pylli', 'pyje', 'pyllit', 'pemët', 'pyllin', 'pyjeve']","['Mund të bëhen pastrime sporadike apo nisma vullnetare, siç ishte rasti i Kryeministrit para disa kohësh, por pylli i Sodës ka degraduar, çka përbën rrezik për makinat, mjetet dhe individët që kalojnë aty, sepse pemët mund të bien nga momenti në moment.', 'U fol për një milion pemë. Po si s’u bë njëri nga ju kurajoz dhe të thoshte: “O kryetar bashkie, o hajdut, mos gënje kaq shumë, o derëzi, se një milion pemë duan dy Tirana të jenë pyll me pemë”.', 'Ndërkohë, dua të ndalem edhe në zotimet elektorale për rastin e pyllit të Sodës. E kam përmendur edhe herë të tjera, pylli i Sodës është një pyll, i cili po degradon dita-ditës, është një zonë, e cila, nga një zonë e mundësive ose atraksionit të zhvillimit turistik, është kthyer në një zonë mbetjesh.']"
415,19,415_oligarkë_oligarkët_oligark_oligarkëve,"['oligarkë', 'oligarkët', 'oligark', 'oligarkëve', 'tenderë', 'biznesmen', 'ndërton', 'demek', 'quhet', 'kryqin']","['Unë së bashku me opozitën, të paktën me atë opozitë që nuk është pjesë e atyre, që kolegu i quajti oligarkë, nuk i quajmë oligarkë biznesmenët e ndershëm, të cilët punojnë me drejtësi, por për pjesën tjetër, që marrin fonde publike dhe vjedhin, i quajmë oligarkë, që po i pinë gjakun këtij populli.', 'Nuk na i jepni neve, nuk ua jepni qytetarëve, por ua jepni atyre grupeve, që unë nuk e përdor termin “oligarkë”, se nuk janë oligarkë, nuk i quaj oligarkë, sepse ne që kemi lindur para vitit 1990, të gjithë pabuksa kemi qenë, të gjithë të zbathur.', 'Elisa Spiropali – Zonjë, mos gjuaj me gurë në një shtëpi prej xhami. Për shembull, pse kur bashkëshorti apo familjarë tuaj fitojnë tenderë, nuk Viti 2022 218 Legjislatura e 10-të quhen oligarkë, kurse një biznesmen i nderuar, që ndërton rrugë, quhet oligark?']"
416,19,416_fshati_fshatin_fshat_djepet,"['fshati', 'fshatin', 'fshat', 'djepet', 'fshatrat', 'origjinën', 'ti', 'kthejë', 'vilen', 'piknik']","['I bëj thirrje mazhorancës t’i kthejë sytë nga fshati, sepse fshati është në periudhën më të vështirë të ekzistencës së tij.', 'Ti shkon dhe e di shumë mirë. Edhe një herë, meqë ti vazhdimisht flet për fshatin, fshatin, fshatin, nuk e kuptoj pse e bëtë këtë historinë për fshatin?', 'Urime dhe suksese! Së dyti, kur të ftova, nuk kisha fare dashakeqësi, por isha dashamirës, pikërisht për ty dhe për zonën atje, sepse realisht ti e di fare mirë se fshati ku ke lindur është fshati më i vuajtur i Devollit dhe ti për 4 vjet këtu nuk e ke përmendur kurrë, ndërsa tani bëre mirë.']"
417,19,417_neni_abstenim_pro_miratohet,"['neni', 'abstenim', 'pro', 'miratohet', 'kush', 'kundër', '19', '18', '11', '16']","['Kundër? Abstenim? Miratohet. Neni 7. Kush është pro? Kundër? Abstenim? Miratohet. Neni 8. Kush është pro?', 'Kundër? Abstenim? Miratohet. Neni 7. Kush është pro? Kundër? Abstenim? Miratohet. Neni 8. Kush është pro?', 'Kundër? Abstenim? Miratohet. Neni 8. Kush është pro? Kundër? Abstenim? Miratohet. Neni 9. Kush është pro?']"
418,19,418_mirëdita_diskutimeve_60_rendit,"['mirëdita', 'diskutimeve', '60', 'rendit', 'jashtë', 'minuta', 'koha', 'ditës', 'çështje', 'nikolla']","['Koha e diskutimeve për çështje jashtë rendit të ditës nuk mund të jetë më shumë se 60 minuta.) Lindita Nikolla – Mirëdita!', 'Koha e diskutimeve për çështje jashtë rendit të ditës nuk mund të jetë më shumë se 60 minuta.) Lindita Nikolla – Mirëdita!', 'Koha e diskutimeve për çështje jashtë rendit të ditës nuk mund të jetë më shumë se 60 minuta”.) Lindita Nikolla – Mirëdita!']"
419,19,419_shëndet_festuam_uroj_gëzuar,"['shëndet', 'festuam', 'uroj', 'gëzuar', 'nderojnë', 'festat', 'nderojmë', 'komunitetet', 'tuaja', 'riktheftë']","['Me dëshirën për më shumë punë dhe shërbime të mira për qytetin e Patosit dhe qytetarët e tij, për më tepër zhvillim ekonomik, social dhe projekte të Viti 2022 144 Legjislatura e 10-të realizuara, u uroj të gjithë qytetarëve të këtij qyteti shëndet, begati dhe festofshin çdo vit këtë festë të veçantë!', 'Gëzuar festat! Shëndet për ju, për familjet tuaja dhe për të gjithë qytetarët! Vijojmë me të regjistruarit, që sot nuk paska.', 'Ndaj, të nderuar kolegë dhe kolege, ju ftoj që ta miratojmë nismën dhe, meqë jemi në seancën e fundit të këtij sesioni parlamentar, ju uroj gëzuar festat, e kalofshi bukur pranë familjeve tuaja natën e ndërrimit të viteve dhe suksese për vitin 2025!']"
420,18,420_shprehet_komisioni_tregtinë_dhënie,"['shprehet', 'komisioni', 'tregtinë', 'dhënie', 'mendimi', 'veprimtaritë', 'përgjegjës', 'çështjet', 'prodhuese', 'njeriut']","['Shprehet Komisioni përgjegjës për Çështjet Ligjore, Administratën Publike dhe të Drejtat e Njeriut. Shprehet për dhënie mendimi Komisioni për Veprimtaritë Prodhuese, Tregtinë dhe Mjedisin.', 'Shprehet Komisioni përgjegjës për Veprimtaritë Prodhuese, Tregtinë dhe Mjedisin. Shprehet për dhënie mendimi Komisioni për Çështjet Ligjore, Administratën Publike dhe të Drejtat e Njeriut.', 'Shprehet Komisioni përgjegjës për Veprimtaritë Prodhuese, Tregtinë dhe Mjedisin. Shprehet për dhënie mendimi Komisioni për Çështjet Ligjore, Administratën Publike dhe të Drejtat e Njeriut.']"
421,18,421_147_raundi_115_organet,"['147', 'raundi', '115', 'organet', '2016', 'pika', 'nenit', 'qeverisjes', 'sistemit', '35']","['115/2016 “Për organet e qeverisjes së sistemit të drejtësisë”, i ndryshuar”, raundi i parë (në mbështetje te nenit 147, pika 8, të Kushtetutës dhe nenit 35, pika 16, e ligjit nr.', '115/2016 “Për organet e qeverisjes së sistemit të drejtësisë”, i ndryshuar”, raundi i dytë (në mbështetje të nenit 147, pika 8, të Kushtetutës dhe nenit 35, pika 16, të ligjit nr.', '115/2016 “Për organet e qeverisjes së sistemit të drejtësisë”, i ndryshuar”, raundi i dytë (në mbështetje të nenit 147, pika 8, të Kushtetutës dhe nenit 35, pika 16, të ligjit nr.']"
422,18,422_sudanin_jugut_forcave_kombeve,"['sudanin', 'jugut', 'forcave', 'kombeve', 'armatosura', 'personelit', 'pjesëmarrjen', 'misionin', 'sudanit', 'unmiss']","['3, datë 21.6.2023 “Për disa ndryshime në aktin normativ nr.1, datë 20.3.2019 të Këshillit të Ministrave “Për pjesëmarrjen e personelit të Forcave të Armatosura të Republikës së Shqipërisë në misionin e Kombeve të Bashkuara në Sudanin e Jugut (UNMISS)””, miratuar me ligjin nr.23/2019.', '3, datë 21.6.2023 “Për disa ndryshime në aktin normativ nr. 1, datë 20.3.2019, të Këshillit të Ministrave, “Për pjesëmarrjen e personelit të Forcave të Armatosura të Republikës së Shqipërisë në misionin e Kombeve të Bashkuara në Sudanin e Jugut (UNMISS)”, miratuar me ligjin nr.', '1, datë 20.03.2019 të Këshillit të Ministrave “Për pjesëmarrjen e personelit të Forcave të Armatosura të Republikës së Shqipërisë në misionin e Kombeve të Bashkuara në Sudanin e Jugut”, i miratuar me ligjin nr.23 të vitit 2019, aktualisht, Forcat e Armatosura marrin pjesë me dy efektivë ushtarakë në Sudanin e Jugut.']"
423,18,423_bukë_lekë_buke_kushton,"['bukë', 'lekë', 'buke', 'kushton', 'lekëshi', 'masive', 'nënës', 'ditë', 'mijë', '1200']","['Po të bëjmë një llogari me 15 mijë lekë të vjetër për 30 ditë – një bukë sot kushton 1200 lekë, - për 30 ditë bëjnë 36 mijë lekë, nuk plotësojnë as gjysmë buke për një pensionist në ditë.', 'Pra, nga data 1 tetor, babait tim dhe nënës sime, babait tënd dhe nënës tënde dhe kujtdo tjetër ua keni rritur pensionin pesëqind lekë të vjetër, që do të thotë se buka masive, (ndoshta ndonjë koleg nuk e di që ka bukë masive, sepse trajtohen në forma dhe mënyra të tjera), kushton 120 lekë, që do të thotë se prindërve tanë nuk u keni dhënë dot asnjë gjysmë buke, por edhe asaj duhet t’i heqësh një fetë për të mjaftuar 50 lekëshi, sepse 30 ditë shumëzim për 50 lekë janë të barabarta me pesëmbëdhjetë mijë lekë të vjetra, kurse 30 ditë shumëzim për 120 lekë janë të barabarta me tridhjetë e gjashtë mijë lekë të vjetra, që i duhen vetëm për bukë babit tim dhe babit tuaj, nënës time dhe nënës tuaj.', 'A jetoni këtu, zonja Ministre?! Me 30 mijë lekë që po i jepni një pensionisti mund të blesh 25 bukë, pra asnjë bukë në ditë nuk jepni, sepse një bukë masive sot kushton 1200 lekë, që deri dje kushtonte 700-800 lekë.']"
424,18,424_zhvilluan_nisma_dëgjimore_zgjedhës,"['zhvilluan', 'nisma', 'dëgjimore', 'zgjedhës', 'komisionet', 'përfaqësues', 'miratuam', 'organizoi', 'seanca', 'ministrave']","['Komisionet e përhershme parlamentare zhvilluan 28 mbledhje, 34 seanca dëgjimore me institucionet e pavarura dhe agjencitë shtetërore, si dhe 4 seanca dëgjimore me shoqërinë civile dhe grupet e interesit.', 'Komisionet zhvilluan 48 seanca dëgjimore, ndër të cilat 41 për procesin legjislativ, 6 për kontrollin parlamentar dhe 1 për funksionin zgjedhës.', 'Komisionet zhvilluan 62 seanca dëgjimore, nga të cilat 12 lidheshin me procesin legjislativ, 40 me kontrollin parlamentar, 8 me procesin zgjedhës dhe 2 me çështje të tjera.']"
425,18,425_minuta_dispozicion_faleminderit_shpreheni,"['minuta', 'dispozicion', 'faleminderit', 'shpreheni', 'piroli', 'shprehur', 'nikolla', 'salianji', 'zoti', 'ermonela']","['Faleminderit! Lindita Nikolla – Zoti Salianji, mund të shpreheni në lidhje me përgjigjet. Keni 15 minuta në dispozicion.', 'Faleminderit! Lindita Nikolla – Zoti Salianji, koha në dispozicion edhe për ju është 3 minuta.', 'Faleminderit! Ermonela Felaj – Faleminderit, zoti Ministër! Zoti Salianji, edhe ju keni tri minuta kohë në dispozicion për t’u shprehur.']"
426,18,426_papunësia_papunësisë_mesatarja_rinjtë,"['papunësia', 'papunësisë', 'mesatarja', 'rinjtë', 'shkalla', 'lartë', 'papunëve', 'kategorie', 'mesataren', 'rinjve']","['Në krahasim me mesataren europiane prej 6,3%, shkalla e papunësisë tek të rinjtë shqiptarë është 3 herë më e lartë.', 'Megjithëse kemi numrin më të lartë të emigrimit, megjithëse kemi normën më të lartë të largimit nga Shqipëria, përsëri papunësia tek të rinjtë është më e lartë se mesatarja e vendeve të BE-së.', 'Në BE 6% është mesatarja e papunësisë totale, ndërkohë që papunësia e të rinjve është 13,8%, ndërsa në Shqipëri vërtet është më e lartë se kaq, por është ndër më të ulëtat në vendet e rajonit.']"
427,18,427_shkuarën_shkuarës_kaluarën_ardhmen,"['shkuarën', 'shkuarës', 'kaluarën', 'ardhmen', 'mësojmë', 'shkuara', 'gabimet', 'sonës', 'bashkëluftues', 'vazhdimësitë']","['Unë besoj fort se reflektimi duhet të jetë i përbashkët, një reflektim që përfshin edhe qortimin e së shkuarës, edhe projeksionet për të ardhmen.', 'Ne shikojmë leksionet e hidhura nga e shkuara, duke e parë të ardhmen në sy, jo me tanke në kufij, por me kamionë mallrash, jo me ushtarë, por me udhëtarë, jo me bashkëluftues, por me bashkëjetesë.', 'Kemi një diferencë me dy kohë: ju fokusoheni vetëm tek e tashmja, për ta përdorur si municion, si baltë për ta hedhur mbi ne dhe harroni si të shkuarën (çfarë keni bërë më parë), po ashtu edhe të ardhmen (shpresën që duhet të kenë qytetarët), kurse ne përpiqemi të mësojmë nga gabimet e së shkuarës, si sonës, edhe suajës, që të punojmë sa më shumë e sa më mirë në të tashmen, për të ndërtuar dhe për të dhënë pak shpresë edhe për të ardhmen, se në fund të ditës, nëse duam t’i mbajmë këtu të gjithë këta qytetarë, 59 Legjislatura e 10-të Viti 2023 që kanë kontribuar në skemat në Greqi, në Itali e kudo tjetër, do të duhet që, përveç baltës dhe të zezës, t’u tregojmë edhe një fije drite në fund të tunelit.']"
428,18,428_grata_non_kuota_zonje,"['grata', 'non', 'kuota', 'zonje', 'grua', 'fjalor', 'hyni', 'kurajë', 'misogjenëve', 'bullist']","['Edhe sot u kapën 45 kilogramë të njeriut tënd, apo jo? Së treti, po të kujtoj dhe një gjë: si ishte ajo puna e “non grata-ve?” Bëhu burrë një herë më në fund!', 'Erdhi. Këtu është, me ne është. Pse? Sepse komploti u shpërbë. Dhe jua them prapë: edhe non grata do t’i hiqet, të jeni të bindur, jo vonë, jo shumë vonë, do t’i hiqet.', 'Sa jeni në kohë, keni edhe disa muaj, deri sa të përballemi në zgjedhje përsëri, nëse do të hyni (ju e keni atë huqin e keq që edhe nuk hyni), por po hytë, mblidheni mendjen dhe gjëja e parë që duhet të bëni, nëse jeni me të vërtetë gati, të ndaheni nga non grata.']"
429,18,429_firma_nënkontrata_publikisht_kompani,"['firma', 'nënkontrata', 'publikisht', 'kompani', 'deklaron', 'kompaninë', 'tuaja', 'firmën', 'emrin', 'krahasuat']","['Këtu sapo u tha një gjë e pavërtetë. Ju keni gjetur vjega, “firma e këtij, firma e atij”.', 'Ju do të merreni me verifikimin e firmave të njerëzve, kur deputeti e thotë publikisht: “Është firma ime” dhe me 44 firma, ju nuk hapni...', 'Sa kohë që deputeti deklaron publikisht që firma është e tij (dhe çdo njeri ka të drejtë ta ndryshojë firmën brenda ditës, sa herë të dojë), por, kur e deklaron publikisht “është firma ime”, nuk ka asnjë konflikt.']"
430,18,430_kriminale_grupet_krimin_llogarit,"['kriminale', 'grupet', 'krimin', 'llogarit', 'prevalojnë', 'zgjidhja', 'krim', 'organizuar', 'krimi', 'shtetëror']","['Zgjidhja e shpejtë, zgjidhja agresive, zgjidhja kur ti nuk llogarit se kë ke përpara, por llogarit vetëm se çfarë do të fitosh, është kriminale.', 'Ne do të kërkojmë zgjedhje të lira dhe të ndershme, sepse ju së bashku me Edi Ramën keni ardhur në pushtet me grupet kriminale, vazhdoni të drejtoni me grupet kriminale dhe mendoni që ta merrni pushtetin me grupet kriminale.', 'Edhe mund të mos jesh, doktoreshë, sepse ju jeni një deputete, për të cilën gëzoj respekt, por nga çfarë kemi dëgjuar nga këto aplikacionet, listën e Durrësit e kanë përcaktuar grupet kriminale, siç ishte rasti i zotit Çyrbja, kështu që mund të ndodhë që të mos jesh, sepse ju nuk jeni pjesë e grupeve kriminale, ndërkohë që këta kanë vendosur t’i caktojnë deputetët me grupet kriminale.']"
431,18,431_qëndrueshëm_objektivat_zhvillimit_2030,"['qëndrueshëm', 'objektivat', 'zhvillimit', '2030', 'objektivin', 'asambleja', 'objektivave', 'okb', 'agjendës', 'nxitjen']","['Projekti që po diskutojmë mbështetet në strategjinë sektoriale të transportit, në përputhje me programin “Shqipëria 2030”, me “Agjendën 2030 për Zhvillim të Qëndrueshëm, si dhe 17 Objektivat e Zhvillimit të Qëndrueshëm” të miratuara nga Asambleja e Përgjithshme e OKB- së në vitin 2015.', 'Madje, e thanë edhe kolegët parafolës, ky projektligj për nga rëndësia konsiderohet pjesë e “Agjendës 2030” për zhvillimin e qëndrueshëm dhe 17 objektivat e zhvillimit të qëndrueshëm të miratuar nga Asambleja e Përgjithshme e OKB-së në vitin 2015, ku si objektiva të tij ka: zhvillimin ekonomik të qëndrueshëm, punësimin, përmirësimin e infrastrukturës, njëkohësisht, nxitjen e inovacionit.', 'Vlen të theksojmë faktin se projekti është në përputhje me objektivin e zhvillimit të qëndrueshëm të “Agjendës 2030 për zhvillim të qëndrueshëm”, objektivi 12.6 dhe 12.4, si pjesë e një prej 17 objektivave të zhvillimit të qëndrueshëm, të cilët Viti 2023 48 Legjislatura e 10-të janë miratuar nga Asambleja e Përgjithshme e OKB-së në vitin 2015.']"
432,18,432_bizneset_biznesi_pranë_biznesin,"['bizneset', 'biznesi', 'pranë', 'biznesin', 'qeverisë', 'biznesit', 'horizontalen', 'paformalizuara', 'vetëkorrigjimi', 'përgjegjshme']","['Po ushtrohet trysni te bizneset e vogla dhe po lejohen të livadhisin bizneset e mëdha, që janë pranë qeverisë.', 'Pra, është një mundësi e artë për qeverinë për të sakatuar dhe asgjësuar të gjithë biznesin e vogël kapilar, i cili është një biznes, po e përsëris, me aktivitet mbijetese, jetojnë, mbajnë gjallë nuklin familjar.', 'Në përfundim, dua t’i kujtoj biznesit që situata të tilla na sjellin në vëmendje se marrëdhënia mes qeverisë dhe biznesit nuk është gjë tjetër veçse një marrëdhënie e ngushtë partneriteti, ku palët mbështesin njëra-tjetrën dhe ku edhe një herë kuptohet qartë se formalizmi i ekonomisë, vetëkorrigjimi dhe vetëdeklarimi nga ana e tatimpaguesit, nuk bëjnë thjesht një rritje të fluksit të të ardhurave në arkën e shtetit, por rrit edhe mundësinë e këtij të fundit të gjendet pranë sipërmarrjes në momente të vështira me politika lehtësuese.']"
433,18,433_njeriut_dhënie_mendimi_administratën,"['njeriut', 'dhënie', 'mendimi', 'administratën', 'drejtat', 'shprehet', 'çështjet', 'ligjore', 'komisioni', 'publike']","['Shprehet për dhënie mendimi Komisioni për Çështjet Ligjore, Administratën Publike dhe të Drejtat e Njeriut.', 'Shprehet për dhënie mendimi Komisioni për Çështjet Ligjore, Administratën Publike dhe të Drejtat e Njeriut.', 'Shprehet për dhënie mendimi Komisioni për Çështjet Ligjore, Administratën Publike dhe të Drejtat e Njeriut.']"
434,18,434_nen_propozuesit_variantit_parim,"['nen', 'propozuesit', 'variantit', 'parim', 'kartonë', 'votimin', 'kalojmë', 'miratohet', 'projektligji', 'karton']","['Miratohet projektligji në parim. Kalojmë në votimin nen për nen, me kartonë, sipas variantit të propozuesit.', 'Miratohet projektligji në parim. Kalojmë në votimin nen për nen me kartonë, sipas variantit të propozuesit.', 'Miratohet projektligji në parim. Kalojmë në votimin nen për nen, me kartonë, sipas variantit të propozuesit.']"
435,18,435_jetik_vetmi_minimumin_europë,"['jetik', 'vetmi', 'minimumin', 'europë', 'jemi', 'vend', 'përcaktuar', 'rajon', 'minimumi', 'shtet']","['Jemi i vetmi vend në Europë që nuk e ka vendosur minimumin jetik. Partia Demokratike ju ka sjellë iniciativa ligjore për minimumin jetik, dhe ju nuk pyesni.', 'Ne jemi i vetmi vend në Europë që ende nuk e kemi minimumin jetik të llogaritur.', 'Kur do ta përcaktojmë minimumin jetik? Jemi i vetmi vend në Europë që ende nuk e kemi të përcaktuar minimumin jetik.']"
436,18,436_kuvendin_dule_mësuar_hiqeni,"['kuvendin', 'dule', 'mësuar', 'hiqeni', 'komunikuar', 'je', 'mafia', 'pavërtetë', 'shkurten', 'llokoçitje']","['119 Legjislatura e 10-të Viti 2024 (Ndërhyrje pa mikrofon) Sepse ti je mësuar të flasësh nga vendi, sepse ti je mësuar të flasësh kot, sepse ti je mësuar të akuzosh siç akuzohet në rrugë, ndërkohë që këtu është salla e Kuvendit të Shqipërisë.', 'Ermonela Felaj – Zonja Spiropali, ju lutem! Elisa Spiropali – Edhe 30 sekonda. Sa u takon mocioneve me debat, ato nuk janë as manuale denigrimi; ato nuk janë as shpifje; ato nuk janë as ujë i zi, që rrjedh nga ballkoni dhe ju e mblidhni dhe e derdhni në Kuvendin e Shqipërisë, por ky institucion është institucioni më i lartë në vend dhe nuk mund t’i pranojë jo vetëm kërkesat tuaja, por as këtë gjuhë, për të cilën ju përgjigjen do ta merrni me votë.', 'Por as ka thënë dikush që kënga është ndaluar, madje, t’ju them të drejtën, kam komunikuar me Shkurten para disa javësh dhe i kam thënë: Shkurte, të lutem, mos i beso gojët e liga, sepse është komplet e pavërtetë, pastaj ka dalë Federata Shqiptare e Futbollit dhe e ka komunikuar një gjë të tillë, që është e pavërtetë, por meqenëse nesër është takimi i dy parlamenteve, o burra, të bëjmë disa llokoçitje në Tiktok dhe të themi ca rrena, se rrenat ecin shumë shpejt.']"
437,18,437_populizëm_populizmit_populizmi_populizmin,"['populizëm', 'populizmit', 'populizmi', 'populizmin', 'mbron', 'populiste', 'çedukoni', 'tersëllimë', 'njerëzore', 'tema']","['Ky është një populizëm dhe një mashtrim që vijon gjatë, në 3 dekada, por për populizmin elektoral nuk ka asgjë falas.', 'Nuk kam asgjë për populizëm, por është e drejtë e çdo deputeti në ato që ka parashtruar.', 'Nga disa parafolës dëgjova shumë devijime nga tema. Në këto raste, kur raportojnë institucionet e pavarura, mendimi im është se çdo devijim nga tema, pavarësisht se nga cili krah vjen, është populizëm, është një populizëm i keq në rastin më të mirë, për të mos thënë që është edhe paaftësi.']"
438,17,438_botërore_dytë_luftës_nazifashizmin,"['botërore', 'dytë', 'luftës', 'nazifashizmin', 'popujve', 'fitores', 'çamëria', 'shënoi', 'shkatërrimit', 'fitore']","['Periudha e dytë e shpëtimit të hebrenjve ndodhi gjatë periudhës së Luftës së Dytë Botërore.', 'Nuk ishte faji i të majtëve të Luftës së Dytë Botërore që e djathta e kohës u bashkua me nazifashizmin.', 'U tha gjatë gjithë ditës së sotme (natyrisht sot është një ditë e rëndësishme, në radhë të parë është dita e fitores së popujve mbi nazifashizmin dhe të gjithë bashkëpunëtorët e tyre, por është edhe dita e unitetit dhe e paqes për Europën e bashkuar), por ishte koha ta përmendja, sepse një pjesë këtu e kanë zët edhe “5 Majin” edhe “29 Nëntorin”, por, në fakt, harrojnë se ne duhet të jemi krenarë që u rreshtuam përkrah popujve fitues në Luftën e Dytë Botërore.']"
439,17,439_dhënie_mendimi_shprehet_komisioni,"['dhënie', 'mendimi', 'shprehet', 'komisioni', 'financat', 'jashtme', 'politikën', 'ekonominë', 'për', 'sigurinë']","['Shprehet për dhënie mendimi Komisioni për Ekonominë dhe Financat. Shprehet për dhënie mendimi Komisioni për Politikën e Jashtme.', 'Shprehet për dhënie mendimi Komisioni për Ekonominë dhe Financat. Shprehet për dhënie mendimi Komisioni për Politikën e Jashtme.', 'Shprehet për dhënie mendimi Komisioni për Ekonominë dhe Financat. Shprehet për dhënie mendimi Komisioni për Politikën e Jashtme.']"
440,17,440_mjekësisë_universiteti_tarifë_mjekësi,"['mjekësisë', 'universiteti', 'tarifë', 'mjekësi', 'studentët', '2300', 'vit', 'studente', 'paguajnë', 'mjeke']","['Çfarë ndodh?! Ju e dini që, kur studentët tanë mbarojnë Fakultetin e Mjekësisë, paguajnë 450 mijë lekë të vjetër çdo vit.', 'Ministrja duhet ta dijë, rektori e ka pranuar vetë që ka shkresë zyrtare, ku Universiteti i Mjekësisë thotë që kostoja e studentëve të mjekësisë është 2300 euro.', 'Nga ana tjetër, Universiteti i Mjekësisë, për studimet e ciklit të tretë në specializimet afatgjata në mjekësi, për kuotat e pambuluara ka një tarifë 1 milion e 200 mijë lekë në vit, ndërsa për ciklin e parë dhe të dytë, studentët që nuk fitojnë, që nuk kanë asnjë mundësi për të fituar diku tjetër, duhet të paguajnë 6-fishin e asaj që duhet të paguajë një mjek që ka marrë kartonin dhe kërkon të bëjë një specializim shtesë.']"
441,17,441_larguat_shkatërruar_shqiptarët_ikin,"['larguat', 'shkatërruar', 'shqiptarët', 'ikin', 'atavizma', 'kamberët', 'devijohen', 'dragonjtë', 'ballistëve', 'shiteni']","['Ky nuk është një sistem as i të persekutuarve, as i ballistëve, as i partizanëve, ky është një sistem që dhunoi kombin shqiptar, ky është një sistem ku shqiptarët ende sot nuk prodhojnë dot demokraci, ende sot në Shqipëri partia është shtet, ende sot në Shqipëri diskursi politik është kinostudio, ende Kuvendi i Shqipërisë nuk ka tagrin, nuk ka logjikën, nuk ka mendimin të bëjë një fjalim politik.', 'Ju po shkoni drejt fundit të mandatit të tretë dhe lezhjanët nuk kanë pse t’ju mbajnë mend si qeverisje, sepse nuk bëtë asgjë të mirë për qytetin, asgjë të mirë për fshatin, por do të mbaheni mend si qeveria që larguat fëmijët nga prindërit, larguat shqiptarët nga ëndrrat për një të ardhme më të mirë në shtëpitë e tyre, dhe sot, me amoralitetin më të madh, shpallni tour-e nëpër diasporë për t’u dhënë kartën tuaj të Rilindjes, për t’i anëtarësuar edhe emigrantët si patronazhistë.', 'Por ishte edhe naive të vishje këtë qyrk fajësie nga një dozë inferioriteti e politikanëve të pazotë për të bërë shtet, të gjendur mbase mes intrigave të të gjitha rrymave që donin ta ndanin Shqipërinë, të humbur në tisin e pasigurisë që po gatuante lufta e madhe ku bota po hynte me nxitim.']"
442,17,442_kuvendit_rregulloren_urdhër_rregullorja,"['kuvendit', 'rregulloren', 'urdhër', 'rregullorja', 'respektojmë', 'grupit', 'kryetarëve', 'plenare', 'nënbashkësi', 'investigon']","['Nuk ka asnjë urdhër për ndryshim apo rregullim liste. Ka vetëm një urdhër që buron nga neni 46 i Rregullores, i cili thotë: “Çdo deputet që dëshiron të diskutojë për një çështje të përfshirë ose të papërfshirë në rendin e ditës, duhet të regjistrohet në sekretari para fillimit të seancës plenare.” (Ndërhyrje pa mikrofon) Pra, janë deputetët, nuk thotë - kryetarët e grupeve parlamentare.', 'Që do të thotë se çdo kërkesë që vjen nga grupi nismëtar, që është ai që ka vënë në lëvizje Parlamentin për këtë kontroll parlamentar, për kohëzgjatjen e punës së Kuvendit apo për shtim të kohës së punës së Kuvendit, merret në shqyrtim nga Konferenca e Kryetarëve, dhe është detyrim i Konferencës së Kryetarëve ta sjellë për vendimmarrje në seancë plenare, pra nuk e vendos Konferenca e Kryetarëve.', 'Unë nuk kam asnjë urdhër përveç Rregullores së Kuvendit (thua ti, zonja Kryetare). Nuk ka vendim të Kuvendit, sepse nuk përcaktohet nga Rregullorja e Kuvendit asnjë vendim Kuvendi për këtë, ka vetëm vendim të grupit parlamentar dhe Rregullorja më detyron të njoftoj vetëm seancën për vendimet e grupit parlamentar (faqja 11 e procesverbalit, janë të gjitha fjalët tuaja këto, nuk po shtoj asnjë fjalë).']"
443,17,443_aviacionit_civil_ajror_ajrore,"['aviacionit', 'civil', 'ajror', 'ajrore', 'trafikut', 'ohrit', 'konventës', 'hapësirës', 'ndërkombëtar', 'maqedonisë']","['Hapet votimi. Mbyllet votimi. 72 pro, 2 kundër, asnjë abstenim. Projektrezoluta miratohet. Projektligji “Për aderimin e Republikës së Shqipërisë në protokollin për ndryshimin e nenit 50(a) të Konventës së Aviacionit Civil Ndërkombëtar, si dhe në protokollin për ndryshimin e nenit 56 të Konventës së Aviacionit Civil Ndërkombëtar”.', 'Miratohet në tërësi projektligji. Kalojmë te projektligji “Për ratifikimin e marrëveshjes ndërmjet Këshillit të Ministrave të Republikës së Shqipërisë dhe qeverisë së Republikës së Maqedonisë së Veriut për delegimin e shërbimeve të trafikut ajror në një pjesë të hapësirës ajrore mbi liqenin e Ohrit”.', 'Zonja Balluku, keni fjalën. Belinda Balluku – Marrëveshja ndërmjet Këshillit të Ministrave të Republikës së Shqipërisë dhe Qeverisë së Republikës së Maqedonisë së Veriut për delegimin e trafikut ajror në një pjesë të hapësirës ajrore mbi liqenin e Ohrit” është një procedurë ndërkombëtare e bazuar në Kodin e Aviacionit Civil, e cila lehtëson operimet midis vendeve kufitare.']"
444,17,444_ushtarakëve_ushtarakët_ushtari_pagat,"['ushtarakëve', 'ushtarakët', 'ushtari', 'pagat', 'armatosura', 'ushtarak', 'pagave', 'gjenerali', 'sfidë', 'gradave']","['Dua të sjell në kujtesën tuaj se këta 2-3 vjetët e fundit ne kemi rritur ndjeshëm pagat për të gjithë ushtarakët tanë, duke filluar nga ushtari bazë deri te gjenerali.', 'Meqenëse jemi te motivimi financiar, përveç punonjësve të institucioneve shëndetësore, arsimore dhe punonjësve të Policisë së Burgjeve, dua të theksoj faktin se vëmendja e djeshme e qeverisë, njëkohësisht, e Kryeministrit Rama ishte edhe për ushtarakët e FA-ve, të cilët do të përfitojnë një rritje domethënëse të pagave, e cila prek të gjitha nivelet, duke filluar nga ushtari i parë dhe deri te gjeneralët.', 'Ky vit do të jetë sërish me lajme të mira sa i përket pagës së ushtarakëve, sepse do të kemi një rritje të përshkallëzuar, nga 7% deri në 22%, duke u dhënë këtë herë prioritet gradave më të ulëta, ndërkohë që rritjet e mëparshme kanë qenë rritje të sheshta, në kuptimin që janë aplikuar nga ushtari bazë e deri te gjenerali në të njëjtën përqindje.']"
445,17,445_bletërritësit_provueshme_qeveri_kredite,"['bletërritësit', 'provueshme', 'qeveri', 'kredite', 'ndërmerrnim', 'përcillja', 'kuptojmë', 'mirëfunksionimin', 'mbartin', 'ndjeva']","['Qeveria ka punën e saj, kurse ne kemi punën dhe përgjegjësinë tonë, pavarësisht se i përkasim mazhorancës, që të shikojmë nëse synimet e mira që mbartin këto propozime, po zbatohen konform asaj që ne mendojmë.', 'Pra, bletërritësit dhe shoqatat e tyre do të luajnë një rol të rëndësishëm në hartimin e politikave, do të kenë një ndikim në vendimmarrje, gjithashtu, do të kenë edhe vetë hapësira për vendime që lidhen me administrimin e interesave të përbashkëta.', 'Përpara se të flisja për këtë projekt, që në fakt është projekti i radhës i vjedhjeve, abuzimeve dhe i rritjes së borxhit publik, e ndjeva detyrë qytetare që ngjarjen e sotme ta përcillja në këtë Kuvend, që jetën e qytetarëve duhet ta ketë në shenjtë, një nga detyrat kryesore dhe më pas mirëqenien dhe të drejtat e tjera të qytetarëve.']"
446,17,446_angli_britanisë_gomone_britaninë,"['angli', 'britanisë', 'gomone', 'britaninë', 'çunave', 'refugjatëve', 'londër', 'problem', 'britania', 'pseudobiznesmenët']","['Për shkak të emergjencës së braktisjes së atyre zonave dibranët, kuksianët bulqizakët marrin gomonet dhe shkojnë në Londër dhe detyrohet qeveria e Mbretërisë së Bashkuar, për të evituar flukset e tmerrshme të mbipopullimit, të investojë, të ndërtojë rrugë, spitale apo qendra shëndetësore në Bulqizë, në Peshkopi, në Mat, në Kukës e të tjera me radhë.', 'Kjo është e vërteta. Secili prej nesh e di mirë çfarë ndodh në përditshmëri në Angli dhe si ata persona vijnë pa teklif për të prishur paratë këtu, për të investuar paratë këtu, si edhe çfarë ndodh me të gjithë pseudobiznesmenët që pastrojnë paratë e çunave të Londrës apo çunave të Dubait.', 'Ndërkohë, çdo ditë vijnë oferta për të emigruar në Angli, përmes platformës Tik-Tok, ku trafikantët reklamojnë kalimin me gomone nga Franca për në Angli me çmime shumë të lira këto ditë.']"
447,17,447_ushqimore_unicef_47_varfëri,"['ushqimore', 'unicef', '47', 'varfëri', 'fëmijëve', 'kequshqyerje', 'kequshqyer', 'fëmijë', 'varfërinë', 'jetojnë']","['255 Legjislatura e 10-të Viti 2024 Ju jeni të pashpirt, prandaj s’e keni në konsideratë këtë shtresë, sepse vetëm në qeverinë e Edi Ramës 47% e fëmijëve jetojnë në kequshqyerje, me pak fjalë, në një varfëri të skajshme ushqimore, sepse vetëm në qeverinë tuaj Eurostat-i ka përcaktuar se gjysma e shqiptarëve jetojnë në varfëri.', 'Është e çuditshme se si UNICEF-i nuk mendon dot si Elisa apo si Ulsiu, ndryshe nuk do të thoshte UNICEF-i se 47% , pra gjysma e të vegjëlve dhe të miturve në këtë vend nën 5 vjeç, janë në varfëri ushqimore.', 'Ky Kuvend duhet të marrë masat për të garantuar vendosjen me ligj të minimumit jetik, që asnjë fëmijë në Shqipëri të mos jetojë në varfëri ushqimore, sepse 47% e fëmijëve në Shqipëri jetojnë në varfëri ushqimore.']"
448,17,448_kryetarëve_grupohen_konferenca_mocionet,"['kryetarëve', 'grupohen', 'konferenca', 'mocionet', 'interpelancat', 'këshillimit', 'pyetjet', 'njëherësh', '89', 'konferencën']","['Në bazë të nenit 89, pika 2, të Rregullores, ku thuhet: “Kryetari i Kuvendit, pas këshillimit me Konferencën e Kryetarëve, mund të vendosë që pyetjet, interpelancat apo mocionet që lidhen me çështje të njëjta ose të ngjashme, të grupohen së bashku dhe të shqyrtohen njëherësh”, vendosa që kërkesat për mocion dhe miratimin e projektrezolutës, paraqitur nga të dyja grupet parlamentare, dhe interpelancën e paraqitur nga deputeti Kreshnik Çollaku, meqenëse kanë të njëjtin objekt, t’i bashkoj për ta zhvilluar debatin në një seancë të posaçme plenare.', 'Neni 89, paragrafi i dytë i Rregullores i jep të drejtë Kryetarit të Kuvendit, që pas këshillimit me Konferencën e Kryetarëve, të vendosë që pyetjet, interpelancat ose mocionet, që lidhen me çështje të njëjta ose të ngjashme, dhe në rastin konkret, si pyetjet, si mocioni dhe kërkesa për interpelancë urgjente, kanë qenë të lidhura me të njëjtën çështje, grupohen së bashku dhe shqyrtohen njëherësh.', 'U mblodh Konferenca e Kryetarëve. Në pikën 2 të nenit 89 të Rregullores thuhet: “Kryetari i Kuvendit, pas këshillimit me Konferencën e Kryetarëve, mund të vendosë që pyetjet, interpelancat ose mocionet që lidhen me çështje të njëjta ose të ngjashme të grupohen së bashku dhe të shqyrtohen njëherësh”.']"
449,16,449_bukë_hanë_bukën_kokërr,"['bukë', 'hanë', 'bukën', 'kokërr', 'mjalti', 'ar', 'blejnë', 'domate', 'buka', 'minutash']","['Me kaq para, këto janë te niveli i lëmoshës. Kjo është bukë thatë. Ne themi që të paktën të japim bukë me djathë.', 'Ne po ju themi që të hanë edhe fshatarët tanë, të hamë edhe ne bukë, zotërinj!', 'Të vdesin për bukë. Kjo është parulla juaj: të vdesin për bukë, të hanë bar.']"
450,16,450_hawk_black_helikopterëve_helikopterët,"['hawk', 'black', 'helikopterëve', 'helikopterët', 'helikopterë', 'dronin', 'helikopterësh', 'zogj', 'helikopter', 'flotë']","['Një helikopter e keni në remont, nja 2-3 helikopterë para disa vjetësh i keni harruar në disa hangarë të Evropës për riparim dhe ende nuk po vijnë.', 'Konsolidimi i flotës së helikopterëve “ Black Hawk”, siç e dini, vitin e kaluar kemi marrë dy helikopterët e parë “Black Hawk”.', 'Sapo ka filluar ndërtimi i një flote dinjitoze të këtyre helikopterëve dhe, sipas mundësive buxhetore, do ta shtojmë numrin e këtyre helikopterëve “Black Hawk”, si dhe do të shkojmë drejt pakësimit të brande-ve të ndryshme të helikopterëve dhe unifikimit sa më shpejt të jetë e mundur me helikopterë “ Black Hawk”.']"
451,16,451_sula_ki_dashnor_hum,"['sula', 'ki', 'dashnor', 'hum', 'mjau', 'ham', 'uluni', 'ndërhyrje', 'mikrofon', 'zoti']","['Zoti Sula, uluni në vend! Ju lutem, mbylleni! (Ndërhyrje pa mikrofon) Zoti Sula, ju lutem, uluni në vend!', '(Ndërhyrje pa mikrofon) Ju lutem, zoti Noka, ia kam dhënë fjalën zoti Sula. Dashnor Sula - Ta mbarojë, se ka replikë ai.', 'Faleminderit! Lindita Nikolla – Zoti Sula, po nuk të përmendi! Po, 2 minuta replikë. (Ndërhyrje pa mikrofon) Dashnor Sula – The, pra, Sula, çfarë do të thuash më?']"
452,16,452_sula_tabaku_ermonela_felaj,"['sula', 'tabaku', 'ermonela', 'felaj', 'faleminderit', 'nikolla', 'lindita', 'mikrofon', 'gjithëpushtetshëm', 'lut']","['Ermonela Felaj – Kolegë, ju lutem! Zoti Sula, a mund ta ruani qetësinë? Dashnor Sula – Nuk të vjen mirë ty.', 'Ermonela Felaj – Faleminderit, zoti Sula! (Deputeti Dashnor Sula vazhdon të flasë pa mikrofon.) Zoti Sula, ju lashë edhe kohën shtesë, ka mbaruar koha e fjalës suaj.', 'Faleminderit! Ermonela Felaj – Faleminderit! Fjalën e ka zoti Sula. (Ndërhyrje pa mikrofon) Nuk ju dëgjova.']"
453,16,453_tap_gazit_lëngshëm_kub,"['tap', 'gazit', 'lëngshëm', 'kub', 'lundrueshëm', 'bcm', 'transportuar', 'gaz', 'metër', 'gazsjellësit']","['Si rrjedhojë TAP-i ka transportuar 39 Legjislatura e 10-të Viti 2022 rreth 8 miliardë metër kub gaz nga kufiri greko-turk në Kipoi, ku 6,8 miliardë metër kub gaz janë transportuar në Itali përmes Shqipërisë dhe 1,2 miliardë metër kub gaz, me të cilat furnizohet Greqia.', 'Porti i lundrueshëm në Gjirin e Vlorës do të furnizojë TEC-in. Lidhja e tij me gazsjellësin TAP ndërmjet tubacionit Fier-Vlorë do ta shndërrojë Shqipërinë në një qendër të shpërndarjes të gazit të lëngshëm drejt rajonit, por edhe drejt Europës, duke e ulur vartësinë e tyre nga gazi rus dhe duke kontribuar në sigurinë energjetike.', 'Porti i lundrueshëm në gjirin e Vlorës, që do të furnizojë TEC-in dhe lidhja e tij me gazsjellësin TAP nëpërmjet tubacionit Fier-Vlorë, do ta shndërrojë Shqipërinë në një qendër të shpërndarjes së gazit të lëngshëm drejt rajonit, por edhe Europës, duke ulur varësinë nga gazi rus dhe duke kontribuar kështu në sigurinë energjetike.']"
454,16,454_pushim_minuta_betimin_kërkesë,"['pushim', 'minuta', 'betimin', 'kërkesë', 'mbërritur', 'bëjmë', 'vonesë', 'ndërpritet', 'ndalëm', 'takonim']","['Kështu që, mendoj të bëjmë 5 minuta pushim në mënyrë që të thërrasim anëtarët e Konferencës së Kryetarëve dhe t’i japim një zgjidhje kësaj çështjeje.', 'Meqenëse një pjesë e kolegëve deputetë që presin të bëjnë betimin ka mbërritur, edhe dokumentacioni nga KQZ-ja ka mbërritur, të bëjmë 5 minuta pushim, që Këshilli për Rregulloren, Mandatet dhe Imunitetin të ketë mundësinë ta shqyrtojë dhe kolegët të bëjnë betimin.', 'Para së të kalojmë në seancën e posaçme, siç do ta quaja, ku votohet kërkesa e deputetëve të opozitës për shkarkimin e Kryetares së Kuvendit, do të kërkoja pesë minuta pushim, në mënyrë që të riparohet foltorja, sepse qoftë zonja Çupi, qoftë zonja Gjonaj, por, natyrshëm, edhe Kryetarja e Kuvendit kanë të drejtën e tyre që ta marrin fjalën në foltore.']"
455,16,455_rinore_garancisë_profesional_rinjve,"['rinore', 'garancisë', 'profesional', 'rinjve', 'be', 'iniciativës', 'punësimin', 'perëndimor', 'papunë', 'ballkanin']","['Për ta trajtuar këtë kategori është parashikuar futja e skemës së garancisë rinore në një nen të veçantë, përveç parashikimit të bërë në nenin 11, si pjesë e iniciativës së BE-së për Ballkanin Perëndimor.', 'Çështjet më kritike të punësimit që kërkojmë të përmirësojmë, janë konkretisht: zbatimi i skemës së garancisë rinore për të rinjtë, si pjesë e iniciativës të BE-së për Ballkanin Perëndimor, si dhe mbështetja e të rinjve deri në 29 vjeç, që nuk janë të punësuarit me arsim ose me formim profesional, të cilët do të përfitojnë një ofertë punësimi, formimi profesional, arsimim në vendin 161 Legjislatura e 10-të Viti 2023 e punës brenda një periudhe 4-mujore, duke i identifikuar ata si një grup të veçantë që duhet të trajtohen me përparësi, sepse këta përbëjnë rreth 37,3% të këtyre të papunëve.', 'Nëpërmjet skemës së garancisë rinore, e cila është pjesë e programeve të punësimit, arsimit dhe formimit profesional, adresohen nevojat e të rinjve që nuk janë në punë, në arsim ose në formim profesional, si pjesë e iniciativës së BE-së për Ballkanin Perëndimor.']"
456,16,456_dëshmorët_protestojnë_bulevardin_selisë,"['dëshmorët', 'protestojnë', 'bulevardin', 'selisë', '11', 'korrik', '00', 'kombit', 'liderit', 'protestuar']","['Më 11 korrik, ora 20:00, çdo shqiptar të jetë në Bulevardin “Dëshmorët e Kombit”, përpara selisë së krimit, përpara selisë së drogës, përpara selisë së korrupsionit, përpara selisë së kartelit të Sinaloas, për të përcjellë zërin e tij dhe zërin e së vërtetës.', 'Ndaj shqiptarët më 11 korrik, ora 20:00, do të vërshojnë në Bulevardin “Dëshmorët e Kombit” për të protestuar për drejtësinë që duhet, për drejtësinë që duan dhe jo për drejtësinë e Dumanit me ferman të Sulltanit, do të protestojnë për lirimin e liderit të opozitës, si i vetmi i burgosur politik në Europë, për drejtësinë 251 Legjislatura e 10-të Viti 2024 e vërtetë dhe jo atë të partisë, për një drejtësi të bazuar në ligj dhe jo drejtësi që urdhërohet dhe komandohet me Maliq.', 'Të gjitha këto, si: varfëria, korrupsioni galopant, shpopullimi masiv, arrestimi dhe burgosja për motive politike e liderit të Partisë Demokratike, zotit Berisha, janë arsye madhore që qytetarët e qarkut Kukës dhe të të gjithë Shqipërisë të protestojnë në datën 11 korrik, në orën 20:00 në bulevardin “Dëshmorët e Kombit” përpara Kryeministrisë, për të bërë të mundur rrëzimin e këtij regjimi dhe shpëtimin e Shqipërisë nga gjëma që i ka bërë në këta 11 vjet.']"
457,16,457_elektrike_ndërprerje_energjisë_rrjet,"['elektrike', 'ndërprerje', 'energjisë', 'rrjet', 'lezhës', 'shkopeti', 'zona', 'miloti', 'jetoj', 'lezhë']","['Çfarë ndodh me këta banorë, të cilët presin prej vitesh ndërhyrje në rrjet? Po ashtu, zona e Bubqit është njëra nga njësitë që është përballur me vështirësitë e ndërprerjes së energjisë elektrike ndër vite, shoqëruar nga një rrjet i amortizuar dhe tension i ulët.', 'Miloti, Fushë-Miloti, Skuraji, Shkopeti, Ferr-Shkopeti, Mal-Bardhi, Delbnishi, Shullazi, Gallati dhe Vinjolli po vuajnë, shpesh me orë të tëra mungesën e energjisë elektrike.', 'Gjatë verës ka pasur ndërprerje të energjisë elektrike për orë, madje edhe për disa ditë, në zona të rëndësishme të Lezhës: në Zejmen, Blinisht, Shënkoll, Torovicë, Ungrej, Balldre, Kallmet, Dajç, në zonën e Vainit, Ishull- Lezhë, madje edhe në qendër të qytetit të Lezhës.']"
458,16,458_replikë_balla_tabaku_replikoj,"['replikë', 'balla', 'tabaku', 'replikoj', 'zotin', 'jorida', 'replikës', 'replikën', 'shehaj', 'kërkuat']","['Dakord?! Lindita Nikolla - Zonja Tabaku, e keni fjalën për replikë. Jorida Tabaku - Faleminderit, zonja Kryetare!', 'Ju e kërkuat fjalën për replikë me zotin Balla... Agron Shehaj – Po, në fakt po replikoj me zotin Balla.', 'Ermonela Felaj – Ti ndërpritet fjala zotit Shehaj. Isha shumë e qartë, kërkuat replikë me zotin Balla, kështu që duhej të bënit replikë me zotin Balla.']"
459,15,459_onkologjikut_onkologjiku_tek_faji,"['onkologjikut', 'onkologjiku', 'tek', 'faji', 'revoltoi', 'çuditi', 'zullum', 'cekur', 'pashkollë', 'dukuria']","['Natyrisht, kjo është e padrejtë. Në historinë e Onkologjikut të gjithë kanë përgjegjësi, pa përjashtim, nga i pari deri tek i fundit, por të vish këtu dhe të thuash që e gjitha kjo bëhet që të largohet vëmendja nga ai apo nga ata e të tjerë me radhë...', 'Për rastin e Onkologjikut mendoj dhe gjykoj se duhet të ishte detyra e çdo deputeti ...', 'Mos u fshihni pas Onkologjikut! Ajo që ndodhi tek Onkologjiku, është faji i sistemit, është faji juaj.']"
460,15,460_monopolet_monopolin_monopole_monopolizuar,"['monopolet', 'monopolin', 'monopole', 'monopolizuar', 'monopoli', 'krijuar', 'monopol', 'shteti', 'laboratorëve', 'insekticideve']","['Ne kemi stimuluar dhe po krijojmë jo vetëm thjesht monopolet private, të cilat janë bërë bllokuese të zhvillimit ekonomik të vendit, peshë e madhe rënduese mbi qytetarët, dëmtuese të mirëqenies, por, gjithashtu, ne kemi krijuar edhe një model shumë më të rrezikshëm, që për mua është një model sui generis i tipit marksist në një ekonomi tregu të deformuar.', 'Kudo ka monopole. Monopolet ju sundojnë juve, nuk i sundoni ju monopolet, duhet të jemi të sinqertë për këtë gjë.', 'Shteti operon edhe duke luftuar monopolet, por ju i keni krijuar monopole. Nuk ka gjë më të rrezikshme për ekonominë e një vendi se sa monopolet.']"
461,15,461_ministrinë_faktik_shoqëron_financave,"['ministrinë', 'faktik', 'shoqëron', 'financave', 'faktike', 'risqet', 'buxhetore', 'ekonomisë', 'buxhetit', 'analizuar']","['Siç e thashë, është një raport që shoqëron buxhetin faktik dhe ka një arsye pse e shoqëron buxhetin faktik, sepse, së pari, është një raport që ka në fokus monitorimin dhe transparencën lidhur me risqet e mundshme të natyrës buxhetore, fiskale apo të borxhit publik.', 'Prandaj, raporti fokusohet në atë informacion që ju e përmendët. Pikërisht në kuadër të transparencës, në paketën që shoqëron buxhetin faktik, sepse e theksoj, është pjesë e paketës së buxhetit faktik, që ne do të kemi mundësi ta diskutojmë në shtator, edhe në komision, edhe në seancë, i dorëzuar tashmë në Kuvend, ka një seksion të posaçëm në relacionin e këtij buxheti, ku parashtrohen risqet fiskale dhe veçanërisht risqet lidhur me kontratat koncesionare.', 'Përveç paketës që shoqëron buxhetin faktik, informacioni i detajuar mbi pagesat faktike të planifikuara për kontratat koncesionare me mbështetje buxhetore paraqitet dhe publikohet edhe në të gjitha raportet buxhetore, si në raportin e mesvitit mbi zbatimin e buxhetit të vitit korrent, si dhe në relacionin e projektbuxhetit vjetor.']"
462,15,462_test_testit_testi_sallës,"['test', 'testit', 'testi', 'sallës', 'provimit', 'dalja', 'korrigjuar', 'ankohen', 'dyshime', 'rakipit']","['Diskutuam mirë e bukur këtu, krijuam edhe një klimë siç i ka hije Parlamentit, por nuk të thashë që je në test apo jo, se unë e di që ti këto teste nuk i kalon.', 'Nëse keni, mund të na i thoni dhe ne të marrim masa. Dalja e testit jashtë sallës nuk shkakton diferencim të maturantëve apo ulje të cilësisë së provimit dhe të korrigjimit.', 'Pavarësisht kësaj, unë e thashë: ne nuk jemi krenarë që del testi, por ju siguroj që dalja e testit nga brenda sallës, jashtë saj, nuk e ka cenuar aspak cilësinë e provimit; ju nuk keni fakte që një test i zgjidhur jashtë të ketë hyrë brenda.']"
463,15,463_holokausti_holokaustit_dhembje_patregueshme,"['holokausti', 'holokaustit', 'dhembje', 'patregueshme', 'djallëzorja', 'kurë', 'pamendueshme', 'holokaustin', 'hebre', 'dëshmi']","['Holokausti, ky krim lebetitës ndaj një populli të tërë, ky krim i llahtarshëm që nuk kurseu as fëmijë dhe as gra, as pleq dhe as të sëmurë, është dëshmi e faktit se djallëzorja mund të marrë forma të tilla të pamendueshme.', 'Holokausti është dëshmi e faktit se si një ideologji politike që e shikon zgjidhjen tek shfarosja e një populli, që e shikon legjitimimin e saj tek sajimi i komploteve, që flet pa ndalur për armiq dhe që shikon kudo armiq, mund të arrijë të bëhet një makineri gjakësore dhe vrastare, që ndërton kampe dhe dhoma gazi për të zhdukur një popull të tërë.', 'Holokausti, Shoah, është krimi i përbindshëm ndaj popullit hebre, është një nga këto të këqija të patregueshme, dëshmi e faktit se djallëzorja mund të arrijë në pika të pamendueshme.']"
464,15,464_papunësisë_papunësia_papunësinë_ulur,"['papunësisë', 'papunësia', 'papunësinë', 'ulur', 'fuqisë', 'punësuarve', 'normë', 'tërmetit', 'norma', 'ulët']","['Programet e qeverisë për mbështetjen e arsimit profesional dhe aftësimit të fuqisë punëtore kanë dhënë rezultate pozitive, duke përmirësuar treguesin e papunësisë në nivelin e 10,7%, që është më i ulëti që kemi deri sot.', 'Papunësia ka rënë në nivelin 11,1% dhe është niveli më i ulët që kemi pasur ndonjëherë.', 'Çfarë thuhet për papunësinë? Papunësia ka rënë në 11.3%, është barazuar me papunësinë në ulje përpara tri krizave: tërmetit, pandemisë dhe kriza e invazionit rus në Ukrainë.']"
465,15,465_falje_ndjesë_falni_kërkoni,"['falje', 'ndjesë', 'falni', 'kërkoni', 'përzjeve', 'peqinas', 'analogjinë', 'trashet', 'lyp', 'muhabeti']","['PD-ja, duke u kërkuar falje për çfarë ka bërë keq dhe çfarë nuk e ka bërë hiç, u lyp atyre ndjesë dhe i mbështet pa ndoshta e pa sikur.', 'Kështu që është shumë normale t’i kërkoni falje zonjës, pasi fjala është e rëndë dhe nuk mund ta kalojmë dot kështu, sepse trashet muhabeti dhe nesër apo pasnesër do të jeni ju ajo, që do të kërkoni prej nesh t’ju kërkojmë ndjesë, por ne pastaj do të detyrohemi të refuzojmë.', 'Kështu që mund ta kthejmë regjistrimin, po të doni, dhe mund ta shihni. Nuk do të ketë nevojë për falje, sepse ju kuptoj që, edhe po heshtët, do të thotë që keni kërkuar falje, po të jetë ndryshe, do të kërkoj unë falje, pa diskutim!']"
466,15,466_policia_polic_mbërthente_vraposh,"['policia', 'polic', 'mbërthente', 'vraposh', 'çaplini', 'deklaratë', 'njoh', 'këndojmë', 'çaplinin', 'lushnjë']","['Mos vallë u shtua ndonjë polic në Lushnjë që do t’i kapni tani? Në Lushnjë i keni serrat me hashash, çfarë po u bëni?', 'Nëse në një moment të kap paniku dhe mund të vraposh kur një polic të thërret, ki kujdes se ajo mund të jetë dita jote e fundit.', 'E njoh. Po të duash kam edhe emra të tjerë që njoh. Diferenca midis nesh dhe jush është që ne atë policin as nuk e mbrojmë, as nuk shkojmë i këndojmë babit të tij poshtë ballkonit, as nuk themi në darkë ta lirojmë dhe në mëngjes ta dënojmë SPAK-un.']"
467,15,467_deliu_denis_nderuar_kqz,"['deliu', 'denis', 'nderuar', 'kqz', 'qytetarë', 'deputetë', 'shqiptarë', 'zgjedhore', 'kolegë', '2023']","['Zoti Deliu, fjala është për ju. Denis Deliu - Faleminderit, zonja drejtuese e seancës! Të nderuar kolegë deputetë, Të nderuar qytetarë shqiptarë, I nderuar kryetar i Komisionit Qendror të Zgjedhjeve, Projektrezolutë për vlerësimin e veprimtarisë së Komisionit Qendror të Zgjedhjeve për vitin 2023 Kuvendi i Shqipërisë, duke njohur përgjegjësinë e Komisionit Qendror të Zgjedhjeve për organizimin dhe administrimin e zgjedhjeve dhe referendumeve, mbikëqyrjen e veprimtarive të administratës zgjedhore, monitorimin e veprimtarisë së subjekteve zgjedhore, institucioneve shtetërore dhe të medies në raport me zgjedhjet, si dhe zgjidhjen në rrugë administrative të kërkesave ose ankesave që kanë lidhje me procesin zgjedhor, vlerëson veprimtarinë e KQZ-së gjatë vitit 2023 lidhur me angazhimin e KQZ-së gjatë gjithë procesit, para, gjatë dhe paszgjedhor për zgjedhjet vendore të datës 14 maj 2024; zgjedhjet e përsëritura në Rrogozhinë, datë 23 korrik 2023; zgjedhjet e pjesshme për kryetarin e Bashkisë së Kukësit në datën 24 shtator 2023; publikimin në faqen web të KQZ-së: raporte të monitorimit të fushatës zgjedhore, raportet financiare të partive politike, si dhe raportet e auditimit për periudhën janar-dhjetor 2023, vendime të Komisionit të Ankesave dhe Sanksioneve, vendime të Komisionit Rregullator, udhëzime të Komisionerit Shtetëror, urdhra të Komisionerit Shtetëror, vendime të KSHZ-së, urdhra/vendime të nënkomisionerit, raporte të Komisionit Qendror të Zgjedhjeve dhe raportet për KQZ-në; zhvillimin e konferencës “Votimi nga jashtë vendit, rruga përpara”, në bashkëpunim me prezencën e OSBE-së në Shqipëri, në kuadër të nxitjes së palëve dhe rritjes së ndërgjegjësimit për mundësimin e votës nga jashtë vendit; angazhimin lidhur me shqyrtimin e rezultateve të Prokurorisë së Përgjithshme për vitin 2023 mbi procesin e dekriminalizimit për kandidatët për deputetë në Kuvendin e Shqipërisë 2021- 2025 dhe për anëtarë në këshillin bashkiak 2023-2027; verifikimin e thelluar për kandidatët për zgjedhjet e datës 14 maj 2023; angazhimin e KQZ-së lidhur me zëvendësimin e vakancave të njoftuara nga Kuvendi i Shqipërisë për shkak të ndërprerjes së mandatit të deputetëve; angazhimin në vendimmarrje për plotësimin e vakancave në ushtrimin e funksionit në këshillin 249 Legjislatura e 10-të Viti 2024 bashkiak gjatë vitit 2023-2024; realizimin e fondeve buxhetore në masën 92% për shpenzimet korrente, realizimin në masën 87% për shpenzime kapitale me financim të brendshëm dhe realizimin në total të buxhetit në masën 92% të planit të parashikuar për vitin 2023; realizimin e implementimit të projektit, në bashkëpunim me qeverinë britanike, mbi rritjen e informimit dhe ndërgjegjësimit të komunitetit Rom për zgjedhjet vendore të datës 14 maj 2023; nënshkrimin e marrëveshjes me qeverinë zvicerane mbi projektin që synon rritjen e transparencës dhe efektivitetin e KQZ-së nëpërmjet mjeteve digjitale; bashkëpunimin e KQZ-së me Këshillin e Europës për krijimin e platformës elektronike të raportimit financiar, e cila synon përmirësimin dhe rritjen e aksesit në informacion, transparencë dhe rritjen e cilësisë së të dhënave dhe përpunimit të tyre nga përdoruesit e platformës; nisjen e dialogut për bashkëpunimin ndërinstitucional me trupat zgjedhore në rajon dhe agjencitë e ndryshme në nivel rajonal mbi zgjerimin e përdorimit të instrumenteve digjitale në zgjedhje, me mbështetjen e International IDEA dhe Qendrës për Sundimin e Ligjit të Finlandës; pjesëmarrjen e KQZ-së gjatë vitit 2023, me ftesë dhe mbështetje financiare të institucioneve homologe, në vëzhgimin e proceseve zgjedhore lokale, parlamentare dhe presidenciale në vendet e rajonit: Estoni, Gjeorgji, Armeni dhe Moldavi; pjesëmarrjen në aktivitete ndërkombëtare në Poloni, Strasburg, Bosnjë-Hercegovinë, Kore e Jugut, Finlandë dhe Gjeorgji.', 'Vijojmë me diskutimet. Fjala për zotin Denis Deliu. Koha në dispozicion është 5 minuta. Denis Deliu – E nderuar Kryetare e Kuvendit, Të nderuar kolegë deputetë, Të nderuar qytetarë shqiptarë, Në mbështetje të nenit 103, pika 2, të Rregullores së Kuvendit, ligjit nr.', 'Faleminderit! Lindita Nikolla – Fjala për zotin Denis Deliu. Denis Deliu – E nderuar Kryetare, Të nderuar kolegë deputetë, Të nderuar qytetarë shqiptarë, Akti normativ nr.']"
468,15,468_shprehen_dhënie_diskutime_mendimi,"['shprehen', 'dhënie', 'diskutime', 'mendimi', 'grupet', 'parlamentare', 'europiane', 'shprehet', 'çështjet', 'evidentohej']","['Shprehet për dhënie mendimi Komisioni për Çështjet Europiane. Diskutime Shprehen grupet parlamentare. Koha e votimit 8.', 'Shprehet për dhënie mendimi Komisioni për Çështjet Europiane. Diskutime Shprehen grupet parlamentare. Koha e votimit 2.', 'Shprehet për dhënie mendimi Komisioni për Çështjet Europiane. Diskutime Shprehen grupet parlamentare. Koha e votimit 9.']"
